n,ID,D_ActivacionIAV_Mor,D_ActivacionICV_Mor,Opt_CalculoRagaliasIncrementales_Mor,Unc_MultPreciobaseValorGas,Opt_EscCAPEX_Perforacion,Opt_EscVentaCrudo,Unc_MultCAPEXFacilidadesIAV_Mor,Unc_MultCAPEXFacilidadesICV_Mor,Unc_MultCAPEXPerfo_UGE_Mor,Unc_MultOPEX_Mor,E_Brent,Total_VPN,volumen_Mbls,Capex,opex
0,0.0,1.0,1.0,2.0,1.0,2.0,2.0,0.7,0.7,1.0,0.7,55.0,-1348.9439835393507,70.85427533892505,3189.7618204236273,1822.8542985845722
1,1.0,1.0,1.0,2.0,1.0,1.0,1.0,0.8,0.8,0.8,0.9,45.0,-1660.0330168452972,52.38197966632623,3227.768480484145,1251.6049283326943
2,2.0,1.0,1.0,2.0,0.7,3.0,2.0,0.9,0.9,0.9,1.0,55.0,-936.8242195306373,79.01200480610302,2801.2935405446633,1812.2218958784879
3,3.0,1.0,1.0,2.0,0.3,1.0,1.0,1.0,1.0,0.7,1.0,55.0,-955.7260881838504,130.58794234320223,3317.199600605181,2538.398990952331
4,4.0,1.0,1.0,2.0,0.8,2.0,1.0,1.0,1.0,0.8,1.0,65.0,-1141.8734965604547,77.9143539830844,3274.7893206051813,1941.0505128788186
5,5.0,1.0,1.0,2.0,0.8,2.0,2.0,0.9,0.9,0.8,1.0,45.0,-1468.6417666952977,63.20979733698361,3110.630260544663,1409.4329927834892
6,6.0,1.0,1.0,2.0,0.6,2.0,1.0,0.7,0.7,0.9,0.9,45.0,-1282.3867409484776,77.404691278589,2986.036980423627,1522.6988901319362
7,7.0,1.0,1.0,2.0,0.9,2.0,2.0,0.8,0.8,0.7,0.8,55.0,-807.3018918122917,80.09403807473525,2742.746360484145,2099.721414454467
8,8.0,1.0,1.0,2.0,0.3,2.0,1.0,0.8,0.8,0.7,0.9,65.0,-128.63151369911475,130.58794234320223,2742.746360484145,2409.279968690301
9,9.0,1.0,1.0,2.0,0.1,2.0,2.0,1.0,1.0,0.9,0.9,55.0,-413.0622207304488,130.58794234320223,3478.514160605181,1577.807456468948
10,10.0,1.0,1.0,2.0,0.2,1.0,2.0,0.8,0.8,0.8,1.0,55.0,-650.166226794184,130.58794234320223,3227.768480484145,2122.6627348416546
11,11.0,1.0,1.0,2.0,0.4,3.0,2.0,0.7,0.7,0.7,0.9,45.0,-425.81860654840165,130.58794234320223,2179.539420423627,2825.016224800978
12,12.0,1.0,1.0,2.0,0.3,1.0,1.0,0.7,0.7,1.0,0.9,65.0,-771.0879003603329,130.58794234320223,3541.383420423627,2409.279968690301
13,13.0,1.0,1.0,2.0,0.1,3.0,1.0,0.7,0.7,0.9,0.9,55.0,-316.66766133432805,130.58794234320223,2472.975420423627,1577.807456468948
14,14.0,1.0,1.0,2.0,1.0,3.0,2.0,0.7,0.7,0.7,0.9,55.0,-594.566839224245,77.404691278589,2179.539420423627,2203.5834455047147
15,15.0,1.0,1.0,2.0,0.5,1.0,2.0,0.9,0.9,1.0,0.9,45.0,-1461.7521678758555,108.74404602276711,3869.7015405446637,2397.9990646992974
16,16.0,1.0,1.0,2.0,0.1,2.0,2.0,0.7,0.7,0.8,1.0,65.0,144.0832742333344,130.58794234320223,2782.312140423627,1706.9264787309778
17,17.0,1.0,1.0,2.0,0.1,2.0,2.0,1.0,1.0,0.7,0.7,65.0,138.40840956759823,130.58794234320223,3071.064480605181,1319.5694119448876
18,18.0,1.0,1.0,2.0,0.8,2.0,1.0,0.9,0.9,0.8,0.9,45.0,-1463.4463116824966,63.93268598001005,3110.630260544663,1391.815241562431
19,19.0,1.0,1.0,2.0,0.7,2.0,2.0,0.8,0.8,0.8,0.9,65.0,-682.7009633248756,118.23761052642041,2946.471200484145,3461.5883707721155
20,20.0,1.0,1.0,2.0,0.5,3.0,1.0,0.7,0.7,1.0,0.7,55.0,-740.4480151279657,118.23761052642041,2619.6934204236272,2535.160222474264
21,21.0,1.0,1.0,2.0,0.6,2.0,2.0,0.8,0.8,1.0,0.7,45.0,-1217.5538633359333,100.82881979982099,3353.920880484145,2216.916028370083
22,22.0,1.0,1.0,2.0,0.3,3.0,1.0,0.8,0.8,0.9,1.0,45.0,-975.1794682830202,101.2290504822933,2637.1344804841456,1671.560680109977
23,23.0,1.0,1.0,2.0,0.4,1.0,1.0,0.9,0.9,0.9,0.8,55.0,-970.8822362175044,130.58794234320223,3630.8145405446635,2695.897202538948
24,24.0,1.0,1.0,2.0,0.4,1.0,1.0,1.0,1.0,0.9,0.8,55.0,-1280.7194722463196,130.58794234320223,3794.973600605181,2695.897202538948
25,25.0,1.0,1.0,2.0,0.1,3.0,2.0,0.7,0.7,1.0,0.9,55.0,-241.2650908436501,130.58794234320223,2619.6934204236272,1577.807456468948
26,26.0,1.0,1.0,2.0,0.5,2.0,2.0,0.7,0.7,0.7,0.9,55.0,-606.4993991099572,127.66028995263277,2578.5873004236273,3122.738720336279
27,27.0,1.0,1.0,2.0,0.3,2.0,1.0,0.9,0.9,0.8,0.8,45.0,-962.9265607348706,130.58794234320223,3110.630260544663,2280.160946428271
28,28.0,1.0,1.0,2.0,0.4,1.0,2.0,0.9,0.9,0.9,0.8,45.0,-1151.630042066317,130.58794234320223,3630.8145405446635,2695.897202538948
29,29.0,1.0,1.0,2.0,0.9,3.0,2.0,0.7,0.7,0.8,0.9,45.0,-939.0517968743868,66.12130743186812,2326.257420423627,1597.1415882576205
30,30.0,1.0,1.0,2.0,0.5,2.0,1.0,1.0,1.0,0.9,0.8,45.0,-1414.087341179355,84.26963300998734,3478.514160605181,1501.8891544452968
31,31.0,1.0,1.0,2.0,0.5,2.0,2.0,0.7,0.7,0.7,0.8,55.0,-363.5366582709758,130.58794234320223,2578.5873004236273,3111.6334586496246
32,32.0,1.0,1.0,2.0,0.7,2.0,2.0,0.7,0.7,1.0,1.0,55.0,-1198.6887468794525,79.01200480610302,3189.7618204236273,1812.2218958784879
33,33.0,1.0,1.0,2.0,0.5,1.0,1.0,0.7,0.7,0.9,0.9,55.0,-1212.6444636568015,101.2290504822933,3302.496420423627,2130.5031738938233
34,34.0,1.0,1.0,2.0,0.2,2.0,1.0,1.0,1.0,1.0,0.9,55.0,-797.3315482268378,130.58794234320223,3682.2390006051814,1993.5437125796243
35,35.0,1.0,1.0,2.0,0.7,2.0,2.0,0.7,0.7,0.7,0.8,55.0,-548.8388589215792,111.1019126142698,2578.5873004236273,3023.0113884202383
36,36.0,1.0,1.0,2.0,0.7,3.0,1.0,0.7,0.7,0.9,0.7,55.0,-655.2837030874464,97.69713597956785,2472.975420423627,2360.0461621054596
37,37.0,1.0,1.0,2.0,0.5,1.0,1.0,0.8,0.8,0.9,0.7,65.0,-859.2100260168102,130.58794234320223,3466.655480484145,2982.5144363875947
38,38.0,1.0,1.0,2.0,0.6,3.0,1.0,1.0,1.0,0.7,0.9,65.0,-346.38581851990006,130.58794234320223,2672.0166006051813,3656.4887370223314
39,39.0,1.0,1.0,2.0,0.7,2.0,2.0,1.0,1.0,0.8,1.0,55.0,-1195.4882023503505,79.01200480610302,3274.7893206051813,1812.2218958784879
40,40.0,1.0,1.0,2.0,0.2,3.0,2.0,0.7,0.7,0.7,1.0,55.0,50.90976151751617,130.58794234320223,2179.539420423627,2122.6627348416546
41,41.0,1.0,1.0,2.0,0.7,1.0,1.0,1.0,1.0,0.7,1.0,65.0,-1072.7370835515962,90.2139868922699,3317.199600605181,2276.9783885031716
42,42.0,1.0,1.0,2.0,0.4,1.0,2.0,0.8,0.8,1.0,0.9,55.0,-1096.6407114138758,130.58794234320223,3705.542480484145,2825.016224800978
43,43.0,1.0,1.0,2.0,0.8,1.0,1.0,0.9,0.9,0.9,0.8,55.0,-1609.0914460564666,73.94929829919676,3630.8145405446635,1680.4472557411502
44,44.0,1.0,1.0,2.0,0.8,1.0,1.0,0.8,0.8,0.9,1.0,55.0,-1582.2014445147875,68.90193226572049,3466.655480484145,1602.222827032355
45,45.0,1.0,1.0,2.0,0.6,2.0,1.0,1.0,1.0,0.8,0.7,55.0,-947.5788114784344,119.96669715945328,3274.7893206051813,2958.6248491157594
46,46.0,1.0,1.0,2.0,0.8,3.0,2.0,1.0,1.0,0.9,0.9,45.0,-1349.1805516999486,63.93268598001005,2965.452600605181,1391.815241562431
47,47.0,1.0,1.0,2.0,0.2,1.0,1.0,0.9,0.9,0.7,0.9,45.0,-903.8770929335243,130.58794234320223,3153.0405405446627,1993.5437125796243
48,48.0,1.0,1.0,2.0,0.4,2.0,1.0,0.7,0.7,0.8,0.7,45.0,-889.5605262572941,123.94374175228508,2782.312140423627,2356.7133049312297
49,49.0,1.0,1.0,2.0,0.9,1.0,2.0,0.9,0.9,0.8,0.9,55.0,-1407.7080691455355,74.54606869299404,3391.9275405446633,1914.2652504359296
50,50.0,1.0,1.0,2.0,0.4,1.0,1.0,0.9,0.9,0.8,0.7,55.0,-804.8853320018461,130.58794234320223,3391.9275405446633,2566.7781802769177
51,51.0,1.0,1.0,2.0,0.6,2.0,1.0,0.9,0.9,0.9,0.7,55.0,-1230.3400499847878,90.2139868922699,3314.3551005446634,1839.7432269498067
52,52.0,1.0,1.0,2.0,0.1,3.0,1.0,0.8,0.8,0.9,0.8,55.0,-351.36816909534366,130.58794234320223,2637.1344804841456,1448.6884342069175
53,53.0,1.0,1.0,2.0,0.3,3.0,1.0,1.0,1.0,0.9,0.8,65.0,-177.80193886591144,130.58794234320223,2965.452600605181,2280.160946428271
54,54.0,1.0,1.0,2.0,0.2,1.0,1.0,0.8,0.8,0.7,1.0,55.0,-694.046941568118,130.58794234320223,2988.881480484145,2122.6627348416546
55,55.0,1.0,1.0,2.0,0.7,1.0,1.0,0.8,0.8,1.0,0.9,55.0,-1424.7906780349572,84.26963300998734,3705.542480484145,1962.1314659160262
56,56.0,1.0,1.0,2.0,0.8,3.0,1.0,0.8,0.8,0.7,0.9,65.0,-606.6708715620571,81.17930207352828,2343.698480484145,2024.4443352945295
57,57.0,1.0,1.0,2.0,0.1,3.0,1.0,0.8,0.8,0.9,0.8,55.0,-182.26083416445948,130.58794234320223,2637.1344804841456,1448.6884342069175
58,58.0,1.0,1.0,2.0,0.3,3.0,1.0,1.0,1.0,0.7,0.9,55.0,-567.531927163534,130.58794234320223,2672.0166006051813,2409.279968690301
59,59.0,1.0,1.0,2.0,0.8,2.0,2.0,0.7,0.7,0.9,0.9,45.0,-1252.45624185693,74.54606869299404,2986.036980423627,1754.0556283649212
60,60.0,1.0,1.0,2.0,0.4,3.0,1.0,0.9,0.9,0.9,0.8,55.0,-532.2418525367503,130.58794234320223,2801.2935405446633,2695.897202538948
61,61.0,1.0,1.0,2.0,0.4,1.0,2.0,0.7,0.7,0.9,1.0,55.0,-923.49091604432,130.58794234320223,3302.496420423627,2954.135247063008
62,62.0,1.0,1.0,2.0,0.4,3.0,1.0,0.7,0.7,0.8,1.0,55.0,-385.6547476989973,130.58794234320223,2326.257420423627,2954.135247063008
63,63.0,1.0,1.0,2.0,0.4,1.0,1.0,0.7,0.7,0.8,1.0,55.0,-984.0496603171872,119.96669715945328,3063.6094204236274,2570.670165925655
64,64.0,1.0,1.0,2.0,0.5,2.0,2.0,0.8,0.8,1.0,0.9,55.0,-1012.8520198773709,127.66028995263277,3353.920880484145,3122.738720336279
65,65.0,1.0,1.0,2.0,1.0,1.0,2.0,0.9,0.9,0.8,1.0,55.0,-1298.937248258177,76.83579636842755,3391.9275405446633,2230.448946744862
66,66.0,1.0,1.0,2.0,0.5,3.0,2.0,1.0,1.0,0.8,0.9,55.0,-468.5072476416742,130.58794234320223,2818.734600605181,3240.752480911655
67,67.0,1.0,1.0,2.0,0.9,2.0,2.0,1.0,1.0,0.9,1.0,45.0,-1730.80789025328,58.508503492874055,3478.514160605181,1375.6026122407486
68,68.0,1.0,1.0,2.0,0.7,2.0,1.0,0.9,0.9,0.8,0.8,55.0,-1225.4689712397883,77.404691278589,3110.630260544663,1637.2120226337122
69,69.0,1.0,1.0,2.0,0.4,3.0,2.0,0.7,0.7,0.9,0.9,65.0,63.183033878808985,130.58794234320223,2472.975420423627,2825.016224800978
70,70.0,1.0,1.0,2.0,0.3,3.0,2.0,0.8,0.8,0.7,0.7,45.0,-327.16317166491217,130.58794234320223,2343.698480484145,2151.041924166241
71,71.0,1.0,1.0,2.0,0.6,3.0,2.0,0.9,0.9,0.9,0.7,55.0,-728.7470137674279,115.69454427575643,2801.2935405446633,2787.1379118847613
72,72.0,1.0,1.0,2.0,0.9,1.0,2.0,0.7,0.7,0.9,0.7,65.0,-763.8883822622042,118.9423742018294,3302.496420423627,3988.661538201384
73,73.0,1.0,1.0,2.0,1.0,1.0,2.0,0.8,0.8,1.0,0.7,65.0,-1344.6815018819398,77.9143539830844,3705.542480484145,2116.5839612843088
74,74.0,1.0,1.0,2.0,1.0,2.0,2.0,0.9,0.9,1.0,1.0,55.0,-1579.0142593486212,63.93268598001005,3518.0799405446633,1687.5711170375644
75,75.0,1.0,1.0,2.0,1.0,2.0,2.0,0.9,0.9,0.7,0.7,55.0,-1146.025219340045,70.85427533892505,2906.9054205446632,1822.8542985845722
76,76.0,1.0,1.0,2.0,0.3,1.0,2.0,0.9,0.9,0.8,1.0,55.0,-825.566888164261,130.58794234320223,3391.9275405446633,2538.398990952331
77,77.0,1.0,1.0,2.0,0.1,3.0,1.0,0.8,0.8,0.9,0.7,65.0,143.70439051651533,130.58794234320223,2637.1344804841456,1319.5694119448876
78,78.0,1.0,1.0,2.0,0.4,2.0,1.0,0.8,0.8,1.0,1.0,45.0,-1333.8050326748446,99.04983837448052,3353.920880484145,1875.419096127356
79,79.0,1.0,1.0,2.0,1.0,1.0,1.0,0.7,0.7,1.0,0.7,65.0,-1196.162208479255,82.74649910419797,3541.383420423627,2352.4717332831874
80,80.0,1.0,1.0,2.0,0.9,1.0,1.0,0.9,0.9,0.8,0.7,55.0,-1520.1906317810392,68.90193226572049,3391.9275405446633,1604.7141682449471
81,81.0,1.0,1.0,2.0,0.7,3.0,2.0,0.7,0.7,0.9,0.7,55.0,-682.5713588116474,95.436170704721,2472.975420423627,2269.1810887325983
82,82.0,1.0,1.0,2.0,0.7,3.0,1.0,0.9,0.9,0.8,0.7,55.0,-725.2190531838619,97.69713597956785,2654.5755405446635,2360.0461621054596
83,83.0,1.0,1.0,2.0,0.2,1.0,1.0,1.0,1.0,0.9,0.7,65.0,-463.50934647396474,130.58794234320223,3794.973600605181,1735.3056680555642
84,84.0,1.0,1.0,2.0,0.4,3.0,2.0,0.9,0.9,1.0,0.7,45.0,-731.0712567603989,130.58794234320223,2948.011540544663,2566.7781802769177
85,85.0,1.0,1.0,2.0,0.5,1.0,2.0,0.7,0.7,1.0,0.9,55.0,-1137.8130047609486,127.66028995263277,3541.383420423627,3122.738720336279
86,86.0,1.0,1.0,2.0,0.4,3.0,1.0,0.7,0.7,0.8,0.9,45.0,-706.3225456948552,106.29108532121222,2326.257420423627,2013.6914606638097
87,87.0,1.0,1.0,2.0,0.5,1.0,1.0,0.8,0.8,0.8,1.0,45.0,-1503.0459972286224,73.34474891161356,3227.768480484145,1292.9186963412244
88,88.0,1.0,1.0,2.0,0.4,3.0,2.0,0.9,0.9,0.8,1.0,55.0,-333.3518453912002,130.58794234320223,2654.5755405446635,2954.135247063008
89,89.0,1.0,1.0,2.0,0.5,2.0,2.0,0.8,0.8,1.0,0.7,55.0,-714.8123625711213,130.58794234320223,3353.920880484145,2982.5144363875947
90,90.0,1.0,1.0,2.0,0.6,1.0,1.0,0.8,0.8,1.0,0.7,45.0,-1784.8700461015462,73.34474891161356,3705.542480484145,1295.6286481007933
91,91.0,1.0,1.0,2.0,0.5,3.0,1.0,0.7,0.7,0.8,0.8,65.0,-94.93232734747286,130.58794234320223,2326.257420423627,3111.6334586496246
92,92.0,1.0,1.0,2.0,0.6,3.0,2.0,1.0,1.0,0.9,0.9,65.0,-313.5300541403163,130.58794234320223,2965.452600605181,3656.4887370223314
93,93.0,1.0,1.0,2.0,0.1,2.0,2.0,0.7,0.7,0.7,0.9,55.0,-217.35861617124303,130.58794234320223,2578.5873004236273,1577.807456468948
94,94.0,1.0,1.0,2.0,0.4,3.0,2.0,0.9,0.9,0.7,0.7,55.0,-371.6254867855208,130.58794234320223,2507.857540544663,2566.7781802769177
95,95.0,1.0,1.0,2.0,0.3,2.0,2.0,0.9,0.9,0.7,0.8,55.0,-505.5144352398382,130.58794234320223,2906.9054205446632,2280.160946428271
96,96.0,1.0,1.0,2.0,0.6,2.0,2.0,0.8,0.8,0.8,1.0,55.0,-936.1065938246355,97.69713597956785,2946.471200484145,2346.2018693187733
97,97.0,1.0,1.0,2.0,0.2,3.0,2.0,0.9,0.9,1.0,0.8,55.0,-234.41628067064715,130.58794234320223,2948.011540544663,1864.4246903175942
98,98.0,1.0,1.0,2.0,0.8,3.0,1.0,0.8,0.8,1.0,0.9,55.0,-967.844006569681,77.404691278589,2783.8524804841454,1863.1411678183256
99,99.0,1.0,1.0,2.0,0.6,1.0,1.0,1.0,1.0,1.0,0.7,55.0,-1635.3794091341629,90.2139868922699,4033.8606006051814,1839.7432269498067
100,100.0,1.0,1.0,2.0,0.3,2.0,1.0,0.9,0.9,0.9,0.8,55.0,-693.0443894524342,130.58794234320223,3314.3551005446634,2280.160946428271
101,101.0,1.0,1.0,2.0,0.1,1.0,1.0,1.0,1.0,0.7,0.9,55.0,-692.295857416495,130.58794234320223,3317.199600605181,1577.807456468948
102,102.0,1.0,1.0,2.0,0.5,2.0,2.0,0.7,0.7,0.7,0.8,65.0,-43.67803684696893,130.58794234320223,2578.5873004236273,3111.6334586496246
103,103.0,1.0,1.0,2.0,0.7,1.0,1.0,1.0,1.0,0.9,0.7,45.0,-1735.0011623857943,74.54606869299404,3794.973600605181,1488.8729725612784
104,104.0,1.0,1.0,2.0,0.4,2.0,2.0,0.8,0.8,1.0,0.8,55.0,-865.3765814843812,130.58794234320223,3353.920880484145,2695.897202538948
105,105.0,1.0,1.0,2.0,0.8,1.0,2.0,0.9,0.9,1.0,0.8,65.0,-1257.5413930630107,104.23114909645169,3869.7015405446637,3004.4005918978564
106,106.0,1.0,1.0,2.0,0.8,1.0,2.0,0.8,0.8,0.8,1.0,55.0,-1274.437781557929,77.404691278589,3227.768480484145,1918.849174159744
107,107.0,1.0,1.0,2.0,1.0,2.0,2.0,0.8,0.8,0.9,0.7,55.0,-1096.4996283901933,77.404691278589,3150.196040484145,2092.1674328218774
108,108.0,1.0,1.0,2.0,0.5,1.0,2.0,1.0,1.0,0.7,1.0,55.0,-757.9943596652167,130.58794234320223,3317.199600605181,3369.8715031736847
109,109.0,1.0,1.0,2.0,0.2,1.0,1.0,0.8,0.8,0.9,1.0,55.0,-749.9419906587682,130.58794234320223,3466.655480484145,2122.6627348416546
110,110.0,1.0,1.0,2.0,0.9,3.0,2.0,0.7,0.7,0.7,0.9,55.0,-731.5455578668532,74.54606869299404,2179.539420423627,1914.2652504359296
111,111.0,1.0,1.0,2.0,0.9,2.0,1.0,0.7,0.7,0.7,0.9,55.0,-1117.9162856374144,63.93268598001005,2578.5873004236273,1518.8140053338082
112,112.0,1.0,1.0,2.0,0.6,2.0,2.0,0.8,0.8,0.9,0.9,55.0,-779.3486146168405,130.29885231276955,3150.196040484145,3643.27524869364
113,113.0,1.0,1.0,2.0,0.7,3.0,1.0,1.0,1.0,0.9,0.8,55.0,-1125.2993463445966,77.404691278589,2965.452600605181,1637.2120226337122
114,114.0,1.0,1.0,2.0,0.9,2.0,2.0,0.7,0.7,0.8,0.9,55.0,-1084.9567996376775,74.54606869299404,2782.312140423627,1914.2652504359296
115,115.0,1.0,1.0,2.0,0.9,2.0,2.0,1.0,1.0,0.9,0.7,45.0,-1513.0165171038511,70.85427533892505,3478.514160605181,1674.544474373808
116,116.0,1.0,1.0,2.0,0.3,2.0,1.0,0.9,0.9,0.7,1.0,55.0,-743.1906224322845,130.58794234320223,2906.9054205446632,2538.398990952331
117,117.0,1.0,1.0,2.0,0.5,3.0,1.0,0.9,0.9,0.8,0.9,55.0,-588.885929749643,127.66028995263277,2654.5755405446635,3122.738720336279
118,118.0,1.0,1.0,2.0,0.4,3.0,2.0,0.8,0.8,1.0,0.7,65.0,-16.44024315514865,130.58794234320223,2783.8524804841454,2566.7781802769177
119,119.0,1.0,1.0,2.0,0.7,2.0,1.0,0.9,0.9,0.7,0.8,45.0,-1387.2466913766782,63.20979733698361,2906.9054205446632,1202.4419914078144
120,120.0,1.0,1.0,2.0,0.7,2.0,1.0,1.0,1.0,0.7,0.7,55.0,-948.4913885611619,97.69713597956785,3071.064480605181,2360.0461621054596
121,121.0,1.0,1.0,2.0,0.4,2.0,1.0,0.9,0.9,0.7,0.7,55.0,-749.0045019721667,130.58794234320223,2906.9054205446632,2566.7781802769177
122,122.0,1.0,1.0,2.0,0.4,2.0,2.0,0.8,0.8,1.0,0.8,55.0,-865.3765814843812,130.58794234320223,3353.920880484145,2695.897202538948
123,123.0,1.0,1.0,2.0,0.5,3.0,2.0,0.9,0.9,1.0,0.9,65.0,-474.07749833075525,130.58794234320223,2948.011540544663,3240.752480911655
124,124.0,1.0,1.0,2.0,0.6,2.0,1.0,0.7,0.7,0.7,1.0,55.0,-922.2564261856661,77.9143539830844,2578.5873004236273,1596.573875483757
125,125.0,1.0,1.0,2.0,0.1,3.0,2.0,1.0,1.0,0.9,1.0,45.0,-680.956249921848,130.58794234320223,2965.452600605181,1706.9264787309778
126,126.0,1.0,1.0,2.0,0.6,1.0,1.0,0.9,0.9,0.8,0.8,65.0,-700.606736368852,130.58794234320223,3391.9275405446633,3527.3697147603016
127,127.0,1.0,1.0,2.0,0.9,2.0,2.0,0.9,0.9,0.9,1.0,55.0,-1175.8143462559915,77.404691278589,3314.3551005446634,2089.0703130029387
128,128.0,1.0,1.0,2.0,0.3,2.0,2.0,0.8,0.8,1.0,0.9,55.0,-790.8437369978368,130.58794234320223,3353.920880484145,2409.279968690301
129,129.0,1.0,1.0,2.0,0.2,3.0,2.0,1.0,1.0,1.0,0.7,55.0,-269.3646319458869,130.58794234320223,3112.170600605181,1735.3056680555642
130,130.0,1.0,1.0,2.0,1.0,3.0,2.0,0.9,0.9,0.8,1.0,55.0,-868.381571512471,76.83579636842755,2654.5755405446635,2230.448946744862
131,131.0,1.0,1.0,2.0,0.7,2.0,1.0,0.8,0.8,0.8,0.9,45.0,-1323.8272869304096,68.90193226572049,2946.471200484145,1413.5794743689846
132,132.0,1.0,1.0,2.0,0.2,3.0,1.0,0.7,0.7,0.7,1.0,55.0,-294.8647526576128,130.58794234320223,2179.539420423627,2122.6627348416546
133,133.0,1.0,1.0,2.0,0.5,3.0,2.0,0.8,0.8,0.7,1.0,45.0,-821.9023358820276,77.9143539830844,2343.698480484145,1424.3355567862263
134,134.0,1.0,1.0,2.0,0.2,3.0,2.0,0.7,0.7,0.7,0.7,55.0,-56.60223924555862,130.58794234320223,2179.539420423627,1735.3056680555642
135,135.0,1.0,1.0,2.0,0.9,3.0,1.0,0.7,0.7,1.0,0.7,55.0,-913.0336573403895,77.404691278589,2619.6934204236272,1921.946293978683
136,136.0,1.0,1.0,2.0,0.3,1.0,2.0,0.7,0.7,0.7,0.8,55.0,-291.9134115763168,130.58794234320223,2824.7224204236268,2280.160946428271
137,137.0,1.0,1.0,2.0,1.0,1.0,2.0,1.0,1.0,0.8,1.0,65.0,-1294.3639792739064,77.404691278589,3556.0866006051815,2259.2914518461334
138,138.0,1.0,1.0,2.0,0.9,2.0,2.0,0.9,0.9,0.9,1.0,55.0,-1386.896072000445,73.34474891161356,3314.3551005446634,1917.8555934003225
139,139.0,1.0,1.0,2.0,0.4,1.0,2.0,0.8,0.8,1.0,0.7,65.0,-710.974355514461,130.58794234320223,3705.542480484145,2566.7781802769177
140,140.0,1.0,1.0,2.0,0.8,3.0,2.0,0.7,0.7,0.8,0.7,55.0,-474.6599388391866,101.2290504822933,2326.257420423627,2776.171395463758
141,141.0,1.0,1.0,2.0,0.9,3.0,2.0,0.9,0.9,0.8,0.8,55.0,-953.3855837138844,76.26200830265213,2654.5755405446635,1929.435537304272
142,142.0,1.0,1.0,2.0,0.6,1.0,2.0,1.0,1.0,0.7,0.9,65.0,-487.7437182024607,130.58794234320223,3317.199600605181,3656.4887370223314
143,143.0,1.0,1.0,2.0,0.5,1.0,2.0,0.7,0.7,0.7,0.9,45.0,-1087.7246121955143,83.79852469307862,2824.7224204236268,1550.5390293297644
144,144.0,1.0,1.0,2.0,0.3,3.0,2.0,0.8,0.8,0.8,0.8,55.0,-313.0910423771999,130.58794234320223,2490.4164804841457,2280.160946428271
145,145.0,1.0,1.0,2.0,0.3,2.0,1.0,0.9,0.9,0.9,0.7,55.0,-660.2125122248432,130.58794234320223,3314.3551005446634,2151.041924166241
146,146.0,1.0,1.0,2.0,0.8,2.0,1.0,0.9,0.9,0.9,0.8,55.0,-1235.4222886794632,77.404691278589,3314.3551005446634,1807.4331614769067
147,147.0,1.0,1.0,2.0,0.9,3.0,2.0,0.8,0.8,1.0,1.0,55.0,-1094.9112175623545,73.34474891161356,2783.8524804841454,1917.8555934003225
148,148.0,1.0,1.0,2.0,0.7,3.0,1.0,1.0,1.0,1.0,0.7,45.0,-1337.4744613787107,74.54606869299404,3112.170600605181,1488.8729725612784
149,149.0,1.0,1.0,2.0,0.2,3.0,2.0,0.9,0.9,0.8,0.9,45.0,-605.0193100002982,130.58794234320223,2654.5755405446635,1993.5437125796243
150,150.0,1.0,1.0,2.0,0.6,1.0,1.0,1.0,1.0,0.9,0.7,55.0,-1494.376254478303,90.2139868922699,3794.973600605181,1839.7432269498067
151,151.0,1.0,1.0,2.0,1.0,1.0,1.0,0.7,0.7,0.9,1.0,65.0,-1129.4778630775836,77.404691278589,3302.496420423627,2259.2914518461334
152,152.0,1.0,1.0,2.0,0.4,1.0,2.0,1.0,1.0,0.7,0.8,55.0,-587.5088387296423,130.58794234320223,3317.199600605181,2695.897202538948
153,153.0,1.0,1.0,2.0,0.8,3.0,1.0,0.9,0.9,0.8,0.7,65.0,-707.7509909888026,89.76944496161494,2654.5755405446635,2267.3014057325654
154,154.0,1.0,1.0,2.0,0.8,2.0,2.0,0.9,0.9,1.0,0.9,55.0,-1181.4496019270168,89.76944496161494,3518.0799405446633,2408.628391759586
155,155.0,1.0,1.0,2.0,0.1,1.0,1.0,0.8,0.8,0.9,0.8,55.0,-584.3886559506288,130.58794234320223,3466.655480484145,1448.6884342069175
156,156.0,1.0,1.0,2.0,0.1,1.0,1.0,1.0,1.0,1.0,1.0,45.0,-1507.0613953421519,130.58794234320223,4033.8606006051814,1706.9264787309778
157,157.0,1.0,1.0,2.0,0.7,2.0,1.0,1.0,1.0,0.7,0.9,65.0,-894.584032954382,99.93630214573125,3071.064480605181,2618.3171114474944
158,158.0,1.0,1.0,2.0,0.7,3.0,2.0,0.9,0.9,0.8,0.7,55.0,-531.7138774832086,119.96669715945328,2654.5755405446635,3320.861015668198
159,159.0,1.0,1.0,2.0,1.0,1.0,2.0,1.0,1.0,0.8,1.0,45.0,-1823.1260466995,52.38197966632623,3556.0866006051815,1283.627474944131
160,160.0,1.0,1.0,2.0,1.0,2.0,2.0,0.8,0.8,1.0,0.8,55.0,-1241.377241426444,77.404691278589,3353.920880484145,2147.875439163296
161,161.0,1.0,1.0,2.0,0.6,1.0,2.0,0.7,0.7,0.7,1.0,65.0,-574.8729833328517,130.58794234320223,2824.7224204236268,3785.6077592843617
162,162.0,1.0,1.0,2.0,0.4,3.0,2.0,0.7,0.7,0.8,1.0,55.0,-201.43606847039055,130.58794234320223,2326.257420423627,2954.135247063008
163,163.0,1.0,1.0,2.0,0.9,2.0,1.0,0.8,0.8,1.0,0.9,65.0,-1036.3052806083465,87.79537208254564,3353.920880484145,2531.914739074005
164,164.0,1.0,1.0,2.0,0.7,3.0,2.0,1.0,1.0,0.9,0.7,45.0,-1062.9350752551995,79.01200480610302,2965.452600605181,1639.4580769054007
165,165.0,1.0,1.0,2.0,0.2,2.0,1.0,0.9,0.9,1.0,1.0,65.0,-431.956833440034,130.58794234320223,3518.0799405446633,2122.6627348416546
166,166.0,1.0,1.0,2.0,0.1,3.0,1.0,1.0,1.0,0.8,0.7,55.0,-207.48261095621996,130.58794234320223,2818.734600605181,1319.5694119448876
167,167.0,1.0,1.0,2.0,0.5,1.0,1.0,0.7,0.7,1.0,0.8,65.0,-951.9653056100357,130.58794234320223,3541.383420423627,3111.6334586496246
168,168.0,1.0,1.0,2.0,0.4,1.0,2.0,0.7,0.7,0.8,0.7,55.0,-691.4915483432252,130.58794234320223,3063.6094204236274,2566.7781802769177
169,169.0,1.0,1.0,2.0,1.0,2.0,1.0,0.9,0.9,1.0,1.0,55.0,-1555.7706316504502,66.12130743186812,3518.0799405446633,1774.6017647306892
170,170.0,1.0,1.0,2.0,0.7,3.0,2.0,0.7,0.7,0.9,1.0,65.0,-478.5245872771615,111.1019126142698,2472.975420423627,3221.2098128548946
171,171.0,1.0,1.0,2.0,0.1,2.0,2.0,0.8,0.8,0.8,0.9,55.0,-189.69544760237048,130.58794234320223,2946.471200484145,1577.807456468948
172,172.0,1.0,1.0,2.0,0.9,2.0,2.0,0.7,0.7,1.0,0.7,65.0,-969.35817400117,90.2139868922699,3189.7618204236273,2510.2660133068616
173,173.0,1.0,1.0,2.0,0.1,3.0,2.0,0.9,0.9,0.7,0.8,55.0,66.04925524764994,130.58794234320223,2507.857540544663,1448.6884342069175
174,174.0,1.0,1.0,2.0,0.2,1.0,2.0,0.7,0.7,0.7,0.7,65.0,121.63217366962554,130.58794234320223,2824.7224204236268,1735.3056680555642
175,175.0,1.0,1.0,2.0,0.4,2.0,1.0,0.8,0.8,0.9,0.8,65.0,-394.14075946883077,130.58794234320223,3150.196040484145,2695.897202538948
176,176.0,1.0,1.0,2.0,0.6,1.0,2.0,1.0,1.0,0.7,1.0,65.0,-519.7147804787845,130.58794234320223,3317.199600605181,3785.6077592843617
177,177.0,1.0,1.0,2.0,0.2,1.0,2.0,1.0,1.0,0.8,0.8,65.0,-436.2383176962807,130.58794234320223,3556.0866006051815,1864.4246903175942
178,178.0,1.0,1.0,2.0,0.9,1.0,1.0,1.0,1.0,1.0,0.9,65.0,-1636.817783216868,77.404691278589,4033.8606006051814,2033.36230666152
179,179.0,1.0,1.0,2.0,0.3,2.0,2.0,0.9,0.9,0.9,0.8,55.0,-718.1732811425529,130.58794234320223,3314.3551005446634,2280.160946428271
180,180.0,1.0,1.0,2.0,0.4,3.0,1.0,0.8,0.8,0.7,0.9,55.0,-344.46146221339336,130.58794234320223,2343.698480484145,2825.016224800978
181,181.0,1.0,1.0,2.0,0.1,1.0,1.0,0.8,0.8,0.9,0.7,55.0,-739.3113170229554,130.58794234320223,3466.655480484145,1319.5694119448876
182,182.0,1.0,1.0,2.0,1.0,1.0,2.0,0.9,0.9,1.0,0.9,55.0,-1763.8436205883227,68.90193226572049,3869.7015405446637,1839.8955237710124
183,183.0,1.0,1.0,2.0,0.4,2.0,1.0,0.7,0.7,1.0,0.9,55.0,-1018.1035337177962,127.66028995263277,3189.7618204236273,2721.9149697484
184,184.0,1.0,1.0,2.0,0.6,2.0,1.0,1.0,1.0,0.8,0.7,55.0,-1189.1161882391068,90.2139868922699,3274.7893206051813,1839.7432269498067
185,185.0,1.0,1.0,2.0,0.8,3.0,1.0,1.0,1.0,0.9,0.7,65.0,-624.0134798360245,115.69454427575643,2965.452600605181,3469.404425723866
186,186.0,1.0,1.0,2.0,0.5,3.0,2.0,0.9,0.9,0.9,0.7,45.0,-975.2366238816,99.04983837448052,2801.2935405446633,1890.0044814962653
187,187.0,1.0,1.0,2.0,0.8,3.0,2.0,0.8,0.8,0.7,0.9,45.0,-1016.3858555962966,63.93268598001005,2343.698480484145,1391.815241562431
188,188.0,1.0,1.0,2.0,0.4,1.0,1.0,0.7,0.7,0.7,0.7,55.0,-738.0355077799301,130.58794234320223,2824.7224204236268,2566.7781802769177
189,189.0,1.0,1.0,2.0,1.0,3.0,2.0,0.9,0.9,0.9,0.7,55.0,-1087.0794561905352,70.85427533892505,2801.2935405446633,1822.8542985845722
190,190.0,1.0,1.0,2.0,0.5,3.0,1.0,1.0,1.0,1.0,0.8,55.0,-785.8591077812601,130.58794234320223,3112.170600605181,3111.6334586496246
191,191.0,1.0,1.0,2.0,0.2,3.0,2.0,0.9,0.9,1.0,1.0,55.0,-290.07504336981594,130.58794234320223,2948.011540544663,2122.6627348416546
192,192.0,1.0,1.0,2.0,0.2,2.0,1.0,1.0,1.0,0.8,1.0,55.0,-616.35377251929,130.58794234320223,3274.7893206051813,2122.6627348416546
193,193.0,1.0,1.0,2.0,0.1,2.0,2.0,0.7,0.7,1.0,1.0,45.0,-672.3832508832711,130.58794234320223,3189.7618204236273,1706.9264787309778
194,194.0,1.0,1.0,2.0,1.0,2.0,1.0,0.7,0.7,1.0,0.8,55.0,-1526.1508503399737,60.93331026846043,3189.7618204236273,1497.4217803905774
195,195.0,1.0,1.0,2.0,0.7,3.0,1.0,0.9,0.9,0.9,0.8,55.0,-845.2704563289718,90.2139868922699,2801.2935405446633,2134.4933444358294
196,196.0,1.0,1.0,2.0,0.4,3.0,1.0,0.7,0.7,1.0,0.7,55.0,-441.84654639859934,130.58794234320223,2619.6934204236272,2566.7781802769177
197,197.0,1.0,1.0,2.0,0.6,2.0,1.0,0.7,0.7,1.0,0.7,55.0,-951.3165432552984,119.96669715945328,3189.7618204236273,2958.6248491157594
198,198.0,1.0,1.0,2.0,0.8,2.0,2.0,1.0,1.0,1.0,0.7,55.0,-1436.4502275472275,77.9143539830844,3682.2390006051814,1772.107323889247
199,199.0,1.0,1.0,2.0,0.1,1.0,2.0,0.8,0.8,0.8,1.0,55.0,-548.9179388690459,130.58794234320223,3227.768480484145,1706.9264787309778
200,200.0,1.0,1.0,2.0,0.5,3.0,1.0,0.9,0.9,0.8,1.0,45.0,-1005.0974794649604,77.404691278589,2654.5755405446635,1408.1857576301604
201,201.0,1.0,1.0,2.0,0.3,2.0,2.0,1.0,1.0,0.7,1.0,45.0,-974.971930470908,127.66028995263277,3071.064480605181,2445.3823266490635
202,202.0,1.0,1.0,2.0,0.4,1.0,2.0,0.8,0.8,1.0,1.0,55.0,-1134.5946840464867,130.58794234320223,3705.542480484145,2954.135247063008
203,203.0,1.0,1.0,2.0,0.6,1.0,1.0,0.7,0.7,0.7,0.8,55.0,-776.9841803030863,111.1019126142698,2824.7224204236268,2704.4088611800084
204,204.0,1.0,1.0,2.0,0.9,1.0,1.0,0.9,0.9,1.0,1.0,55.0,-1862.951524347156,63.93268598001005,3869.7015405446637,1560.5723532661873
205,205.0,1.0,1.0,2.0,1.0,1.0,1.0,0.7,0.7,0.7,0.8,55.0,-1308.4625258515655,60.93331026846043,2824.7224204236268,1497.4217803905774
206,206.0,1.0,1.0,2.0,0.3,3.0,2.0,0.7,0.7,0.9,0.9,55.0,-353.6270371207444,130.58794234320223,2472.975420423627,2409.279968690301
207,207.0,1.0,1.0,2.0,1.0,1.0,2.0,1.0,1.0,0.7,0.9,55.0,-1420.0813355830046,68.90193226572049,3317.199600605181,1839.8955237710124
208,208.0,1.0,1.0,2.0,0.5,3.0,1.0,0.7,0.7,0.9,0.9,55.0,-529.1402959836984,127.66028995263277,2472.975420423627,3122.738720336279
209,209.0,1.0,1.0,2.0,0.8,2.0,2.0,0.7,0.7,1.0,1.0,65.0,-962.1200184552038,95.436170704721,3189.7618204236273,2749.1131471002905
210,210.0,1.0,1.0,2.0,0.8,2.0,1.0,1.0,1.0,0.7,0.7,55.0,-1049.2382100679395,79.01200480610302,3071.064480605181,1816.0784339484767
211,211.0,1.0,1.0,2.0,0.1,1.0,2.0,0.7,0.7,0.7,1.0,55.0,-363.9013444878898,130.58794234320223,2824.7224204236268,1706.9264787309778
212,212.0,1.0,1.0,2.0,0.7,1.0,2.0,0.8,0.8,0.9,0.8,55.0,-1020.280560739744,111.1019126142698,3466.655480484145,3023.0113884202383
213,213.0,1.0,1.0,2.0,1.0,2.0,1.0,0.9,0.9,0.8,0.8,65.0,-934.1932312376757,79.56374863167103,3110.630260544663,2254.2407578281163
214,214.0,1.0,1.0,2.0,0.5,1.0,2.0,1.0,1.0,1.0,0.7,55.0,-1297.8863363663652,130.58794234320223,4033.8606006051814,2982.5144363875947
215,215.0,1.0,1.0,2.0,0.5,1.0,1.0,1.0,1.0,0.9,0.7,55.0,-1126.900623511948,130.58794234320223,3794.973600605181,2982.5144363875947
216,216.0,1.0,1.0,2.0,0.2,2.0,1.0,1.0,1.0,0.7,1.0,65.0,-194.80608412394665,130.58794234320223,3071.064480605181,2122.6627348416546
217,217.0,1.0,1.0,2.0,0.5,1.0,2.0,0.7,0.7,0.9,0.7,55.0,-703.4150331322304,130.58794234320223,3302.496420423627,2982.5144363875947
218,218.0,1.0,1.0,2.0,1.0,1.0,1.0,1.0,1.0,0.7,1.0,55.0,-1582.4418972653948,58.508503492874055,3317.199600605181,1487.4053213601946
219,219.0,1.0,1.0,2.0,0.1,2.0,1.0,0.7,0.7,0.7,0.9,55.0,-195.21578809604094,130.58794234320223,2578.5873004236273,1577.807456468948
220,220.0,1.0,1.0,2.0,0.1,1.0,1.0,0.8,0.8,0.9,0.8,55.0,-584.3886559506288,130.58794234320223,3466.655480484145,1448.6884342069175
221,221.0,1.0,1.0,2.0,1.0,3.0,2.0,1.0,1.0,0.9,1.0,45.0,-1349.7181106407002,60.12499419562551,2965.452600605181,1545.8625242348296
222,222.0,1.0,1.0,2.0,0.3,3.0,2.0,0.9,0.9,1.0,1.0,55.0,-385.02356373244976,130.58794234320223,2948.011540544663,2538.398990952331
223,223.0,1.0,1.0,2.0,0.6,2.0,2.0,0.9,0.9,0.7,0.8,55.0,-823.11336972848,109.13859191897987,2906.9054205446632,2625.2787523939005
224,224.0,1.0,1.0,2.0,1.0,1.0,1.0,1.0,1.0,0.7,1.0,55.0,-1417.3294861243028,66.12130743186812,3317.199600605181,1774.6017647306892
225,225.0,1.0,1.0,2.0,0.8,3.0,2.0,0.9,0.9,1.0,0.7,65.0,-459.24808884366473,130.58794234320223,2948.011540544663,4229.723204719625
226,226.0,1.0,1.0,2.0,0.5,1.0,2.0,0.8,0.8,0.8,0.9,55.0,-712.4551744479313,130.58794234320223,3227.768480484145,3240.752480911655
227,227.0,1.0,1.0,2.0,0.2,3.0,1.0,1.0,1.0,0.7,0.8,45.0,-582.4755244995208,130.58794234320223,2672.0166006051813,1864.4246903175942
228,228.0,1.0,1.0,2.0,1.0,1.0,2.0,1.0,1.0,0.9,0.7,55.0,-1651.003505249445,70.85427533892505,3794.973600605181,1822.8542985845722
229,229.0,1.0,1.0,2.0,1.0,2.0,1.0,1.0,1.0,0.9,0.7,55.0,-1441.10456751268,73.94929829919676,3478.514160605181,1945.0635496778928
230,230.0,1.0,1.0,2.0,0.9,1.0,2.0,0.9,0.9,0.8,1.0,45.0,-1695.3465821664136,58.508503492874055,3391.9275405446633,1375.6026122407486
231,231.0,1.0,1.0,2.0,0.7,3.0,2.0,0.8,0.8,0.7,0.8,45.0,-924.5574563810313,73.94929829919676,2343.698480484145,1522.2231887730215
232,232.0,1.0,1.0,2.0,0.7,1.0,2.0,1.0,1.0,1.0,1.0,55.0,-1392.546571026048,101.2290504822933,4033.8606006051814,2760.42774410101
233,233.0,1.0,1.0,2.0,0.6,2.0,1.0,0.7,0.7,0.7,0.8,55.0,-864.7781576124042,84.26963300998734,2578.5873004236273,1700.075457838073
234,234.0,1.0,1.0,2.0,0.9,3.0,1.0,0.9,0.9,0.8,0.8,65.0,-820.6168674240851,77.404691278589,2654.5755405446635,1977.6543003201014
235,235.0,1.0,1.0,2.0,0.6,1.0,1.0,0.9,0.9,0.7,0.9,55.0,-969.05946470686,106.29108532121222,3153.0405405446627,2604.9534079552836
236,236.0,1.0,1.0,2.0,0.9,1.0,2.0,0.8,0.8,0.8,0.9,65.0,-1037.338426789062,82.74649910419797,3227.768480484145,2284.662586128542
237,237.0,1.0,1.0,2.0,0.3,3.0,2.0,0.8,0.8,1.0,1.0,55.0,-527.9790269515644,130.58794234320223,2783.8524804841454,2538.398990952331
238,238.0,1.0,1.0,2.0,0.8,3.0,2.0,0.8,0.8,0.7,0.7,55.0,-683.6928510726553,77.9143539830844,2343.698480484145,1772.107323889247
239,239.0,1.0,1.0,2.0,0.9,3.0,2.0,0.7,0.7,0.9,0.9,55.0,-694.2626804103129,77.404691278589,2472.975420423627,2033.36230666152
240,240.0,1.0,1.0,2.0,1.0,2.0,1.0,0.8,0.8,1.0,0.8,45.0,-1720.569479022459,52.38197966632623,3353.920880484145,1219.5823817212572
241,241.0,1.0,1.0,2.0,0.8,3.0,1.0,0.7,0.7,0.8,0.7,45.0,-1126.9772853596678,58.508503492874055,2326.257420423627,1152.9864340715817
242,242.0,1.0,1.0,2.0,0.8,2.0,2.0,0.8,0.8,0.8,1.0,45.0,-1389.394587733037,63.20979733698361,2946.471200484145,1409.4329927834892
243,243.0,1.0,1.0,2.0,0.5,2.0,2.0,0.8,0.8,0.7,0.7,45.0,-954.9352080688495,99.04983837448052,2742.746360484145,1890.0044814962653
244,244.0,1.0,1.0,2.0,0.1,1.0,2.0,0.7,0.7,0.7,0.9,65.0,152.39866170921857,130.58794234320223,2824.7224204236268,1577.807456468948
245,245.0,1.0,1.0,2.0,0.3,3.0,2.0,0.8,0.8,0.8,0.9,65.0,157.94580464290064,130.58794234320223,2490.4164804841457,2409.279968690301
246,246.0,1.0,1.0,2.0,0.7,2.0,2.0,1.0,1.0,0.9,0.9,45.0,-1579.9066796700356,70.85427533892505,3478.514160605181,1474.997984945687
247,247.0,1.0,1.0,2.0,0.4,2.0,1.0,0.9,0.9,1.0,0.9,65.0,-595.5131888922729,130.58794234320223,3518.0799405446633,2825.016224800978
248,248.0,1.0,1.0,2.0,0.2,2.0,1.0,1.0,1.0,1.0,1.0,45.0,-1239.2994753474302,130.58794234320223,3682.2390006051814,2122.6627348416546
249,249.0,1.0,1.0,2.0,0.1,1.0,1.0,1.0,1.0,1.0,1.0,65.0,-800.1418425213927,130.58794234320223,4033.8606006051814,1706.9264787309778
250,250.0,1.0,1.0,2.0,0.3,3.0,2.0,0.8,0.8,0.7,0.7,55.0,-207.53505664864818,130.58794234320223,2343.698480484145,2151.041924166241
251,251.0,1.0,1.0,2.0,0.3,1.0,1.0,1.0,1.0,0.8,0.8,55.0,-1019.5819817851353,130.58794234320223,3556.0866006051815,2280.160946428271
252,252.0,1.0,1.0,2.0,0.7,1.0,1.0,0.7,0.7,0.9,0.8,55.0,-1372.2346795544627,77.404691278589,3302.496420423627,1637.2120226337122
253,253.0,1.0,1.0,2.0,0.7,1.0,2.0,0.7,0.7,0.7,0.7,55.0,-883.2638430576337,95.436170704721,2824.7224204236268,2269.1810887325983
254,254.0,1.0,1.0,2.0,0.3,2.0,2.0,0.8,0.8,0.9,0.7,55.0,-409.10611587491775,130.58794234320223,3150.196040484145,2151.041924166241
255,255.0,1.0,1.0,2.0,0.9,2.0,1.0,0.9,0.9,1.0,1.0,55.0,-1657.6303848679852,63.93268598001005,3518.0799405446633,1560.5723532661873
256,256.0,1.0,1.0,2.0,0.4,1.0,1.0,0.8,0.8,0.7,1.0,55.0,-710.0238788488773,130.58794234320223,2988.881480484145,2954.135247063008
257,257.0,1.0,1.0,2.0,0.4,2.0,2.0,1.0,1.0,0.8,0.7,55.0,-752.4087977168903,130.58794234320223,3274.7893206051813,2566.7781802769177
258,258.0,1.0,1.0,2.0,0.4,3.0,1.0,0.7,0.7,0.9,1.0,55.0,-461.96034686018004,130.58794234320223,2472.975420423627,2954.135247063008
259,259.0,1.0,1.0,2.0,0.7,3.0,1.0,0.7,0.7,0.7,0.9,55.0,-737.6640436069915,77.404691278589,2179.539420423627,1692.920028975131
260,260.0,1.0,1.0,2.0,0.8,1.0,2.0,0.9,0.9,0.8,1.0,55.0,-1353.6849605201896,77.404691278589,3391.9275405446633,1918.849174159744
261,261.0,1.0,1.0,2.0,0.3,1.0,2.0,0.9,0.9,0.7,0.7,55.0,-390.88322475108913,130.58794234320223,3153.0405405446627,2151.041924166241
262,262.0,1.0,1.0,2.0,0.9,1.0,2.0,0.9,0.9,0.9,0.9,55.0,-1548.7112238013958,74.54606869299404,3630.8145405446635,1914.2652504359296
263,263.0,1.0,1.0,2.0,0.5,2.0,1.0,0.8,0.8,0.7,0.9,45.0,-1195.1385619003663,75.70171885222204,2742.746360484145,1304.5176683997522
264,264.0,1.0,1.0,2.0,0.4,1.0,2.0,1.0,1.0,0.7,0.7,55.0,-555.5377764533185,130.58794234320223,3317.199600605181,2566.7781802769177
265,265.0,1.0,1.0,2.0,0.1,3.0,1.0,0.7,0.7,1.0,0.8,45.0,-657.1551249296615,130.58794234320223,2619.6934204236272,1448.6884342069175
266,266.0,1.0,1.0,2.0,0.5,2.0,1.0,1.0,1.0,0.7,0.8,45.0,-1322.813269702652,77.404691278589,3071.064480605181,1296.769744947323
267,267.0,1.0,1.0,2.0,0.9,2.0,2.0,0.9,0.9,0.9,1.0,55.0,-1175.8143462559915,77.404691278589,3314.3551005446634,2089.0703130029387
268,268.0,1.0,1.0,2.0,0.7,2.0,1.0,0.8,0.8,0.9,1.0,55.0,-1321.8524294382396,76.26200830265213,3150.196040484145,1706.2345509460445
269,269.0,1.0,1.0,2.0,0.9,2.0,1.0,0.9,0.9,0.8,0.7,55.0,-1163.6968537245996,77.404691278589,3110.630260544663,1921.946293978683
270,270.0,1.0,1.0,2.0,0.3,1.0,1.0,0.7,0.7,0.7,0.8,55.0,-472.7298737531563,130.58794234320223,2824.7224204236268,2280.160946428271
271,271.0,1.0,1.0,2.0,0.2,3.0,1.0,0.9,0.9,0.8,0.7,55.0,-230.73088584537453,130.58794234320223,2654.5755405446635,1735.3056680555642
272,272.0,1.0,1.0,2.0,0.1,2.0,1.0,0.7,0.7,1.0,0.8,55.0,-466.32277952093347,130.58794234320223,3189.7618204236273,1448.6884342069175
273,273.0,1.0,1.0,2.0,0.2,2.0,2.0,0.9,0.9,1.0,1.0,55.0,-787.2169560996035,130.58794234320223,3518.0799405446633,2122.6627348416546
274,274.0,1.0,1.0,2.0,0.1,2.0,2.0,0.7,0.7,0.8,0.8,65.0,-29.265077762941942,130.58794234320223,2782.312140423627,1448.6884342069175
275,275.0,1.0,1.0,2.0,0.1,2.0,1.0,0.9,0.9,1.0,0.9,55.0,-820.0142792076281,130.58794234320223,3518.0799405446633,1577.807456468948
276,276.0,1.0,1.0,2.0,0.3,2.0,1.0,0.8,0.8,0.8,1.0,55.0,-782.9269618909209,130.58794234320223,2946.471200484145,2538.398990952331
277,277.0,1.0,1.0,2.0,0.3,3.0,2.0,1.0,1.0,0.9,0.9,55.0,-344.53588693182974,130.58794234320223,2965.452600605181,2409.279968690301
278,278.0,1.0,1.0,2.0,0.4,2.0,2.0,0.7,0.7,1.0,0.8,55.0,-577.0949564480012,130.58794234320223,3189.7618204236273,2695.897202538948
279,279.0,1.0,1.0,2.0,0.2,3.0,2.0,1.0,1.0,0.7,0.7,55.0,-243.60225208256708,130.58794234320223,2672.0166006051813,1735.3056680555642
280,280.0,1.0,1.0,2.0,0.9,2.0,1.0,1.0,1.0,0.7,1.0,65.0,-860.7415983013495,83.79852469307862,3071.064480605181,2398.650985471421
281,281.0,1.0,1.0,2.0,0.2,3.0,2.0,0.9,0.9,0.8,0.8,65.0,208.03364964827398,130.58794234320223,2654.5755405446635,1864.4246903175942
282,282.0,1.0,1.0,2.0,0.5,1.0,2.0,0.7,0.7,0.9,1.0,45.0,-1199.5763830309231,101.2290504822933,3302.496420423627,2215.9942121054937
283,283.0,1.0,1.0,2.0,0.8,1.0,2.0,0.8,0.8,0.9,0.8,55.0,-1132.2959674591511,95.87431963506812,3466.655480484145,2613.4778995410493
284,284.0,1.0,1.0,2.0,0.6,3.0,2.0,0.8,0.8,0.8,0.7,55.0,-372.0490165635913,130.58794234320223,2490.4164804841457,3398.250692498271
285,285.0,1.0,1.0,2.0,0.4,2.0,2.0,0.8,0.8,1.0,0.8,45.0,-1229.0186355967485,117.15803714958743,3353.920880484145,2256.8176275150954
286,286.0,1.0,1.0,2.0,0.3,2.0,1.0,0.8,0.8,1.0,0.9,55.0,-765.281467450201,130.58794234320223,3353.920880484145,2409.279968690301
287,287.0,1.0,1.0,2.0,0.5,3.0,1.0,1.0,1.0,0.8,0.7,55.0,-800.8408880220901,118.23761052642041,2818.734600605181,2535.160222474264
288,288.0,1.0,1.0,2.0,0.5,1.0,2.0,0.8,0.8,0.7,1.0,55.0,-620.690808470165,130.58794234320223,2988.881480484145,3369.8715031736847
289,289.0,1.0,1.0,2.0,0.3,1.0,1.0,0.8,0.8,0.9,0.7,55.0,-755.2942716080746,130.58794234320223,3466.655480484145,2151.041924166241
290,290.0,1.0,1.0,2.0,0.2,1.0,1.0,0.7,0.7,0.8,0.8,55.0,-495.5203543454255,130.58794234320223,3063.6094204236274,1864.4246903175942
291,291.0,1.0,1.0,2.0,0.6,1.0,2.0,0.8,0.8,1.0,0.8,55.0,-1042.844327347726,130.58794234320223,3705.542480484145,3527.3697147603016
292,292.0,1.0,1.0,2.0,0.7,2.0,2.0,0.8,0.8,0.7,1.0,55.0,-916.5228037178862,79.01200480610302,2742.746360484145,1812.2218958784879
293,293.0,1.0,1.0,2.0,0.5,2.0,1.0,1.0,1.0,0.9,1.0,55.0,-1301.8237546310763,95.87431963506812,3478.514160605181,2025.719762516256
294,294.0,1.0,1.0,2.0,0.6,3.0,2.0,0.9,0.9,0.9,0.9,65.0,-247.57216567991156,130.58794234320223,2801.2935405446633,3656.4887370223314
295,295.0,1.0,1.0,2.0,0.3,1.0,1.0,1.0,1.0,1.0,1.0,55.0,-1140.4615276726684,130.58794234320223,4033.8606006051814,2538.398990952331
296,296.0,1.0,1.0,2.0,0.2,2.0,1.0,0.9,0.9,1.0,0.7,55.0,-861.8364545695944,130.58794234320223,3518.0799405446633,1735.3056680555642
297,297.0,1.0,1.0,2.0,0.1,1.0,1.0,0.9,0.9,0.8,1.0,55.0,-591.0044252287996,130.58794234320223,3391.9275405446633,1706.9264787309778
298,298.0,1.0,1.0,2.0,0.9,2.0,2.0,0.8,0.8,0.9,0.7,65.0,-928.312676066463,90.2139868922699,3150.196040484145,2510.2660133068616
299,299.0,1.0,1.0,2.0,1.0,2.0,1.0,0.9,0.9,0.7,0.8,45.0,-1438.4035358608926,52.38197966632623,2906.9054205446632,1219.5823817212572
300,300.0,1.0,1.0,2.0,0.2,3.0,2.0,0.9,0.9,0.7,0.8,55.0,-208.84588236441698,130.58794234320223,2507.857540544663,1864.4246903175942
301,301.0,1.0,1.0,2.0,0.3,3.0,2.0,0.8,0.8,0.7,0.8,55.0,-41.940074446820056,130.58794234320223,2343.698480484145,2280.160946428271
302,302.0,1.0,1.0,2.0,0.1,2.0,1.0,0.7,0.7,0.7,0.9,55.0,-195.21578809604094,130.58794234320223,2578.5873004236273,1577.807456468948
303,303.0,1.0,1.0,2.0,0.6,1.0,2.0,0.9,0.9,0.8,0.8,55.0,-854.6068969698082,130.58794234320223,3391.9275405446633,3527.3697147603016
304,304.0,1.0,1.0,2.0,1.0,3.0,1.0,0.7,0.7,0.8,0.9,55.0,-1036.8358710150392,58.508503492874055,2326.257420423627,1450.467498343621
305,305.0,1.0,1.0,2.0,0.9,1.0,1.0,1.0,1.0,0.9,1.0,45.0,-2040.535780138912,45.618047621683765,3794.973600605181,999.5421573997149
306,306.0,1.0,1.0,2.0,0.4,2.0,2.0,1.0,1.0,0.8,0.7,45.0,-1100.5595203564387,127.66028995263277,3274.7893206051813,2473.3327547713147
307,307.0,1.0,1.0,2.0,1.0,2.0,2.0,1.0,1.0,0.9,0.8,65.0,-925.0215765360155,97.69713597956785,3478.514160605181,3209.841937822181
308,308.0,1.0,1.0,2.0,0.4,1.0,2.0,0.9,0.9,0.9,0.9,55.0,-801.3830383734443,130.58794234320223,3630.8145405446635,2825.016224800978
309,309.0,1.0,1.0,2.0,1.0,3.0,1.0,0.7,0.7,0.7,0.7,55.0,-729.8187226947657,73.94929829919676,2179.539420423627,1945.0635496778928
310,310.0,1.0,1.0,2.0,0.4,2.0,2.0,0.9,0.9,0.8,0.7,45.0,-1021.4560964439917,127.66028995263277,3110.630260544663,2473.3327547713147
311,311.0,1.0,1.0,2.0,0.3,3.0,1.0,1.0,1.0,0.8,0.8,65.0,-105.85948707749046,130.58794234320223,2818.734600605181,2280.160946428271
312,312.0,1.0,1.0,2.0,0.2,2.0,2.0,0.8,0.8,1.0,0.7,65.0,-347.59000363875856,130.58794234320223,3353.920880484145,1735.3056680555642
313,313.0,1.0,1.0,2.0,0.5,2.0,2.0,0.9,0.9,0.7,1.0,55.0,-561.8433578534024,130.58794234320223,2906.9054205446632,3369.8715031736847
314,314.0,1.0,1.0,2.0,0.2,1.0,1.0,0.7,0.7,0.9,0.9,55.0,-846.9823923614135,130.58794234320223,3302.496420423627,1993.5437125796243
315,315.0,1.0,1.0,2.0,0.9,1.0,2.0,0.9,0.9,0.7,0.7,55.0,-997.9474195278003,83.79852469307862,3153.0405405446627,2208.8190819284428
316,316.0,1.0,1.0,2.0,0.4,3.0,2.0,1.0,1.0,0.9,1.0,55.0,-475.3863700977081,130.58794234320223,2965.452600605181,2954.135247063008
317,317.0,1.0,1.0,2.0,1.0,1.0,2.0,1.0,1.0,0.9,0.8,55.0,-1464.1895841742771,77.404691278589,3794.973600605181,2147.875439163296
318,318.0,1.0,1.0,2.0,0.1,3.0,2.0,0.7,0.7,1.0,0.9,45.0,-517.5947151123561,130.58794234320223,2619.6934204236272,1577.807456468948
319,319.0,1.0,1.0,2.0,1.0,3.0,2.0,1.0,1.0,0.8,0.8,55.0,-1108.7953207197777,69.5758161957147,2818.734600605181,1820.0267304849388
320,320.0,1.0,1.0,2.0,0.7,1.0,2.0,0.8,0.8,1.0,0.9,55.0,-1197.3316536052469,107.92427533452445,3705.542480484145,2974.9193358451744
321,321.0,1.0,1.0,2.0,0.2,3.0,2.0,0.8,0.8,0.7,1.0,55.0,-203.01526892501738,130.58794234320223,2343.698480484145,2122.6627348416546
322,322.0,1.0,1.0,2.0,0.7,1.0,2.0,1.0,1.0,0.9,0.7,55.0,-1402.2307867577135,95.436170704721,3794.973600605181,2269.1810887325983
323,323.0,1.0,1.0,2.0,0.4,1.0,1.0,1.0,1.0,0.9,0.8,55.0,-1280.7194722463196,130.58794234320223,3794.973600605181,2695.897202538948
324,324.0,1.0,1.0,2.0,0.5,2.0,2.0,1.0,1.0,0.9,0.9,55.0,-811.810603166008,130.58794234320223,3478.514160605181,3240.752480911655
325,325.0,1.0,1.0,2.0,0.6,1.0,2.0,1.0,1.0,0.7,0.8,45.0,-1381.68400037852,77.404691278589,3317.199600605181,1466.9908837905175
326,326.0,1.0,1.0,2.0,0.6,2.0,2.0,0.8,0.8,0.8,1.0,65.0,-367.21020098421707,130.58794234320223,2946.471200484145,3785.6077592843617
327,327.0,1.0,1.0,2.0,0.1,1.0,2.0,0.9,0.9,0.7,0.9,55.0,-462.57697732479375,130.58794234320223,3153.0405405446627,1577.807456468948
328,328.0,1.0,1.0,2.0,0.1,1.0,1.0,0.9,0.9,1.0,0.9,55.0,-1019.0871189176243,130.58794234320223,3869.7015405446637,1577.807456468948
329,329.0,1.0,1.0,2.0,0.8,3.0,1.0,0.9,0.9,0.8,0.9,55.0,-1060.206076225512,70.85427533892505,2654.5755405446635,1623.3078091564516
330,330.0,1.0,1.0,2.0,0.1,2.0,1.0,0.8,0.8,0.8,0.7,65.0,-3.369103850287887,130.58794234320223,2946.471200484145,1319.5694119448876
331,331.0,1.0,1.0,2.0,0.1,1.0,2.0,0.9,0.9,0.8,0.8,55.0,-359.48911979716155,130.58794234320223,3391.9275405446633,1448.6884342069175
332,332.0,1.0,1.0,2.0,0.3,1.0,1.0,0.9,0.9,1.0,1.0,55.0,-1062.4242487924953,130.58794234320223,3869.7015405446637,2538.398990952331
333,333.0,1.0,1.0,2.0,0.5,1.0,2.0,1.0,1.0,0.8,0.8,65.0,-479.29477346564875,130.58794234320223,3556.0866006051815,3111.6334586496246
334,334.0,1.0,1.0,2.0,0.7,3.0,1.0,1.0,1.0,1.0,0.7,45.0,-1337.4744613787107,74.54606869299404,3112.170600605181,1488.8729725612784
335,335.0,1.0,1.0,2.0,0.7,2.0,1.0,0.9,0.9,0.7,0.7,55.0,-1080.5913582035378,77.404691278589,2906.9054205446632,1581.5040162922933
336,336.0,1.0,1.0,2.0,0.6,2.0,2.0,0.9,0.9,0.7,1.0,45.0,-1042.3836796736884,81.17930207352828,2906.9054205446632,1713.7687767030816
337,337.0,1.0,1.0,2.0,0.8,3.0,2.0,0.7,0.7,0.8,0.7,45.0,-984.094060302082,68.90193226572049,2326.257420423627,1462.608818444271
338,338.0,1.0,1.0,2.0,0.3,1.0,1.0,1.0,1.0,1.0,0.7,45.0,-1632.8552438311795,130.29885231276955,4033.8606006051814,2143.234087539438
339,339.0,1.0,1.0,2.0,0.9,1.0,2.0,0.7,0.7,0.9,1.0,55.0,-1413.1907396071772,73.34474891161356,3302.496420423627,1917.8555934003225
340,340.0,1.0,1.0,2.0,0.7,2.0,2.0,1.0,1.0,0.8,0.8,55.0,-874.8237444870706,111.1019126142698,3274.7893206051813,3023.0113884202383
341,341.0,1.0,1.0,2.0,0.2,3.0,1.0,0.9,0.9,0.8,0.9,55.0,-471.96315417136225,130.58794234320223,2654.5755405446635,1993.5437125796243
342,342.0,1.0,1.0,2.0,0.3,3.0,2.0,1.0,1.0,1.0,1.0,55.0,-664.3171715881423,130.58794234320223,3112.170600605181,2538.398990952331
343,343.0,1.0,1.0,2.0,0.5,3.0,1.0,0.9,0.9,0.9,0.7,55.0,-603.2663863361107,130.58794234320223,2801.2935405446633,2982.5144363875947
344,344.0,1.0,1.0,2.0,0.1,2.0,2.0,0.8,0.8,1.0,1.0,65.0,-343.9583697196755,130.58794234320223,3353.920880484145,1706.9264787309778
345,345.0,1.0,1.0,2.0,0.8,3.0,2.0,0.8,0.8,0.8,1.0,45.0,-967.6695495872112,70.85427533892505,2490.4164804841457,1671.8443886531554
346,346.0,1.0,1.0,2.0,0.7,3.0,2.0,1.0,1.0,1.0,1.0,55.0,-1103.2215675824632,79.01200480610302,3112.170600605181,1812.2218958784879
347,347.0,1.0,1.0,2.0,0.4,2.0,2.0,0.9,0.9,0.9,0.9,45.0,-1006.0818376400068,130.58794234320223,3314.3551005446634,2825.016224800978
348,348.0,1.0,1.0,2.0,0.8,1.0,1.0,0.9,0.9,1.0,0.7,65.0,-1418.1998096509035,89.76944496161494,3869.7015405446637,2267.3014057325654
349,349.0,1.0,1.0,2.0,0.8,2.0,2.0,1.0,1.0,0.8,0.7,55.0,-1195.5081461313432,77.9143539830844,3274.7893206051813,1772.107323889247
350,350.0,1.0,1.0,2.0,0.3,2.0,1.0,0.9,0.9,0.9,0.8,55.0,-898.421943855007,130.58794234320223,3314.3551005446634,2280.160946428271
351,351.0,1.0,1.0,2.0,0.6,1.0,2.0,0.7,0.7,0.8,0.8,55.0,-715.6508437635517,130.58794234320223,3063.6094204236274,3527.3697147603016
352,352.0,1.0,1.0,2.0,0.1,1.0,1.0,0.7,0.7,1.0,0.7,55.0,-609.3447883705937,130.58794234320223,3541.383420423627,1319.5694119448876
353,353.0,1.0,1.0,2.0,0.6,3.0,1.0,1.0,1.0,1.0,0.9,65.0,-809.6277543275572,119.96669715945328,3112.170600605181,3182.969949058941
354,354.0,1.0,1.0,2.0,0.5,2.0,1.0,0.9,0.9,0.8,0.7,45.0,-1174.666670078581,95.436170704721,3110.630260544663,1776.6069662148914
355,355.0,1.0,1.0,2.0,0.6,2.0,1.0,1.0,1.0,0.8,0.9,45.0,-1548.22894993037,65.38964683097035,3274.7893206051813,1176.5825654106993
356,356.0,1.0,1.0,2.0,0.7,3.0,2.0,0.9,0.9,0.8,1.0,45.0,-969.8285704662596,77.404691278589,2654.5755405446635,1748.6280353165496
357,357.0,1.0,1.0,2.0,0.9,1.0,1.0,0.8,0.8,0.9,0.8,55.0,-1603.038951581964,65.38964683097035,3466.655480484145,1527.6740873830372
358,358.0,1.0,1.0,2.0,0.8,3.0,2.0,1.0,1.0,0.7,0.9,55.0,-890.5515135342231,77.404691278589,2672.0166006051813,1863.1411678183256
359,359.0,1.0,1.0,2.0,1.0,2.0,1.0,1.0,1.0,0.9,0.9,55.0,-1661.6154215567822,58.508503492874055,3478.514160605181,1450.467498343621
360,360.0,1.0,1.0,2.0,0.1,2.0,2.0,0.9,0.9,1.0,0.7,65.0,-97.01895251659907,130.58794234320223,3518.0799405446633,1319.5694119448876
361,361.0,1.0,1.0,2.0,0.7,2.0,2.0,0.7,0.7,0.8,0.9,45.0,-1221.6941020753104,70.85427533892505,2782.312140423627,1474.997984945687
362,362.0,1.0,1.0,2.0,0.2,3.0,2.0,0.9,0.9,1.0,0.8,45.0,-731.1639699260672,130.58794234320223,2948.011540544663,1864.4246903175942
363,363.0,1.0,1.0,2.0,0.7,1.0,2.0,0.8,0.8,0.7,0.9,55.0,-1034.7852039048785,82.74649910419797,2988.881480484145,1900.987956747143
364,364.0,1.0,1.0,2.0,1.0,2.0,1.0,0.8,0.8,0.8,0.8,45.0,-1589.1054265232845,41.50495899604326,2946.471200484145,916.0713652792156
365,365.0,1.0,1.0,2.0,0.3,3.0,1.0,0.8,0.8,0.8,0.9,55.0,-320.4407257838522,130.58794234320223,2490.4164804841457,2409.279968690301
366,366.0,1.0,1.0,2.0,0.1,2.0,2.0,0.7,0.7,0.8,0.9,55.0,-316.6769930910431,130.58794234320223,2782.312140423627,1577.807456468948
367,367.0,1.0,1.0,2.0,0.3,1.0,1.0,0.7,0.7,1.0,0.9,65.0,-771.0879003603329,130.58794234320223,3541.383420423627,2409.279968690301
368,368.0,1.0,1.0,2.0,0.9,2.0,2.0,0.9,0.9,0.8,0.8,45.0,-1342.829392631363,69.5758161957147,3110.630260544663,1675.7966201004215
369,369.0,1.0,1.0,2.0,0.1,2.0,1.0,0.7,0.7,1.0,0.9,55.0,-495.25838291002356,130.58794234320223,3189.7618204236273,1577.807456468948
370,370.0,1.0,1.0,2.0,0.8,3.0,2.0,0.7,0.7,1.0,0.9,45.0,-1039.7185663811003,74.54606869299404,2619.6934204236272,1754.0556283649212
371,371.0,1.0,1.0,2.0,0.6,1.0,2.0,1.0,1.0,0.7,0.9,55.0,-830.6652093084386,130.29885231276955,3317.199600605181,3643.27524869364
372,372.0,1.0,1.0,2.0,0.6,1.0,1.0,0.9,0.9,0.7,0.8,45.0,-1319.257242764226,77.404691278589,3153.0405405446627,1466.9908837905175
373,373.0,1.0,1.0,2.0,0.3,2.0,1.0,0.8,0.8,0.8,1.0,45.0,-1154.5962721404726,101.2290504822933,2946.471200484145,1671.560680109977
374,374.0,1.0,1.0,2.0,0.1,2.0,1.0,0.7,0.7,0.8,1.0,55.0,-322.1762743808436,130.58794234320223,2782.312140423627,1706.9264787309778
375,375.0,1.0,1.0,2.0,0.5,3.0,2.0,0.7,0.7,1.0,0.8,55.0,-388.4133699011176,130.58794234320223,2619.6934204236272,3111.6334586496246
376,376.0,1.0,1.0,2.0,0.9,2.0,1.0,0.8,0.8,1.0,1.0,55.0,-1578.3832059057247,63.93268598001005,3353.920880484145,1560.5723532661873
377,377.0,1.0,1.0,2.0,0.7,1.0,1.0,1.0,1.0,1.0,0.9,55.0,-1775.3859434254127,77.404691278589,4033.8606006051814,1692.920028975131
378,378.0,1.0,1.0,2.0,0.3,3.0,2.0,0.7,0.7,1.0,0.7,55.0,-168.22856608463758,130.58794234320223,2619.6934204236272,2151.041924166241
379,379.0,1.0,1.0,2.0,0.4,2.0,2.0,1.0,1.0,0.7,0.8,55.0,-677.8626451149967,130.58794234320223,3071.064480605181,2695.897202538948
380,380.0,1.0,1.0,2.0,0.6,3.0,1.0,0.7,0.7,0.7,0.9,55.0,-664.2439450312161,81.17930207352828,2179.539420423627,1653.6347689393326
381,381.0,1.0,1.0,2.0,0.1,2.0,2.0,0.8,0.8,0.9,0.9,65.0,9.964733798112622,130.58794234320223,3150.196040484145,1577.807456468948
382,382.0,1.0,1.0,2.0,0.7,2.0,2.0,0.9,0.9,0.8,1.0,55.0,-1116.2410233880894,79.01200480610302,3110.630260544663,1812.2218958784879
383,383.0,1.0,1.0,2.0,0.7,2.0,1.0,1.0,1.0,1.0,0.8,55.0,-1545.658231617934,77.404691278589,3682.2390006051814,1637.2120226337122
384,384.0,1.0,1.0,2.0,0.8,3.0,2.0,0.7,0.7,0.9,1.0,55.0,-638.1697190428742,84.26963300998734,2472.975420423627,2224.187473993979
385,385.0,1.0,1.0,2.0,0.3,3.0,1.0,0.7,0.7,0.7,0.7,55.0,-120.7882835521709,130.58794234320223,2179.539420423627,2151.041924166241
386,386.0,1.0,1.0,2.0,0.9,3.0,1.0,0.7,0.7,0.9,0.7,55.0,-826.0875521846458,77.404691278589,2472.975420423627,1921.946293978683
387,387.0,1.0,1.0,2.0,0.3,2.0,2.0,1.0,1.0,0.7,1.0,55.0,-426.1047405627125,130.58794234320223,3071.064480605181,2538.398990952331
388,388.0,1.0,1.0,2.0,1.0,2.0,1.0,1.0,1.0,1.0,1.0,45.0,-1911.3612522577534,52.38197966632623,3682.2390006051814,1283.627474944131
389,389.0,1.0,1.0,2.0,0.3,3.0,2.0,0.9,0.9,1.0,0.9,55.0,-353.9255187445925,130.58794234320223,2948.011540544663,2409.279968690301
390,390.0,1.0,1.0,2.0,0.4,3.0,1.0,0.7,0.7,0.9,1.0,55.0,-461.96034686018004,130.58794234320223,2472.975420423627,2954.135247063008
391,391.0,1.0,1.0,2.0,1.0,1.0,1.0,0.9,0.9,0.7,0.8,55.0,-1287.4299459542783,70.85427533892505,3153.0405405446627,1871.390878081276
392,392.0,1.0,1.0,2.0,0.9,3.0,1.0,0.9,0.9,0.7,0.8,55.0,-834.549099630207,77.404691278589,2507.857540544663,1977.6543003201014
393,393.0,1.0,1.0,2.0,0.2,1.0,1.0,0.9,0.9,0.9,0.7,45.0,-1291.9754941628298,130.58794234320223,3630.8145405446635,1735.3056680555642
394,394.0,1.0,1.0,2.0,0.3,1.0,1.0,0.8,0.8,1.0,0.8,45.0,-1329.7775683041143,130.58794234320223,3705.542480484145,2280.160946428271
395,395.0,1.0,1.0,2.0,0.7,2.0,2.0,0.7,0.7,0.9,1.0,65.0,-745.9277586844264,111.1019126142698,2986.036980423627,3221.2098128548946
396,396.0,1.0,1.0,2.0,0.6,2.0,1.0,0.8,0.8,0.8,0.7,65.0,-691.8122466760932,130.58794234320223,2946.471200484145,3398.250692498271
397,397.0,1.0,1.0,2.0,0.8,3.0,2.0,1.0,1.0,0.7,1.0,45.0,-1194.1718036209759,63.20979733698361,2672.0166006051813,1409.4329927834892
398,398.0,1.0,1.0,2.0,0.6,1.0,2.0,0.8,0.8,0.8,0.9,65.0,-477.4739591041848,130.58794234320223,3227.768480484145,3656.4887370223314
399,399.0,1.0,1.0,2.0,0.4,3.0,2.0,1.0,1.0,0.8,0.7,45.0,-643.0136987866968,130.58794234320223,2818.734600605181,2566.7781802769177
