n,ID,VPN,Unc_Mult_CAPEX_FACIL,Unc_Mult_CAPEX_PERFO,Unc_MultPreciobaseValorGas,E_Brent,Unc_MultOpex,Total_capex,Total_opex
0,0,-306938.2032,0.91,0.95,0.6,20,0.97,771.302373243,623.2850764809
1,1,165394.294,0.99,0.92,0.5,40,0.93,790.8746453122,605.4533803426
2,2,585314.5039,0.96,0.96,0.3,60,0.96,795.7512668143,617.8333745685
3,3,46008.1988,0.99,0.97,1.0,35,0.97,812.120251448,624.7305715759
4,4,54458.2949,0.99,0.94,0.3,35,0.93,799.3728877665,604.7306327951
5,5,-194316.4169,0.98,1.0,0.1,25,1.0,820.8276606606,634.5809493855
6,6,-316844.851,0.93,0.97,0.2,20,0.97,787.880524635,621.8395813859
7,7,59262.2779,0.98,0.91,0.4,35,0.95,782.5855696162,613.8271677511
8,8,59883.7261,0.93,0.99,0.5,35,0.97,796.3787670893,622.9237027072
9,9,-330368.3407,0.96,0.98,0.8,20,0.98,804.2495092687,628.3754046196
10,10,492118.2139,0.92,0.99,0.1,55,0.91,792.3388126205,595.2727240653
11,11,276292.4133,0.96,0.91,0.4,45,0.98,774.5056606786,626.9299095245
12,12,261479.5345,1.0,0.97,1.0,45,0.94,816.1602059168,611.6278298025
13,13,484506.3556,0.92,1.0,0.9,55,0.98,796.5879338476,628.7367783933
14,14,-326151.5319,0.98,0.98,0.2,20,0.91,812.3294182063,595.6340978391
15,15,-314449.345,0.94,0.97,1.0,20,0.93,791.9204791038,607.2602492114
16,16,-324625.1609,0.97,0.98,0.9,20,0.92,808.2894637375,602.5312948465
17,17,-309585.7311,0.94,0.96,0.7,20,0.91,787.6713578767,597.4409667079
18,18,66343.314,0.91,0.96,0.8,35,1.0,775.5514944702,637.1105658018
19,19,-312351.9458,0.92,0.98,0.7,20,0.95,788.0896913933,614.9112890724
20,20,-317821.3444,0.97,0.95,0.4,20,0.91,795.542100056,596.3568453866
21,21,476035.656,0.99,0.97,0.4,55,0.91,812.120251448,596.3568453866
22,22,64192.2545,0.92,0.97,1.0,35,0.98,783.8405701662,629.0981521671
23,23,480138.7341,0.97,0.92,0.8,55,1.0,782.7947363746,637.1105658018
24,24,491982.0313,0.92,0.97,0.8,55,0.94,783.8405701662,610.905082255
25,25,485122.4792,0.94,0.95,0.4,55,0.99,783.4222366495,631.2974901157
26,26,266009.3278,0.98,1.0,0.4,45,0.91,820.8276606606,596.3568453866
27,27,474929.4296,0.99,0.92,0.4,55,1.0,790.8746453122,635.6650707068
28,28,586498.867,0.94,0.99,0.8,60,0.96,800.4187215581,619.6402434373
29,29,63648.9355,0.95,0.93,0.6,35,0.96,778.9639486641,618.9174958898
30,30,267188.1288,0.99,0.97,0.9,45,0.91,812.120251448,598.1637142554
31,31,371536.7914,0.97,0.98,1.0,50,0.96,808.2894637375,620.3629909848
32,32,158356.0688,0.98,0.99,0.9,40,0.93,816.5785394335,606.8988754376
33,33,54321.3776,0.99,0.94,0.7,35,0.93,799.3728877665,606.1761278901
34,34,588741.7773,0.92,1.0,0.9,60,0.98,796.5879338476,628.7367783933
35,35,-184930.8906,0.99,0.92,0.8,25,1.0,790.8746453122,637.1105658018
36,36,74980.8008,0.91,0.92,0.6,35,0.97,758.5550095616,623.2850764809
37,37,-165934.9805,0.93,0.95,0.5,25,0.96,779.3822821807,618.556122116
38,38,70454.7812,0.92,0.91,0.9,35,1.0,758.3458428033,637.4719395756
39,39,-310296.3077,0.92,0.94,1.0,20,0.98,771.0932064847,629.0981521671
40,40,494767.1087,0.91,0.93,0.9,55,1.0,762.8041307887,637.4719395756
41,41,583525.0566,0.98,0.92,0.5,60,0.98,786.8346908434,627.2912832983
42,42,580010.9332,1.0,0.92,0.2,60,0.96,794.9145997811,617.4720007947
43,43,276514.7868,0.96,0.96,0.9,45,0.91,795.7512668143,598.1637142554
44,44,265698.2502,0.97,0.97,0.2,45,0.98,804.0403425103,626.207161977
45,45,37092.9128,1.0,1.0,1.0,35,0.99,828.9075695983,633.4657327582
46,46,-322005.4611,0.96,0.94,0.6,20,0.97,787.25302436,623.2850764809
47,47,-38156.1808,0.91,0.91,0.2,30,1.0,754.3058883344,634.9423231593
48,48,383768.1079,0.94,0.95,0.2,50,0.96,783.4222366495,617.4720007947
49,49,588342.4332,0.95,0.93,0.9,60,1.0,778.9639486641,637.4719395756
50,50,273843.0389,0.92,1.0,0.8,45,0.99,796.5879338476,632.7429852107
51,51,-42179.2862,0.91,0.95,0.8,30,0.98,771.302373243,628.3754046196
52,52,-183483.1006,0.99,0.92,0.3,25,0.99,790.8746453122,630.9361163419
53,53,488993.4735,0.96,0.92,0.3,55,0.93,778.7547819057,604.7306327951
54,54,-46999.2959,0.96,0.92,0.9,30,0.93,778.7547819057,606.8988754376
55,55,166837.9495,0.96,0.97,0.2,40,0.93,800.0003880415,604.3692590213
56,56,-336834.1407,0.96,1.0,0.9,20,1.0,812.747751723,637.4719395756
57,57,-328045.1473,0.97,1.0,1.0,20,0.92,816.7877061918,602.8926686203
58,58,372601.6248,0.97,0.98,0.8,50,0.95,808.2894637375,615.2726628462
59,59,273138.5309,0.99,0.91,1.0,45,0.93,786.6255240851,607.2602492114
60,60,381453.2973,0.95,0.97,0.2,50,0.93,795.9604335727,604.3692590213
61,61,387937.523,0.91,1.0,0.8,50,0.93,792.5479793788,606.5375016639
62,62,377672.0177,0.95,0.96,0.5,50,0.98,791.7113123455,627.2912832983
63,63,67106.7331,0.91,0.97,0.5,35,0.98,779.8006156973,627.2912832983
64,64,174672.7343,0.91,0.99,0.4,40,0.96,788.2988581517,618.1947483423
65,65,-58138.7918,0.96,0.98,0.8,30,0.95,804.2495092687,615.2726628462
66,66,270692.2249,0.96,0.99,0.3,45,0.93,808.4986304958,604.7306327951
67,67,583796.2405,0.99,0.91,0.9,60,0.96,786.6255240851,620.001617211
68,68,-316096.7564,0.97,0.93,0.7,20,0.92,787.0438576017,601.808547299
69,69,64945.839,0.93,0.99,0.6,35,0.92,796.3787670893,601.4471735252
70,70,255923.7243,1.0,0.99,0.6,45,0.97,824.6584483711,623.2850764809
71,71,267460.1226,1.0,0.91,1.0,45,0.96,790.6654785539,620.3629909848
72,72,-194655.1935,0.99,0.98,1.0,25,1.0,816.3693726751,637.8333133493
73,73,-37380.8585,0.91,0.94,0.4,30,0.95,767.0532520159,613.8271677511
74,74,581997.6078,0.98,0.95,0.9,60,0.95,799.5820545249,615.6340366199
75,75,42223.4843,1.0,1.0,0.9,35,0.94,828.9075695983,611.2664560288
76,76,-62545.9666,0.98,0.95,0.2,30,0.98,799.5820545249,626.207161977
77,77,285205.0975,0.91,0.95,0.7,45,0.97,771.302373243,623.6464502547
78,78,173543.5521,0.95,0.94,0.7,40,0.93,783.2130698912,606.1761278901
79,79,253617.8639,1.0,1.0,0.5,45,0.98,828.9075695983,627.2912832983
80,80,-305518.9395,0.92,0.93,0.9,20,0.96,766.8440852576,620.001617211
81,81,57874.6375,0.99,0.93,0.3,35,0.91,795.1237665394,595.9954716128
82,82,164223.2201,0.95,1.0,0.8,40,0.94,808.7077972541,610.905082255
83,83,165389.2404,0.94,0.99,0.5,40,0.97,800.4187215581,622.9237027072
84,84,71220.6451,0.94,0.91,0.5,35,0.94,766.4257517409,609.8209609337
85,85,276497.259,0.93,0.99,0.9,45,0.95,796.3787670893,615.6340366199
86,86,49537.064,0.98,0.95,0.8,35,0.99,799.5820545249,632.7429852107
87,87,-61495.5286,0.98,0.95,0.3,30,0.97,799.5820545249,622.2009551596
88,88,492935.273,0.92,0.97,0.5,55,0.93,783.8405701662,605.4533803426
89,89,374742.0957,0.95,0.99,0.3,50,0.97,804.458676027,622.2009551596
90,90,469663.4611,0.99,0.96,0.2,55,1.0,807.8711302208,634.9423231593
91,91,390195.3496,0.92,0.91,0.9,50,1.0,758.3458428033,637.4719395756
92,92,278276.712,0.93,0.97,0.5,45,0.96,787.880524635,618.556122116
93,93,-35467.935,0.93,0.91,0.1,30,0.92,762.3857972721,599.6403046564
94,94,255626.7865,1.0,1.0,0.5,45,0.96,828.9075695983,618.556122116
95,95,268363.2745,0.96,0.97,0.2,45,0.98,800.0003880415,626.207161977
96,96,76906.815,0.92,0.93,0.8,35,0.91,766.8440852576,597.8023404816
97,97,-176661.9823,0.94,0.99,0.8,25,0.97,800.4187215581,624.0078240284
98,98,-169304.089,0.93,0.94,1.0,25,1.0,775.1331609536,637.8333133493
99,99,70769.0904,0.92,0.96,0.7,35,0.93,779.591448939,606.1761278901
100,100,368581.9254,0.98,0.96,0.8,50,0.99,803.831175752,632.7429852107
101,101,287569.476,0.92,0.92,0.6,45,0.96,762.5949640304,618.9174958898
102,102,159058.4193,0.95,1.0,1.0,40,0.99,808.7077972541,633.4657327582
103,103,-68077.285,0.97,0.99,0.8,30,1.0,812.5385849646,637.1105658018
104,104,162199.4073,0.98,0.97,0.7,40,0.92,808.0802969792,601.808547299
105,105,384351.1793,0.96,0.92,0.5,50,0.94,778.7547819057,609.8209609337
106,106,52093.0054,0.97,0.96,0.3,35,0.98,799.7912212832,626.5685357508
107,107,272546.5094,0.98,0.95,0.8,45,0.91,799.5820545249,597.8023404816
108,108,45992.1189,1.0,0.93,0.2,35,1.0,799.1637210082,634.9423231593
109,109,586573.9865,0.94,0.97,0.8,60,0.99,791.9204791038,632.7429852107
110,110,465018.688,0.99,1.0,0.8,55,0.99,824.8676151294,632.7429852107
111,111,-331284.3139,0.99,0.98,0.8,20,0.92,816.3693726751,602.1699210728
112,112,606022.889,0.92,0.91,0.5,60,0.92,758.3458428033,601.0857997515
113,113,500866.2658,0.91,0.93,0.7,55,0.93,762.8041307887,606.1761278901
114,114,-313248.9089,0.92,0.95,0.4,20,0.99,775.3423277119,631.2974901157
115,115,367299.9082,1.0,0.96,0.7,50,0.95,811.9110846897,614.9112890724
116,116,-327995.5476,0.98,0.91,0.1,20,1.0,782.5855696162,634.5809493855
117,117,580517.4369,0.96,0.99,0.1,60,0.97,808.4986304958,621.4782076121
118,118,272989.5077,0.92,1.0,0.3,45,1.0,796.5879338476,635.303696933
119,119,-64283.0108,0.99,0.97,0.5,30,0.94,812.120251448,609.8209609337
120,120,287592.5659,0.92,0.95,0.6,45,0.92,775.3423277119,601.4471735252
121,121,390872.6871,0.92,0.92,0.9,50,0.98,762.5949640304,628.7367783933
122,122,579125.4798,0.96,1.0,0.3,60,0.97,812.747751723,622.2009551596
123,123,-35188.9875,0.91,0.94,0.2,30,0.93,767.0532520159,604.3692590213
124,124,276790.4887,0.95,0.94,1.0,45,0.96,783.2130698912,620.3629909848
125,125,578731.6978,0.96,0.99,0.3,60,0.99,808.4986304958,630.9361163419
126,126,484105.8485,0.96,0.95,0.4,55,0.94,791.5021455872,609.45958716
127,127,169846.9655,0.94,0.95,0.6,40,0.98,783.4222366495,627.652657072
128,128,594748.5222,0.93,0.98,1.0,60,0.91,792.1296458622,598.5250880291
129,129,165947.2837,0.94,1.0,0.8,40,0.95,804.6678427853,615.2726628462
130,130,-161869.3822,0.92,0.92,1.0,25,0.99,762.5949640304,633.4657327582
131,131,274146.7003,0.97,0.95,1.0,45,0.92,795.542100056,602.8926686203
132,132,262521.2779,1.0,0.94,0.8,45,0.97,803.4128422354,624.0078240284
133,133,-53035.3337,0.95,0.98,0.9,30,0.93,800.2095547998,606.8988754376
134,134,480467.2729,1.0,0.91,0.5,55,0.92,790.6654785539,601.0857997515
135,135,-314961.7045,0.93,0.93,0.9,20,1.0,770.8840397264,637.4719395756
136,136,178703.6276,0.92,0.91,0.9,40,1.0,758.3458428033,637.4719395756
137,137,475736.1401,0.97,1.0,0.1,55,0.93,816.7877061918,604.0078852476
138,138,63207.2154,0.92,0.97,0.9,35,0.99,783.8405701662,633.1043589845
139,139,365223.5173,1.0,0.99,1.0,50,0.93,824.6584483711,607.2602492114
140,140,-50954.335,0.94,1.0,1.0,30,0.91,804.6678427853,598.5250880291
141,141,273862.4207,0.94,0.99,0.8,45,0.95,800.4187215581,615.2726628462
142,142,591006.2944,0.95,0.95,0.4,60,0.94,787.4621911184,609.45958716
143,143,492961.7509,0.94,0.93,0.4,55,0.93,774.9239941952,605.0920065689
144,144,393537.7114,0.91,0.92,0.9,50,0.98,758.5550095616,628.7367783933
145,145,-50271.0973,0.95,0.94,0.9,30,0.96,783.2130698912,620.001617211
146,146,166040.3011,0.96,0.96,0.6,40,0.95,795.7512668143,614.5499152986
147,147,271659.0841,1.0,0.91,0.4,45,0.92,790.6654785539,600.7244259777
148,148,166601.7695,0.94,0.96,0.1,40,1.0,787.6713578767,634.5809493855
149,149,371387.0757,0.99,0.95,0.4,50,0.95,803.6220089937,613.8271677511
150,150,170787.9407,0.95,0.96,0.7,40,0.93,791.7113123455,606.1761278901
151,151,-316844.851,0.93,0.97,0.2,20,0.97,787.880524635,621.8395813859
152,152,597443.7325,0.92,0.98,0.9,60,0.91,788.0896913933,598.1637142554
153,153,-152333.7969,0.92,0.92,0.1,25,0.91,762.5949640304,595.2727240653
154,154,67187.4712,0.92,0.95,0.3,35,0.98,775.3423277119,626.5685357508
155,155,576535.575,0.97,0.98,0.3,60,1.0,808.2894637375,635.303696933
156,156,481018.7102,0.96,0.96,0.5,55,0.96,795.7512668143,618.556122116
157,157,-315870.7112,0.96,0.94,0.5,20,0.93,787.25302436,605.4533803426
158,158,374882.5413,0.98,0.92,0.9,50,0.98,786.8346908434,628.7367783933
159,159,161192.4183,0.99,0.95,0.7,40,0.93,803.6220089937,606.1761278901
160,160,45886.8221,0.97,0.99,0.4,35,1.0,812.5385849646,635.6650707068
161,161,-313694.0327,0.94,0.94,0.4,20,0.96,779.1731154224,618.1947483423
162,162,-173927.3734,0.99,0.92,0.6,25,0.91,790.8746453122,597.0795929341
163,163,-47082.9692,0.91,0.99,0.9,30,0.97,788.2988581517,624.3691978022
164,164,54477.8001,0.96,0.97,0.3,35,0.97,800.0003880415,622.2009551596
165,165,-317586.971,0.98,0.92,0.3,20,0.92,786.8346908434,600.363052204
166,166,174653.3932,0.95,0.91,0.6,40,0.96,770.4657062098,618.9174958898
167,167,-72999.0888,1.0,1.0,0.8,30,0.95,828.9075695983,615.2726628462
168,168,47252.3484,0.96,1.0,0.4,35,1.0,812.747751723,635.6650707068
169,169,576383.4819,0.98,1.0,0.3,60,0.94,820.8276606606,609.0982133862
170,170,381069.1895,0.97,0.91,0.3,50,0.96,778.5456151474,617.8333745685
171,171,55213.3993,0.97,0.98,1.0,35,0.92,808.2894637375,602.8926686203
172,172,-161622.9097,0.94,0.94,0.4,25,0.91,779.1731154224,596.3568453866
173,173,165878.825,0.94,1.0,1.0,40,0.95,804.6678427853,615.9954103937
174,174,-178010.1995,0.98,0.95,0.8,25,0.93,799.5820545249,606.5375016639
175,175,381926.4288,0.95,0.95,0.8,50,0.95,787.4621911184,615.2726628462
176,176,-45129.8511,0.92,0.98,0.5,30,0.94,788.0896913933,609.8209609337
177,177,-60259.5449,0.95,1.0,0.5,30,0.97,808.7077972541,622.9237027072
178,178,-333878.0371,0.97,1.0,0.4,20,0.96,816.7877061918,618.1947483423
179,179,-181600.9416,0.98,0.98,0.9,25,0.92,812.3294182063,602.5312948465
180,180,-46363.9544,0.91,1.0,0.8,30,0.95,792.5479793788,615.2726628462
181,181,284545.2878,0.94,0.91,0.7,45,0.95,766.4257517409,614.9112890724
182,182,272866.9095,0.93,0.98,0.7,45,1.0,792.1296458622,636.7491920281
183,183,268795.4158,0.98,0.94,1.0,45,0.96,795.3329332977,620.3629909848
184,184,380025.592,0.98,0.92,0.5,50,0.93,786.8346908434,605.4533803426
185,185,380911.1633,0.97,0.94,0.9,50,0.92,791.2929788289,602.5312948465
186,186,583845.5731,0.97,0.97,0.5,60,0.93,804.0403425103,605.4533803426
187,187,474816.1016,0.95,1.0,0.8,55,1.0,808.7077972541,637.1105658018
188,188,-315356.7389,0.95,0.93,0.4,20,0.96,778.9639486641,618.1947483423
189,189,369049.1752,1.0,0.94,0.4,50,0.96,803.4128422354,618.1947483423
190,190,-45485.8457,0.91,0.98,0.7,30,0.97,784.0497369245,623.6464502547
191,191,-192551.0709,0.99,1.0,0.1,25,0.96,824.8676151294,617.110627021
192,192,383701.3587,0.95,0.96,0.7,50,0.91,791.7113123455,597.4409667079
193,193,-326151.5319,0.98,0.98,0.2,20,0.91,812.3294182063,595.6340978391
194,194,481472.1733,0.96,0.93,0.8,55,1.0,783.0039031329,637.1105658018
195,195,480380.4229,0.98,0.95,0.8,55,0.92,799.5820545249,602.1699210728
196,196,161089.7303,0.99,0.95,1.0,40,0.93,803.6220089937,607.2602492114
197,197,579014.6121,0.99,0.96,0.4,60,0.94,807.8711302208,609.45958716
198,198,-173949.9088,0.96,0.92,0.2,25,0.99,778.7547819057,630.5747425682
199,199,485215.092,0.94,1.0,0.9,55,0.91,804.6678427853,598.1637142554
200,200,55116.5813,0.97,0.96,0.4,35,0.95,799.7912212832,613.8271677511
201,201,-62953.9497,0.97,0.97,1.0,30,0.98,804.0403425103,629.0981521671
202,202,-311014.0638,0.96,0.92,0.6,20,0.92,778.7547819057,601.4471735252
203,203,-306729.5553,0.91,0.94,0.5,20,0.98,767.0532520159,627.2912832983
204,204,-56445.3934,0.98,0.96,0.3,30,0.91,803.831175752,595.9954716128
205,205,390778.1013,0.93,0.94,0.2,50,0.93,775.1331609536,604.3692590213
206,206,158449.0863,1.0,0.95,0.7,40,0.93,807.6619634625,606.1761278901
207,207,291329.5197,0.91,0.92,0.3,45,0.95,758.5550095616,613.4657939774
208,208,378575.1168,0.97,0.95,0.9,50,0.93,795.542100056,606.8988754376
209,209,-55597.0014,0.95,0.99,0.8,30,0.94,804.458676027,610.905082255
210,210,379245.7307,0.92,1.0,0.8,50,0.99,796.5879338476,632.7429852107
211,211,-169989.0001,0.95,0.93,0.1,25,0.97,778.9639486641,621.4782076121
212,212,385334.4047,0.95,0.91,0.5,50,0.97,770.4657062098,622.9237027072
213,213,-44950.9899,0.94,0.94,0.3,30,0.94,779.1731154224,609.0982133862
214,214,493341.9485,0.93,0.94,0.7,55,0.94,775.1331609536,610.5437084813
215,215,-328133.2445,0.96,0.95,0.3,20,1.0,791.5021455872,635.303696933
216,216,-183741.3875,1.0,0.94,0.4,25,0.94,803.4128422354,609.45958716
217,217,258617.0806,1.0,0.97,0.5,45,0.97,816.1602059168,622.9237027072
218,218,160017.5438,0.97,0.97,0.2,40,0.97,804.0403425103,621.8395813859
219,219,-307808.951,0.91,1.0,0.7,20,0.92,792.5479793788,601.808547299
220,220,174201.8385,0.93,0.96,0.8,40,0.95,783.6314034079,615.2726628462
221,221,379611.6182,0.96,0.97,0.8,50,0.92,800.0003880415,602.1699210728
222,222,173175.3443,0.97,0.91,0.8,40,0.92,778.5456151474,602.1699210728
223,223,-316068.9283,0.95,0.96,0.9,20,0.93,791.7113123455,606.8988754376
224,224,-53710.7113,0.95,0.95,0.3,30,0.98,787.4621911184,626.5685357508
225,225,51899.7447,0.97,0.99,0.7,35,0.94,812.5385849646,610.5437084813
226,226,148399.5645,1.0,1.0,1.0,40,0.96,828.9075695983,620.3629909848
227,227,489331.7546,0.93,0.95,1.0,55,0.97,779.3822821807,624.7305715759
228,228,605721.5191,0.91,0.92,0.2,60,0.94,758.5550095616,608.7368396125
229,229,-171165.446,0.95,0.95,1.0,25,0.95,787.4621911184,615.9954103937
230,230,486631.6731,0.97,0.93,0.6,55,0.91,787.0438576017,597.0795929341
231,231,56540.7316,0.97,0.98,0.1,35,0.91,808.2894637375,595.2727240653
232,232,-305967.5275,0.95,0.92,0.2,20,0.91,774.7148274369,595.6340978391
233,233,72090.7168,0.93,0.93,0.9,35,0.93,770.8840397264,606.8988754376
234,234,385154.823,0.93,0.99,0.1,50,0.92,796.3787670893,599.6403046564
235,235,-50214.4058,0.92,0.97,0.7,30,1.0,783.8405701662,636.7491920281
236,236,-62804.7039,0.98,0.95,0.8,30,0.98,799.5820545249,628.3754046196
237,237,583799.9486,0.97,0.95,0.9,60,0.96,795.542100056,620.001617211
238,238,168908.4351,0.95,0.93,0.4,40,0.99,778.9639486641,631.2974901157
239,239,49456.326,0.97,0.97,1.0,35,0.99,804.0403425103,633.4657327582
240,240,60915.274,0.94,0.97,0.5,35,0.96,791.9204791038,618.556122116
241,241,-298906.3736,0.91,0.93,0.4,20,0.94,762.8041307887,609.45958716
242,242,363315.9569,0.98,1.0,0.6,50,0.99,820.8276606606,632.0202376632
243,243,60746.5721,0.96,0.96,0.9,35,0.92,795.7512668143,602.5312948465
244,244,-155084.6139,0.91,0.95,0.1,25,0.92,771.302373243,599.6403046564
245,245,389148.4433,0.95,0.92,0.3,50,0.91,774.7148274369,595.9954716128
246,246,369463.469,0.98,1.0,0.2,50,0.93,820.8276606606,604.3692590213
247,247,50325.0419,1.0,0.92,0.5,35,0.97,794.9145997811,622.9237027072
248,248,176321.1134,0.94,0.94,0.6,40,0.93,779.1731154224,605.8147541164
249,249,163421.6069,0.96,0.98,0.2,40,0.95,804.2495092687,613.1044202036
250,250,382847.4282,0.95,0.92,1.0,50,0.98,774.7148274369,629.0981521671
251,251,376000.6506,0.98,0.95,0.6,50,0.93,799.5820545249,605.8147541164
252,252,-53240.7567,0.97,0.95,0.7,30,0.92,795.542100056,601.808547299
253,253,79684.3764,0.91,0.93,0.7,35,0.91,762.8041307887,597.4409667079
254,254,68050.3171,0.95,0.92,0.7,35,0.93,774.7148274369,606.1761278901
255,255,-189473.9603,0.98,1.0,0.3,25,0.96,820.8276606606,617.8333745685
256,256,-173038.4713,0.96,0.95,0.9,25,0.94,791.5021455872,611.2664560288
257,257,387603.702,0.96,0.91,1.0,50,0.91,774.5056606786,598.5250880291
258,258,-186420.2778,0.97,0.97,0.3,25,1.0,804.0403425103,635.303696933
259,259,-191074.0967,0.99,0.99,0.4,25,0.96,820.6184939023,618.1947483423
260,260,-40907.6743,0.92,0.93,0.4,30,0.97,766.8440852576,622.5623289334
261,261,579180.2897,0.99,0.94,0.1,60,0.97,799.3728877665,621.4782076121
262,262,387228.1454,0.92,0.97,0.9,50,0.95,783.8405701662,615.6340366199
263,263,284015.4924,0.92,0.97,0.3,45,0.93,783.8405701662,604.7306327951
264,264,-302595.5281,0.92,0.94,0.8,20,0.93,771.0932064847,606.5375016639
265,265,153533.5612,0.98,0.99,0.1,40,0.98,816.5785394335,625.8457882033
266,266,-45134.493,0.93,0.94,0.1,30,0.97,775.1331609536,621.4782076121
267,267,-38123.9842,0.91,0.96,0.2,30,0.93,775.5514944702,604.3692590213
268,268,71461.7703,0.91,0.93,0.9,35,0.99,762.8041307887,633.1043589845
269,269,-43924.2749,0.91,0.99,1.0,30,0.94,788.2988581517,611.6278298025
270,270,609580.7829,0.91,0.91,0.4,60,0.91,754.3058883344,596.3568453866
271,271,606115.3011,0.91,0.93,0.2,60,0.92,762.8041307887,600.0016784302
272,272,-63514.0416,1.0,0.93,0.8,30,0.96,799.1637210082,619.6402434373
273,273,-315715.6169,0.97,0.92,0.2,20,0.93,782.7947363746,604.3692590213
274,274,582237.242,0.99,0.93,0.1,60,0.95,795.1237665394,612.7430464299
275,275,384441.7373,0.96,0.92,0.2,50,0.94,778.7547819057,608.7368396125
276,276,72795.3478,0.91,0.98,0.7,35,0.91,784.0497369245,597.4409667079
277,277,52326.9048,0.98,0.93,0.7,35,0.99,791.0838120705,632.3816114369
278,278,370498.8353,0.99,0.98,0.3,50,0.91,816.3693726751,595.9954716128
279,279,383318.386,0.95,0.94,0.6,50,0.95,783.2130698912,614.5499152986
280,280,-182044.4408,0.96,1.0,0.6,25,0.95,812.747751723,614.5499152986
281,281,373586.7043,0.95,0.99,0.8,50,0.98,804.458676027,628.3754046196
282,282,65185.6083,0.94,0.94,0.1,35,0.96,779.1731154224,617.110627021
283,283,376123.2487,0.97,0.97,0.2,50,0.93,804.0403425103,604.3692590213
284,284,565816.9598,1.0,1.0,0.5,60,1.0,828.9075695983,636.0264444806
285,285,63197.3807,0.93,0.98,0.8,35,0.95,792.1296458622,615.2726628462
286,286,-338967.6962,0.98,1.0,0.9,20,0.97,820.8276606606,624.3691978022
287,287,161105.435,0.98,0.92,0.2,40,1.0,786.8346908434,634.9423231593
288,288,64275.4373,0.95,0.94,0.7,35,0.94,783.2130698912,610.5437084813
289,289,45577.2382,1.0,0.97,0.2,35,0.95,816.1602059168,613.1044202036
290,290,272317.0397,0.98,0.93,0.4,45,0.94,791.0838120705,609.45958716
291,291,158144.2835,0.97,0.99,0.6,40,0.96,812.5385849646,618.9174958898
292,292,150852.982,1.0,0.96,1.0,40,0.99,811.9110846897,633.4657327582
293,293,-169416.2747,0.95,0.91,0.6,25,0.99,770.4657062098,632.0202376632
294,294,-194525.8249,0.99,0.98,0.7,25,1.0,816.3693726751,636.7491920281
295,295,-343226.228,1.0,0.96,0.3,20,1.0,811.9110846897,635.303696933
296,296,-188603.9894,0.99,0.95,1.0,25,0.99,803.6220089937,633.4657327582
297,297,156295.5821,0.99,0.97,1.0,40,0.95,812.120251448,615.9954103937
298,298,-168921.4977,0.92,0.98,0.9,25,0.97,788.0896913933,624.3691978022
299,299,-179230.3175,0.99,0.94,0.1,25,0.93,799.3728877665,604.0078852476
300,300,-37659.806,0.93,0.91,0.3,30,0.94,762.3857972721,609.0982133862
301,301,483260.4575,0.95,0.99,0.1,55,0.92,804.458676027,599.6403046564
302,302,167147.5333,0.93,0.99,0.4,40,0.98,796.3787670893,626.9299095245
303,303,384386.9274,0.93,0.98,0.4,50,0.94,792.1296458622,609.45958716
304,304,375705.5668,0.97,0.98,0.5,50,0.92,808.2894637375,601.0857997515
305,305,357985.9083,1.0,1.0,0.6,50,0.99,828.9075695983,632.0202376632
306,306,583858.4666,0.98,0.93,0.7,60,0.96,791.0838120705,619.2788696635
307,307,479204.639,0.95,0.98,0.8,55,0.98,800.2095547998,628.3754046196
308,308,278547.1719,0.91,1.0,0.7,45,0.97,792.5479793788,623.6464502547
309,309,384591.4531,0.94,0.95,0.8,50,0.95,783.4222366495,615.2726628462
310,310,57557.5553,0.95,0.99,0.2,35,0.94,804.458676027,608.7368396125
311,311,284575.4738,0.94,0.91,0.6,45,0.95,766.4257517409,614.5499152986
312,312,486940.2585,0.93,0.97,0.1,55,0.97,787.880524635,621.4782076121
313,313,61541.94,0.95,0.93,0.8,35,0.98,778.9639486641,628.3754046196
314,314,271591.9884,0.95,0.95,0.5,45,1.0,787.4621911184,636.0264444806
315,315,-180878.8161,0.96,0.97,0.5,25,0.98,800.0003880415,627.2912832983
316,316,601830.2152,0.92,0.91,0.1,60,0.97,758.3458428033,621.4782076121
317,317,-52829.3964,0.93,0.99,0.5,30,0.97,796.3787670893,622.9237027072
318,318,376368.7646,0.96,0.95,0.4,50,0.98,791.5021455872,626.9299095245
319,319,277675.4203,0.97,0.91,0.3,45,0.94,778.5456151474,609.0982133862
320,320,66463.1708,0.96,0.92,0.3,35,0.92,778.7547819057,600.363052204
321,321,-328636.7861,0.96,0.97,0.7,20,0.98,800.0003880415,628.0140308458
322,322,-179169.4563,0.94,0.99,0.9,25,0.99,800.4187215581,633.1043589845
323,323,266699.0035,0.99,0.93,0.2,45,0.97,795.1237665394,621.8395813859
324,324,270071.5513,0.98,0.94,0.1,45,0.95,795.3329332977,612.7430464299
325,325,-66393.5638,0.97,0.98,0.4,30,1.0,808.2894637375,635.6650707068
326,326,473490.6848,1.0,0.93,0.5,55,0.97,799.1637210082,622.9237027072
327,327,-316938.0634,0.93,0.96,0.8,20,0.98,783.6314034079,628.3754046196
328,328,594039.7858,0.91,0.98,1.0,60,0.98,784.0497369245,629.0981521671
329,329,-190987.8509,0.99,0.99,0.2,25,0.96,820.6184939023,617.4720007947
330,330,-332581.1755,0.98,0.99,0.6,20,0.94,816.5785394335,610.1823347075
331,331,602148.8777,0.92,0.94,0.1,60,0.92,771.0932064847,599.6403046564
332,332,-64991.8255,0.98,0.95,0.8,30,1.0,799.5820545249,637.1105658018
333,333,-322860.9141,0.98,0.96,0.4,20,0.91,803.831175752,596.3568453866
334,334,69528.2019,0.92,0.97,0.3,35,0.93,783.8405701662,604.7306327951
335,335,473509.8314,0.98,0.99,0.2,55,0.94,816.5785394335,608.7368396125
336,336,-315196.078,0.92,0.96,1.0,20,0.99,779.591448939,633.4657327582
337,337,265884.8756,1.0,0.96,0.8,45,0.91,811.9110846897,597.8023404816
338,338,273368.0534,0.93,1.0,0.2,45,0.97,800.6278883165,621.8395813859
339,339,174918.9131,0.93,0.94,0.8,40,0.97,775.1331609536,624.0078240284
340,340,284669.74,0.92,0.95,0.3,45,0.95,775.3423277119,613.4657939774
341,341,273446.2729,0.97,0.91,1.0,45,0.98,778.5456151474,629.0981521671
342,342,497035.334,0.92,0.92,0.4,55,0.96,762.5949640304,618.1947483423
343,343,276132.533,0.97,0.92,1.0,45,0.94,782.7947363746,611.6278298025
344,344,-47155.655,0.91,1.0,0.1,30,0.96,792.5479793788,617.110627021
345,345,494357.4162,0.92,0.96,0.2,55,0.93,779.591448939,604.3692590213
346,346,267520.4947,1.0,0.91,0.8,45,0.96,790.6654785539,619.6402434373
347,347,-312233.0079,0.93,0.97,0.1,20,0.94,787.880524635,608.3754658387
348,348,589473.2835,0.98,0.92,0.8,60,0.91,786.8346908434,597.8023404816
349,349,-307324.9093,0.95,0.91,0.2,20,0.93,770.4657062098,604.3692590213
350,350,-331736.1532,0.97,0.96,0.5,20,0.99,799.7912212832,631.6588638894
351,351,576899.171,0.97,0.99,0.4,60,0.98,812.5385849646,626.9299095245
352,352,-330537.3299,0.97,0.99,0.1,20,0.95,812.5385849646,612.7430464299
353,353,-162059.5612,0.91,0.95,0.4,25,0.98,771.302373243,626.9299095245
354,354,372011.1373,0.99,0.93,0.5,50,0.97,795.1237665394,622.9237027072
355,355,175486.6268,0.91,0.99,1.0,40,0.95,788.2988581517,615.9954103937
356,356,372903.8047,0.98,0.92,0.8,50,1.0,786.8346908434,637.1105658018
357,357,177259.6438,0.93,0.96,0.8,40,0.92,783.6314034079,602.1699210728
358,358,272824.0653,0.96,0.95,0.9,45,0.96,791.5021455872,620.001617211
359,359,261643.1228,0.97,1.0,0.4,45,0.98,816.7877061918,626.9299095245
360,360,-39981.0456,0.93,0.91,0.8,30,0.96,762.3857972721,619.6402434373
361,361,585634.3294,0.95,0.97,0.8,60,0.97,795.9604335727,624.0078240284
362,362,-50098.6058,0.95,0.94,0.5,30,0.96,783.2130698912,618.556122116
363,363,-172963.8491,0.95,0.97,0.6,25,0.94,795.9604335727,610.1823347075
364,364,158680.3768,0.98,0.98,1.0,40,0.94,812.3294182063,611.6278298025
365,365,369763.7948,1.0,0.92,0.2,50,0.98,794.9145997811,626.207161977
366,366,284893.6475,0.95,0.91,0.7,45,0.92,770.4657062098,601.808547299
367,367,-317348.3926,0.93,0.99,0.6,20,0.95,796.3787670893,614.5499152986
368,368,160855.9951,0.99,0.93,0.8,40,0.96,795.1237665394,619.6402434373
369,369,586133.4169,0.95,0.96,0.7,60,0.98,791.7113123455,628.0140308458
370,370,-153103.0706,0.92,0.91,0.2,25,0.93,758.3458428033,604.3692590213
371,371,595168.5815,0.94,0.92,0.1,60,0.97,770.6748729681,621.4782076121
372,372,-326943.4902,0.99,0.92,0.1,20,0.96,790.8746453122,617.110627021
373,373,477447.2318,0.96,0.96,0.9,55,1.0,795.7512668143,637.4719395756
374,374,43099.5902,1.0,0.95,0.6,35,1.0,807.6619634625,636.3878182543
375,375,277330.7687,0.94,0.95,0.3,45,0.97,783.4222366495,622.2009551596
376,376,-309498.1236,0.96,0.91,1.0,20,0.92,774.5056606786,602.8926686203
377,377,57591.9488,0.96,0.94,0.3,35,0.98,787.25302436,626.5685357508
378,378,-179143.1046,0.96,0.96,0.2,25,0.98,795.7512668143,626.207161977
379,379,379526.3022,0.97,0.92,1.0,50,0.96,782.7947363746,620.3629909848
380,380,592525.7208,0.91,0.98,0.3,60,1.0,784.0497369245,635.303696933
381,381,157081.1152,0.99,0.95,0.8,40,0.97,803.6220089937,624.0078240284
382,382,171536.6356,0.92,1.0,0.5,40,0.95,796.5879338476,614.1885415249
383,383,-323058.8802,0.93,0.98,0.1,20,1.0,792.1296458622,634.5809493855
384,384,-327262.007,0.95,1.0,0.6,20,0.96,808.7077972541,618.9174958898
385,385,380119.8581,0.96,0.96,0.2,50,0.93,795.7512668143,604.3692590213
386,386,-45730.671,0.91,0.99,0.3,30,0.96,788.2988581517,617.8333745685
387,387,-64263.1336,1.0,0.95,0.6,30,0.94,807.6619634625,610.1823347075
388,388,585054.5601,0.98,0.94,0.9,60,0.93,795.3329332977,606.8988754376
389,389,163991.9295,0.97,0.97,0.5,40,0.93,804.0403425103,605.4533803426
390,390,153686.7226,0.98,0.98,0.7,40,0.99,812.3294182063,632.3816114369
391,391,-174543.2666,0.99,0.91,0.2,25,0.93,786.6255240851,604.3692590213
392,392,-58204.6461,0.97,0.94,0.5,30,0.98,791.2929788289,627.2912832983
393,393,-339857.6928,0.98,0.98,0.2,20,1.0,812.3294182063,634.9423231593
394,394,475023.6957,0.97,0.96,0.1,55,1.0,799.7912212832,634.5809493855
395,395,606945.9446,0.92,0.91,0.3,60,0.91,758.3458428033,595.9954716128
396,396,58115.5985,0.95,1.0,0.5,35,0.92,808.7077972541,601.0857997515
397,397,-32579.246,0.92,0.91,0.1,30,0.92,758.3458428033,599.6403046564
398,398,-182135.0447,1.0,0.93,0.4,25,0.94,799.1637210082,609.45958716
399,399,62802.1694,0.91,1.0,1.0,35,0.98,792.5479793788,629.0981521671
400,400,272564.4097,0.96,0.93,0.6,45,0.99,783.0039031329,632.0202376632
401,401,381186.8652,0.96,0.92,1.0,50,0.97,778.7547819057,624.7305715759
402,402,-170828.6706,0.98,0.92,0.6,25,0.91,786.8346908434,597.0795929341
403,403,160029.8231,0.98,0.95,0.2,40,0.97,799.5820545249,621.8395813859
404,404,-300393.1241,0.91,0.92,0.7,20,0.96,758.5550095616,619.2788696635
405,405,-318992.3397,0.95,0.95,1.0,20,0.96,787.4621911184,620.3629909848
406,406,285843.2989,0.92,0.97,0.9,45,0.91,783.8405701662,598.1637142554
407,407,493645.1724,0.93,0.95,1.0,55,0.92,779.3822821807,602.8926686203
408,408,262615.5441,0.98,0.98,0.5,45,0.97,812.3294182063,622.9237027072
409,409,391754.9496,0.93,0.94,0.5,50,0.91,775.1331609536,596.7182191603
410,410,59169.0963,0.95,1.0,0.4,35,0.91,808.7077972541,596.3568453866
411,411,280603.8083,0.94,0.97,0.6,45,0.91,791.9204791038,597.0795929341
412,412,374398.6056,1.0,0.93,0.4,50,0.92,799.1637210082,600.7244259777
413,413,586964.0605,0.96,0.94,0.8,60,0.97,787.25302436,624.0078240284
414,414,59952.1848,0.93,0.99,0.3,35,0.97,796.3787670893,622.2009551596
415,415,253466.9338,1.0,1.0,1.0,45,0.98,828.9075695983,629.0981521671
416,416,-177639.2765,0.96,0.98,0.6,25,0.94,804.2495092687,610.1823347075
417,417,263029.5179,1.0,0.93,0.2,45,0.98,799.1637210082,626.207161977
418,418,492100.9214,0.93,0.95,0.4,55,0.94,779.3822821807,609.45958716
419,419,367015.6286,0.97,1.0,0.5,50,0.98,816.7877061918,627.2912832983
420,420,284540.0457,0.93,0.96,0.8,45,0.91,783.6314034079,597.8023404816
421,421,476230.8287,0.99,0.91,0.5,55,1.0,786.6255240851,636.0264444806
422,422,153533.5612,0.98,0.99,0.1,40,0.98,816.5785394335,625.8457882033
423,423,474722.5265,0.97,1.0,0.6,55,0.94,816.7877061918,610.1823347075
424,424,-57273.8998,0.99,0.93,0.8,30,0.93,795.1237665394,606.5375016639
425,425,-52597.7877,0.96,0.95,1.0,30,0.94,791.5021455872,611.6278298025
426,426,-306015.5145,0.92,0.96,0.9,20,0.93,779.591448939,606.8988754376
427,427,-308751.1396,0.94,0.92,0.3,20,0.95,770.6748729681,613.4657939774
428,428,591384.6379,0.95,0.94,0.7,60,0.95,783.2130698912,614.9112890724
429,429,385448.0527,0.95,0.94,0.2,50,0.93,783.2130698912,604.3692590213
430,430,163226.0657,0.95,0.97,0.9,40,0.99,795.9604335727,633.1043589845
431,431,-174177.8583,0.96,0.98,0.8,25,0.91,804.2495092687,597.8023404816
432,432,-328866.2954,0.98,0.96,0.2,20,0.95,803.831175752,613.1044202036
433,433,71464.0508,0.92,0.97,0.6,35,0.91,783.8405701662,597.0795929341
434,434,472567.6292,1.0,0.93,0.7,55,0.98,799.1637210082,628.0140308458
435,435,580515.5829,0.97,0.97,0.1,60,0.97,804.0403425103,621.4782076121
436,436,162872.582,1.0,0.91,0.9,40,0.94,790.6654785539,611.2664560288
437,437,485970.4153,0.94,0.97,0.2,55,0.95,791.9204791038,613.1044202036
438,438,76838.3564,0.92,0.93,1.0,35,0.91,766.8440852576,598.5250880291
439,439,-162003.1603,0.93,0.94,0.4,25,0.94,775.1331609536,609.45958716
440,440,486725.9392,0.95,0.97,0.3,55,0.91,795.9604335727,595.9954716128
441,441,595367.6629,0.93,0.93,1.0,60,0.98,770.8840397264,629.0981521671
442,442,-54850.7636,0.97,0.91,0.7,30,0.99,778.5456151474,632.3816114369
443,443,158739.1649,1.0,0.94,0.9,40,0.94,803.4128422354,611.2664560288
444,444,487783.7955,0.95,0.91,0.4,55,0.99,770.4657062098,631.2974901157
445,445,-309269.9759,0.92,0.97,1.0,20,0.94,783.8405701662,611.6278298025
446,446,-325593.075,0.99,0.92,0.5,20,0.95,790.8746453122,614.1885415249
447,447,-194402.6627,0.98,1.0,0.3,25,1.0,820.8276606606,635.303696933
448,448,-156133.667,0.92,0.92,1.0,25,0.94,762.5949640304,611.6278298025
449,449,279896.2848,0.94,0.96,0.7,45,0.93,787.6713578767,606.1761278901
450,450,484441.1125,0.95,0.98,0.6,55,0.92,800.2095547998,601.4471735252
451,451,-174619.7297,0.97,0.91,1.0,25,0.98,778.5456151474,629.0981521671
452,452,382489.7987,0.94,0.99,0.1,50,0.92,800.4187215581,599.6403046564
453,453,376868.694,0.94,1.0,1.0,50,0.96,804.6678427853,620.3629909848
454,454,392440.5183,0.91,0.96,0.2,50,0.94,775.5514944702,608.7368396125
455,455,-322928.4009,0.99,0.93,1.0,20,0.92,795.1237665394,602.8926686203
456,456,-54045.503,0.97,0.92,0.4,30,0.97,782.7947363746,622.5623289334
457,457,497700.2999,0.93,0.92,0.8,55,0.92,766.6349184992,602.1699210728
458,458,-177685.0923,1.0,0.91,0.3,25,0.93,790.6654785539,604.7306327951
459,459,368930.2851,0.99,0.96,0.8,50,0.96,807.8711302208,619.6402434373
460,460,273542.393,0.94,0.97,0.7,45,0.98,791.9204791038,628.0140308458
461,461,476564.2387,0.99,0.92,0.7,55,0.98,790.8746453122,628.0140308458
462,462,-50722.212,0.97,0.94,0.9,30,0.91,791.2929788289,598.1637142554
463,463,390396.8865,0.91,0.99,0.6,50,0.91,788.2988581517,597.0795929341
464,464,606962.5461,0.91,0.91,0.5,60,0.94,754.3058883344,609.8209609337
465,465,590599.6189,0.94,0.98,0.2,60,0.93,796.169600331,604.3692590213
466,466,591842.5,0.93,0.99,0.5,60,0.93,796.3787670893,605.4533803426
467,467,-49472.1453,0.91,1.0,0.4,30,0.98,792.5479793788,626.9299095245
468,468,473419.2733,0.98,0.99,0.5,55,0.94,816.5785394335,609.8209609337
469,469,590942.2143,0.97,0.91,0.6,60,0.94,778.5456151474,610.1823347075
470,470,174211.509,0.91,1.0,0.7,40,0.95,792.5479793788,614.9112890724
471,471,467697.2967,0.99,1.0,0.5,55,0.96,824.8676151294,618.556122116
472,472,-57230.2626,0.99,0.91,0.1,30,0.96,786.6255240851,617.110627021
473,473,73568.7658,0.91,0.93,0.7,35,0.97,762.8041307887,623.6464502547
474,474,384214.7614,0.92,0.97,0.9,50,0.98,783.8405701662,628.7367783933
475,475,63258.6136,0.97,0.93,0.6,35,0.91,787.0438576017,597.0795929341
476,476,590689.486,0.94,0.94,0.4,60,0.99,779.1731154224,631.2974901157
477,477,271871.0259,0.97,0.96,0.8,45,0.93,799.7912212832,606.5375016639
478,478,58991.7044,0.95,0.95,0.2,35,0.98,787.4621911184,626.207161977
479,479,-327055.4616,0.98,0.94,0.3,20,0.96,795.3329332977,617.8333745685
480,480,273847.9085,0.98,0.94,0.9,45,0.91,795.3329332977,598.1637142554
481,481,58091.2039,0.94,0.99,0.7,35,0.96,800.4187215581,619.2788696635
482,482,276470.461,0.95,0.92,0.9,45,0.99,774.7148274369,633.1043589845
483,483,168481.2751,0.94,0.99,0.4,40,0.94,800.4187215581,609.45958716
484,484,263258.9875,1.0,0.95,0.6,45,0.95,807.6619634625,614.5499152986
485,485,575383.4527,0.99,1.0,0.5,60,0.92,824.8676151294,601.0857997515
486,486,49776.6693,0.98,0.95,0.1,35,0.99,799.5820545249,630.2133687944
487,487,-191325.5522,0.97,1.0,0.5,25,1.0,816.7877061918,636.0264444806
488,488,257913.2651,0.98,1.0,0.6,45,0.99,820.8276606606,632.0202376632
489,489,173182.7342,0.94,0.91,1.0,40,1.0,766.4257517409,637.8333133493
490,490,581118.3227,0.99,0.95,0.7,60,0.93,803.6220089937,606.1761278901
491,491,590099.8404,0.94,0.95,0.8,60,0.98,783.4222366495,628.3754046196
492,492,67308.848,0.94,0.93,0.9,35,0.95,774.9239941952,615.6340366199
493,493,-41134.3003,0.91,0.93,0.3,30,1.0,762.8041307887,635.303696933
494,494,589565.6956,0.97,0.94,0.5,60,0.91,791.2929788289,596.7182191603
495,495,-35232.1104,0.91,0.94,0.3,30,0.93,767.0532520159,604.7306327951
496,496,164974.6881,0.96,0.93,0.9,40,1.0,783.0039031329,637.4719395756
497,497,60861.5394,0.97,0.94,0.6,35,0.92,791.2929788289,601.4471735252
498,498,176860.6319,0.93,0.92,0.2,40,0.98,766.6349184992,626.207161977
499,499,374247.6755,1.0,0.93,0.9,50,0.92,799.1637210082,602.5312948465
500,500,60762.2767,0.95,0.93,0.1,35,0.99,778.9639486641,630.2133687944
501,501,-63938.542,0.99,0.99,0.3,30,0.91,820.6184939023,595.9954716128
502,502,-51762.4585,0.99,0.91,0.1,30,0.91,786.6255240851,595.2727240653
503,503,-42706.7974,0.91,0.97,0.1,30,0.96,779.8006156973,617.110627021
504,504,169815.1809,0.96,0.94,0.6,40,0.94,787.25302436,610.1823347075
505,505,-328421.1716,0.96,0.97,0.2,20,0.98,800.0003880415,626.207161977
506,506,-302160.835,0.91,0.94,0.5,20,0.95,767.0532520159,614.1885415249
507,507,275163.8198,0.94,0.98,0.9,45,0.95,796.169600331,615.6340366199
508,508,-57024.8396,0.97,0.94,0.3,30,0.97,791.2929788289,622.2009551596
509,509,380754.7239,0.94,0.95,0.2,50,0.99,783.4222366495,630.5747425682
510,510,-53667.5884,0.95,0.95,0.2,30,0.98,787.4621911184,626.207161977
511,511,-335220.124,0.99,0.96,0.1,20,0.97,807.8711302208,621.4782076121
512,512,479173.2899,0.96,1.0,0.4,55,0.92,812.747751723,600.7244259777
513,513,363463.179,1.0,0.96,0.1,50,0.99,811.9110846897,630.2133687944
514,514,583257.7815,0.96,1.0,0.9,60,0.92,812.747751723,602.5312948465
515,515,481901.7034,0.93,1.0,0.7,55,0.98,800.6278883165,628.0140308458
516,516,367682.1619,0.99,1.0,0.6,50,0.92,824.8676151294,601.4471735252
517,517,168571.8478,0.94,0.96,0.3,40,0.98,787.6713578767,626.5685357508
518,518,159060.864,0.97,0.99,0.9,40,0.95,812.5385849646,615.6340366199
519,519,-315061.8453,0.95,0.92,0.1,20,0.97,774.7148274369,621.4782076121
520,520,-45279.4298,0.94,0.95,0.1,30,0.93,783.4222366495,604.0078852476
521,521,53938.2816,0.97,0.99,0.7,35,0.92,812.5385849646,601.808547299
522,522,-157617.8607,0.91,0.95,0.7,25,0.94,771.302373243,610.5437084813
523,523,476262.8687,0.98,0.93,0.4,55,1.0,791.0838120705,635.6650707068
524,524,-40626.914,0.94,0.93,1.0,30,0.91,774.9239941952,598.5250880291
525,525,-31839.3052,0.91,0.91,0.2,30,0.94,754.3058883344,608.7368396125
526,526,-49087.9222,0.93,0.98,0.4,30,0.95,792.1296458622,613.8271677511
527,527,-185777.8839,0.97,0.98,0.8,25,0.98,808.2894637375,628.3754046196
528,528,-331449.5879,0.95,0.99,0.1,20,1.0,804.458676027,634.5809493855
529,529,379855.2801,0.96,0.93,1.0,50,0.97,783.0039031329,624.7305715759
530,530,176250.0459,0.91,1.0,0.7,40,0.93,792.5479793788,606.1761278901
531,531,189703.795,0.91,0.91,0.6,40,0.92,754.3058883344,601.4471735252
532,532,72664.3005,0.91,0.96,0.2,35,0.94,775.5514944702,608.7368396125
533,533,390988.1891,0.91,0.97,0.6,50,0.94,779.8006156973,610.1823347075
534,534,383323.9481,0.92,1.0,0.6,50,0.95,796.5879338476,614.5499152986
535,535,-65452.6173,0.98,0.96,0.9,30,0.99,803.831175752,633.1043589845
536,536,-69910.2607,0.99,1.0,0.5,30,0.95,824.8676151294,614.1885415249
537,537,464186.1904,0.99,1.0,0.7,55,1.0,824.8676151294,636.7491920281
538,538,50141.616,0.99,0.94,1.0,35,0.97,799.3728877665,624.7305715759
539,539,52856.5886,0.98,0.92,0.2,35,1.0,786.8346908434,634.9423231593
540,540,-67961.485,1.0,0.96,0.6,30,0.96,811.9110846897,618.9174958898
541,541,167596.4792,0.92,1.0,0.1,40,0.99,796.5879338476,630.2133687944
542,542,392083.2085,0.91,0.97,0.3,50,0.93,779.8006156973,604.7306327951
543,543,479016.5971,0.98,0.91,0.1,55,1.0,782.5855696162,634.5809493855
544,544,-195843.7959,1.0,1.0,0.4,25,0.96,828.9075695983,618.1947483423
545,545,593203.5802,0.93,0.94,0.9,60,0.99,775.1331609536,633.1043589845
546,546,-54901.2323,0.96,0.98,0.9,30,0.92,804.2495092687,602.5312948465
547,547,573806.4706,1.0,0.94,0.5,60,1.0,803.4128422354,636.0264444806
548,548,-183969.415,0.98,0.98,0.7,25,0.94,812.3294182063,610.5437084813
549,549,154705.991,0.98,0.98,0.7,40,0.98,812.3294182063,628.0140308458
550,550,-297009.294,0.91,0.91,0.3,20,0.95,754.3058883344,613.4657939774
551,551,574215.6911,1.0,0.97,0.2,60,0.95,816.1602059168,613.1044202036
552,552,275575.9396,0.97,0.91,0.6,45,0.96,778.5456151474,618.9174958898
553,553,-55845.5473,0.97,0.96,0.7,30,0.93,799.7912212832,606.1761278901
554,554,365351.3576,1.0,0.96,0.5,50,0.97,811.9110846897,622.9237027072
555,555,-167457.0036,0.94,0.91,0.5,25,1.0,766.4257517409,636.0264444806
556,556,-188480.3768,0.99,0.99,0.1,25,0.94,820.6184939023,608.3754658387
557,557,-55126.5324,0.97,0.97,0.6,30,0.91,804.0403425103,597.0795929341
558,558,577244.3114,0.99,0.98,0.3,60,0.93,816.3693726751,604.7306327951
559,559,473737.2448,0.98,0.98,1.0,55,0.95,812.3294182063,615.9954103937
560,560,581502.2283,0.96,1.0,1.0,60,0.94,812.747751723,611.6278298025
561,561,76906.815,0.92,0.93,0.8,35,0.91,766.8440852576,597.8023404816
562,562,151918.595,1.0,0.99,0.7,40,0.94,824.6584483711,610.5437084813
563,563,-180088.434,0.99,0.92,1.0,25,0.96,790.8746453122,620.3629909848
564,564,-333729.9094,0.98,0.97,0.5,20,0.97,808.0802969792,622.9237027072
565,565,-170981.331,0.96,0.93,0.7,25,0.95,783.0039031329,614.9112890724
566,566,62641.9464,0.96,0.91,0.6,35,0.97,774.5056606786,623.2850764809
567,567,394625.6347,0.91,0.95,0.7,50,0.93,771.302373243,606.1761278901
568,568,157586.2403,0.97,0.98,0.3,40,0.98,808.2894637375,626.5685357508
569,569,-53572.1798,0.97,0.96,0.5,30,0.91,799.7912212832,596.7182191603
570,570,56089.5052,0.97,0.93,0.7,35,0.98,787.0438576017,628.0140308458
571,571,59103.2465,0.98,0.94,0.7,35,0.91,795.3329332977,597.4409667079
572,572,-312264.3383,0.94,0.93,1.0,20,0.96,774.9239941952,620.3629909848
573,573,161131.1855,0.95,1.0,0.9,40,0.97,808.7077972541,624.3691978022
574,574,72754.8732,0.91,0.93,0.1,35,0.98,762.8041307887,625.8457882033
575,575,-317959.0414,0.95,0.99,0.6,20,0.91,804.458676027,597.0795929341
576,576,170775.8254,0.95,0.93,0.9,40,0.97,778.9639486641,624.3691978022
577,577,172112.9924,0.94,0.92,0.1,40,1.0,770.6748729681,634.5809493855
578,578,469315.5043,1.0,1.0,0.6,55,0.91,828.9075695983,597.0795929341
579,579,-329944.0784,0.96,0.97,0.2,20,0.99,800.0003880415,630.5747425682
580,580,269805.4392,0.95,1.0,1.0,45,0.95,808.7077972541,615.9954103937
581,581,-322860.9141,0.98,0.96,0.4,20,0.91,803.831175752,596.3568453866
582,582,-166395.5651,0.91,0.97,0.4,25,0.99,779.8006156973,631.2974901157
583,583,283663.4246,0.93,0.93,0.3,45,0.96,770.8840397264,617.8333745685
584,584,-60981.9282,0.97,0.95,0.9,30,0.99,795.542100056,633.1043589845
585,585,390542.2545,0.94,0.93,0.1,50,0.91,774.9239941952,595.2727240653
586,586,-160463.6959,0.92,0.97,1.0,25,0.91,783.8405701662,598.5250880291
587,587,369218.2728,1.0,0.96,1.0,50,0.93,811.9110846897,607.2602492114
588,588,-178218.9957,0.95,0.98,0.8,25,0.97,800.2095547998,624.0078240284
589,589,491226.5074,0.91,0.97,0.7,55,0.98,779.8006156973,628.0140308458
590,590,-324452.6694,0.97,0.98,0.5,20,0.92,808.2894637375,601.0857997515
591,591,-61370.0428,1.0,0.93,0.9,30,0.94,799.1637210082,611.2664560288
592,592,372569.5847,0.98,0.96,0.9,50,0.95,803.831175752,615.6340366199
593,593,478939.6235,0.99,0.91,0.1,55,0.97,786.6255240851,621.4782076121
594,594,475264.6936,0.98,0.95,0.6,55,0.98,799.5820545249,627.652657072
595,595,-309358.3242,0.95,0.92,1.0,20,0.93,774.7148274369,607.2602492114
596,596,60532.342,0.93,0.97,0.7,35,0.99,787.880524635,632.3816114369
597,597,579967.1627,0.99,0.92,0.6,60,0.99,790.8746453122,632.0202376632
598,598,-51149.558,0.95,0.96,1.0,30,0.94,791.7113123455,611.6278298025
599,599,-34438.0352,0.91,0.94,0.9,30,0.92,767.0532520159,602.5312948465
600,600,-61111.8198,1.0,0.95,0.9,30,0.91,807.6619634625,598.1637142554
601,601,159614.9425,0.98,0.99,0.2,40,0.92,816.5785394335,600.0016784302
602,602,279040.8996,0.95,0.94,0.2,45,0.94,783.2130698912,608.7368396125
603,603,61473.4813,0.95,0.93,1.0,35,0.98,778.9639486641,629.0981521671
604,604,585391.4775,0.95,0.96,0.3,60,0.99,791.7113123455,630.9361163419
605,605,-50141.7286,0.95,0.94,0.6,30,0.96,783.2130698912,618.9174958898
606,606,-156869.629,0.92,0.94,0.8,25,0.92,771.0932064847,602.1699210728
607,607,-159295.4662,0.94,0.91,0.5,25,0.93,766.4257517409,605.4533803426
608,608,160855.8309,0.98,0.98,0.6,40,0.92,812.3294182063,601.4471735252
609,609,67667.3852,0.94,0.92,0.9,35,0.96,770.6748729681,620.001617211
610,610,588011.5682,0.94,0.98,0.2,60,0.96,796.169600331,617.4720007947
611,611,-49259.8994,0.93,0.96,0.2,30,0.98,783.6314034079,626.207161977
612,612,361562.9819,1.0,0.98,0.9,50,0.98,820.409327144,628.7367783933
613,613,-174528.9502,0.96,0.96,0.7,25,0.94,795.7512668143,610.5437084813
614,614,594550.6038,0.93,0.95,0.6,60,0.96,779.3822821807,618.9174958898
615,615,-72902.643,0.99,0.99,0.8,30,0.99,820.6184939023,632.7429852107
616,616,268834.552,0.97,0.93,0.8,45,1.0,787.0438576017,637.1105658018
617,617,-325300.943,0.93,1.0,1.0,20,0.99,800.6278883165,633.4657327582
618,618,279839.6208,0.92,1.0,0.9,45,0.93,796.5879338476,606.8988754376
619,619,-159079.9735,0.91,0.96,0.5,25,0.94,775.5514944702,609.8209609337
620,620,169722.1635,0.94,0.98,0.8,40,0.94,796.169600331,610.905082255
621,621,-329307.9551,0.99,0.95,0.9,20,0.94,803.6220089937,611.2664560288
622,622,46871.8612,0.97,0.99,0.5,35,0.99,812.5385849646,631.6588638894
623,623,150039.0895,1.0,0.96,0.4,40,1.0,811.9110846897,635.6650707068
624,624,-322224.5398,0.97,0.94,0.4,20,0.95,791.2929788289,613.8271677511
625,625,572853.92,1.0,0.98,0.3,60,0.95,820.409327144,613.4657939774
626,626,-307940.4222,0.94,0.95,0.8,20,0.91,783.4222366495,597.8023404816
627,627,578908.6155,0.99,0.94,1.0,60,0.97,799.3728877665,624.7305715759
628,628,271912.0161,0.95,0.97,0.6,45,0.97,795.9604335727,623.2850764809
629,629,-181216.067,0.95,1.0,0.3,25,0.97,808.7077972541,622.2009551596
630,630,373394.1443,1.0,0.93,0.4,50,0.93,799.1637210082,605.0920065689
631,631,-319354.682,0.98,0.94,0.1,20,0.91,795.3329332977,595.2727240653
632,632,384593.3071,0.93,0.97,0.8,50,0.95,787.880524635,615.2726628462
633,633,367710.4939,1.0,0.98,0.5,50,0.92,820.409327144,601.0857997515
634,634,182313.0667,0.91,0.92,0.3,40,0.98,758.5550095616,626.5685357508
635,635,276484.6008,0.96,0.96,1.0,45,0.91,795.7512668143,598.5250880291
636,636,571811.9743,0.99,1.0,0.9,60,0.96,824.8676151294,620.001617211
637,637,-66427.0095,0.99,0.97,0.4,30,0.96,812.120251448,618.1947483423
638,638,-188126.3548,0.98,0.99,0.9,25,0.96,816.5785394335,620.001617211
639,639,65487.9664,0.95,0.91,0.3,35,0.97,770.4657062098,622.2009551596
640,640,586432.9328,0.97,0.93,1.0,60,0.96,787.0438576017,620.3629909848
641,641,272825.9193,0.95,0.97,0.9,45,0.96,795.9604335727,620.001617211
642,642,56975.1175,0.94,0.97,0.1,35,1.0,791.9204791038,634.5809493855
643,643,495720.3504,0.91,0.93,0.6,55,0.99,762.8041307887,632.0202376632
644,644,600830.186,0.93,0.91,0.3,60,0.95,762.3857972721,613.4657939774
645,645,272624.7817,0.96,0.93,0.4,45,0.99,783.0039031329,631.2974901157
646,646,470465.7726,0.99,0.96,0.4,55,0.99,807.8711302208,631.2974901157
647,647,56157.7997,0.96,0.98,0.3,35,0.94,804.2495092687,609.0982133862
648,648,-312274.769,0.95,0.92,0.7,20,0.95,774.7148274369,614.9112890724
649,649,279231.6055,0.91,0.98,0.6,45,0.99,784.0497369245,632.0202376632
650,650,-181050.8573,0.97,0.99,0.4,25,0.93,812.5385849646,605.0920065689
651,651,586357.8133,0.97,0.95,1.0,60,0.93,795.542100056,607.2602492114
652,652,476113.7927,0.97,0.95,0.9,55,1.0,795.542100056,637.4719395756
653,653,254392.8556,1.0,0.98,0.1,45,1.0,820.409327144,634.5809493855
654,654,45886.8221,0.97,0.99,0.4,35,1.0,812.5385849646,635.6650707068
655,655,-48951.1825,0.96,0.95,0.1,30,0.91,791.5021455872,595.2727240653
656,656,-51563.344,0.93,0.99,0.1,30,0.96,796.3787670893,617.110627021
657,657,390042.2458,0.92,0.95,0.4,50,0.95,775.3423277119,613.8271677511
658,658,168640.3064,0.94,0.96,0.1,40,0.98,787.6713578767,625.8457882033
659,659,387784.0992,0.95,0.93,0.2,50,0.92,778.9639486641,600.0016784302
660,660,374916.4354,0.96,0.96,0.8,50,0.98,795.7512668143,628.3754046196
661,661,605555.8414,0.91,0.94,0.5,60,0.91,767.0532520159,596.7182191603
662,662,487744.424,0.92,0.99,0.3,55,0.96,792.3388126205,617.8333745685
663,663,264836.0885,0.99,0.92,0.8,45,1.0,790.8746453122,637.1105658018
664,664,71925.4402,0.93,0.91,0.5,35,0.96,762.3857972721,618.556122116
665,665,283206.6066,0.94,0.95,0.8,45,0.91,783.4222366495,597.8023404816
666,666,48367.0789,1.0,0.95,0.1,35,0.95,807.6619634625,612.7430464299
667,667,168032.4934,0.96,0.93,0.9,40,0.97,783.0039031329,624.3691978022
668,668,277391.1408,0.94,0.95,0.1,45,0.97,783.4222366495,621.4782076121
669,669,281804.2177,0.91,0.96,0.9,45,0.99,775.5514944702,633.1043589845
670,670,277510.6705,0.92,0.98,0.8,45,0.98,788.0896913933,628.3754046196
671,671,-60617.068,0.98,0.93,0.2,30,0.99,791.0838120705,630.5747425682
672,672,-180646.4305,0.94,1.0,0.6,25,0.99,804.6678427853,632.0202376632
673,673,-308583.5121,0.91,0.96,0.5,20,0.97,775.5514944702,622.9237027072
674,674,385087.0348,0.97,0.91,0.3,50,0.92,778.5456151474,600.363052204
675,675,48866.334,0.98,1.0,0.5,35,0.93,820.8276606606,605.4533803426
676,676,268327.5264,0.99,0.91,0.3,45,0.98,786.6255240851,626.5685357508
677,677,577034.8633,0.98,1.0,1.0,60,0.93,820.8276606606,607.2602492114
678,678,-193336.3218,1.0,1.0,0.3,25,0.94,828.9075695983,609.0982133862
679,679,597686.3837,0.91,0.96,0.6,60,0.97,775.5514944702,623.2850764809
680,680,-309130.1765,0.91,0.98,1.0,20,0.95,784.0497369245,615.9954103937
681,681,473435.8749,0.97,0.99,0.7,55,0.97,812.5385849646,623.6464502547
682,682,51722.1887,0.96,0.99,0.3,35,0.97,808.4986304958,622.2009551596
683,683,54377.5569,0.98,0.96,0.5,35,0.93,803.831175752,605.4533803426
684,684,471392.5363,0.97,1.0,0.2,55,0.98,816.7877061918,626.207161977
685,685,-52895.765,0.94,0.97,0.8,30,0.97,791.9204791038,624.0078240284
686,686,282899.2371,0.91,0.96,0.6,45,0.98,775.5514944702,627.652657072
687,687,175760.4613,0.91,0.99,0.2,40,0.95,788.2988581517,613.1044202036
688,688,288902.9152,0.91,0.93,0.6,45,0.96,762.8041307887,618.9174958898
689,689,178772.0862,0.92,0.91,0.7,40,1.0,758.3458428033,636.7491920281
690,690,377041.579,0.96,0.99,0.7,50,0.91,808.4986304958,597.4409667079
691,691,472537.4432,1.0,0.93,0.8,55,0.98,799.1637210082,628.3754046196
692,692,-186923.8138,0.97,0.98,0.6,25,0.99,808.2894637375,632.0202376632
693,693,-160247.0426,0.94,0.93,0.8,25,0.91,774.9239941952,597.8023404816
694,694,-60918.9282,0.98,0.93,0.9,30,0.99,791.0838120705,633.1043589845
695,695,-322738.512,0.98,0.95,0.5,20,0.92,799.5820545249,601.0857997515
696,696,263004.8939,0.97,0.99,0.3,45,0.98,812.5385849646,626.5685357508
697,697,-160002.4209,0.91,0.93,0.2,25,0.99,762.8041307887,630.5747425682
698,698,586314.5331,0.95,0.96,0.1,60,0.98,791.7113123455,625.8457882033
699,699,487940.4884,0.93,1.0,0.7,55,0.91,800.6278883165,597.4409667079
700,700,-314511.2269,0.93,1.0,0.7,20,0.92,800.6278883165,601.808547299
701,701,71741.8501,0.91,0.98,0.8,35,0.92,784.0497369245,602.1699210728
702,702,375612.0196,1.0,0.92,1.0,50,0.91,794.9145997811,598.5250880291
703,703,159917.3005,0.99,0.96,0.4,40,0.93,807.8711302208,605.0920065689
704,704,-338759.0483,0.98,0.99,0.8,20,0.98,816.5785394335,628.3754046196
705,705,481353.9742,0.95,0.99,0.7,55,0.94,804.458676027,610.5437084813
706,706,293398.8144,0.91,0.92,0.1,45,0.93,758.5550095616,604.0078852476
707,707,491998.6329,0.91,0.97,1.0,55,0.97,779.8006156973,624.7305715759
708,708,-320325.3576,0.94,0.97,0.5,20,0.97,791.9204791038,622.9237027072
709,709,-311041.1511,0.93,0.99,0.1,20,0.91,796.3787670893,595.2727240653
710,710,-63994.1962,0.99,0.94,0.2,30,0.98,799.3728877665,626.207161977
711,711,485893.4417,0.95,0.97,0.2,55,0.92,795.9604335727,600.0016784302
712,712,474526.4621,0.96,0.99,0.2,55,0.99,808.4986304958,630.5747425682
713,713,178447.7783,0.92,0.92,0.6,40,0.99,762.5949640304,632.0202376632
714,714,65119.5944,0.96,0.93,0.2,35,0.92,783.0039031329,600.0016784302
715,715,480939.8826,0.98,0.94,0.5,55,0.93,795.3329332977,605.4533803426
716,716,-320370.583,0.97,0.92,0.4,20,0.96,782.7947363746,618.1947483423
717,717,-345080.1848,1.0,0.98,0.3,20,0.99,820.409327144,630.9361163419
718,718,386442.0823,0.92,0.94,0.1,50,1.0,771.0932064847,634.5809493855
719,719,584411.7579,0.93,1.0,0.7,60,1.0,800.6278883165,636.7491920281
720,720,478242.8182,1.0,0.92,0.6,55,0.93,794.9145997811,605.8147541164
721,721,-313507.6462,0.92,0.95,1.0,20,0.99,775.3423277119,633.4657327582
722,722,-63544.1188,1.0,0.96,0.5,30,0.92,811.9110846897,601.0857997515
723,723,-336853.6404,1.0,0.93,0.8,20,0.99,799.1637210082,632.7429852107
724,724,153942.5719,0.98,0.97,1.0,40,1.0,808.0802969792,637.8333133493
725,725,-174966.243,0.96,0.97,0.8,25,0.93,800.0003880415,606.5375016639
726,726,465470.988,1.0,0.99,0.6,55,0.97,824.6584483711,623.2850764809
727,727,290552.6739,0.92,0.92,0.7,45,0.93,762.5949640304,606.1761278901
728,728,486288.3868,0.94,0.96,0.7,55,0.96,787.6713578767,619.2788696635
729,729,570326.2413,1.0,0.98,0.1,60,0.98,820.409327144,625.8457882033
730,730,470312.9885,1.0,0.94,0.9,55,0.99,803.4128422354,633.1043589845
731,731,-170929.9557,0.93,0.99,0.2,25,0.95,796.3787670893,613.1044202036
732,732,586811.9673,0.97,0.96,0.8,60,0.91,799.7912212832,597.8023404816
733,733,593761.8768,0.94,0.95,0.1,60,0.94,783.4222366495,608.3754658387
734,734,380592.9896,0.96,0.94,0.8,50,0.95,787.25302436,615.2726628462
735,735,-65300.5259,1.0,0.98,0.1,30,0.91,820.409327144,595.2727240653
736,736,479061.7313,0.99,0.92,1.0,55,0.95,790.8746453122,615.9954103937
737,737,584255.9566,0.96,0.98,0.7,60,0.94,804.2495092687,610.5437084813
738,738,379560.1963,0.95,0.96,0.9,50,0.96,791.7113123455,620.001617211
739,739,-41123.2888,0.92,0.93,0.9,30,0.97,766.8440852576,624.3691978022
740,740,-181882.9643,0.98,0.93,0.2,25,0.99,791.0838120705,630.5747425682
741,741,-329326.7141,0.98,0.98,0.5,20,0.93,812.3294182063,605.4533803426
742,742,-150850.642,0.91,0.93,0.1,25,0.91,762.8041307887,595.2727240653
743,743,164014.0436,0.97,0.94,0.6,40,0.97,791.2929788289,623.2850764809
744,744,602468.7032,0.91,0.95,0.6,60,0.93,771.302373243,605.8147541164
745,745,41419.4264,0.99,0.99,0.4,35,0.99,820.6184939023,631.2974901157
746,746,-314911.6151,0.93,0.94,0.4,20,0.99,775.1331609536,631.2974901157
747,747,586692.8766,0.95,0.95,0.4,60,0.99,787.4621911184,631.2974901157
748,748,498336.7331,0.92,0.91,0.5,55,0.96,758.3458428033,618.556122116
749,749,-335123.4475,0.98,0.97,0.2,20,0.98,808.0802969792,626.207161977
750,750,569979.4475,1.0,1.0,1.0,60,0.95,828.9075695983,615.9954103937
751,751,160819.3211,0.97,0.94,1.0,40,1.0,791.2929788289,637.8333133493
752,752,53753.4998,1.0,0.94,0.3,35,0.91,803.4128422354,595.9954716128
753,753,261189.6928,1.0,0.95,0.8,45,0.97,807.6619634625,624.0078240284
754,754,-185036.3809,1.0,0.97,0.8,25,0.91,816.1602059168,597.8023404816
755,755,-175379.4019,0.92,1.0,0.2,25,1.0,796.5879338476,634.9423231593
756,756,293953.5538,0.92,0.91,0.5,45,0.91,758.3458428033,596.7182191603
757,757,599165.1909,0.93,0.91,0.1,60,0.97,762.3857972721,621.4782076121
758,758,595034.2529,0.93,0.92,0.8,60,1.0,766.6349184992,637.1105658018
759,759,-188451.1927,0.99,0.98,0.9,25,0.95,816.3693726751,615.6340366199
760,760,487938.6343,0.94,0.98,0.7,55,0.91,796.169600331,597.4409667079
761,761,-317393.6179,0.96,0.94,0.5,20,0.94,787.25302436,609.8209609337
762,762,489616.3222,0.94,0.91,0.3,55,1.0,766.4257517409,635.303696933
763,763,-336965.6118,0.99,0.95,1.0,20,0.99,803.6220089937,633.4657327582
764,764,-63381.3044,0.98,0.97,0.2,30,0.96,808.0802969792,617.4720007947
765,765,-65442.4259,1.0,0.93,0.2,30,0.98,799.1637210082,626.207161977
766,766,-170541.3452,0.92,0.99,1.0,25,0.97,792.3388126205,624.7305715759
767,767,471586.7466,0.99,0.99,0.6,55,0.93,820.6184939023,605.8147541164
768,768,494692.6802,0.91,0.99,0.4,55,0.91,788.2988581517,596.3568453866
769,769,-58191.6005,0.97,0.97,0.1,30,0.94,804.0403425103,608.3754658387
770,770,487209.5883,0.95,0.94,0.5,55,0.95,783.2130698912,614.1885415249
771,771,172801.9187,0.93,1.0,0.7,40,0.91,800.6278883165,597.4409667079
772,772,569662.6391,0.99,0.99,1.0,60,1.0,820.6184939023,637.8333133493
773,773,-61346.2828,0.99,0.93,0.1,30,0.97,795.1237665394,621.4782076121
774,774,-181859.9866,0.97,0.94,0.9,25,1.0,791.2929788289,637.4719395756
775,775,378239.4154,0.93,0.98,0.8,50,1.0,792.1296458622,637.1105658018
776,776,-189199.5272,0.99,1.0,0.9,25,0.93,824.8676151294,606.8988754376
777,777,164836.2508,0.99,0.91,0.2,40,0.95,786.6255240851,613.1044202036
778,778,-326025.6656,0.97,0.97,1.0,20,0.94,804.0403425103,611.6278298025
779,779,-299071.8986,0.91,0.94,0.4,20,0.93,767.0532520159,605.0920065689
780,780,46977.158,1.0,0.93,0.3,35,0.99,799.1637210082,630.9361163419
781,781,393056.3487,0.93,0.93,0.6,50,0.91,770.8840397264,597.0795929341
782,782,-36567.0553,0.92,0.93,0.1,30,0.93,766.8440852576,604.0078852476
783,783,56901.8778,1.0,0.91,0.2,35,0.92,790.6654785539,600.0016784302
784,784,-327083.2896,1.0,0.91,0.1,20,0.95,790.6654785539,612.7430464299
785,785,-331860.6578,1.0,0.92,0.2,20,0.97,794.9145997811,621.8395813859
786,786,-168133.1578,0.92,0.96,0.9,25,0.99,779.591448939,633.1043589845
787,787,161585.1849,0.99,0.94,0.6,40,0.94,799.3728877665,610.1823347075
788,788,493754.186,0.91,0.97,0.9,55,0.95,779.8006156973,615.6340366199
789,789,-294135.972,0.91,0.91,0.7,20,0.93,754.3058883344,606.1761278901
790,790,58321.1386,0.96,0.95,0.1,35,0.96,791.5021455872,617.110627021
791,791,390436.8378,0.92,0.91,0.1,50,1.0,758.3458428033,634.5809493855
792,792,181078.5877,0.92,0.93,0.8,40,0.95,766.8440852576,615.2726628462
793,793,163948.0297,0.99,0.93,0.7,40,0.93,795.1237665394,606.1761278901
794,794,-326505.333,0.97,0.92,0.5,20,1.0,782.7947363746,636.0264444806
795,795,601210.3836,0.92,0.92,0.6,60,0.96,762.5949640304,618.9174958898
796,796,157975.5816,0.99,0.98,1.0,40,0.92,816.3693726751,602.8926686203
797,797,597701.1313,0.91,0.94,0.8,60,1.0,767.0532520159,637.1105658018
798,798,-165817.2801,0.92,0.94,0.1,25,1.0,771.0932064847,634.5809493855
799,799,387850.7522,0.93,0.97,0.2,50,0.91,787.880524635,595.6340978391
800,800,373097.2065,1.0,0.94,0.3,50,0.92,803.4128422354,600.363052204
801,801,-315669.0299,0.96,0.92,0.8,20,0.95,778.7547819057,615.2726628462
802,802,285459.1911,0.94,0.91,1.0,45,0.94,766.4257517409,611.6278298025
803,803,258208.3489,0.99,0.97,0.7,45,1.0,812.120251448,636.7491920281
804,804,367777.9621,1.0,0.95,0.2,50,0.96,807.6619634625,617.4720007947
805,805,160360.3764,0.98,0.99,1.0,40,0.91,816.5785394335,598.5250880291
806,806,-168023.6651,0.94,0.92,0.9,25,0.99,770.6748729681,633.1043589845
807,807,594091.5787,0.96,0.92,0.3,60,0.92,778.7547819057,600.363052204
808,808,272166.1096,0.98,0.93,0.9,45,0.94,791.0838120705,611.2664560288
809,809,44187.1531,0.99,1.0,0.2,35,0.95,824.8676151294,613.1044202036
810,810,-159035.8118,0.93,0.92,0.7,25,0.94,766.6349184992,610.5437084813
811,811,488516.5495,0.92,0.99,0.6,55,0.95,792.3388126205,614.5499152986
812,812,-165900.0045,0.94,0.96,0.5,25,0.92,787.6713578767,601.0857997515
813,813,165082.2655,1.0,0.91,0.4,40,0.92,790.6654785539,600.7244259777
814,814,379332.5807,0.94,0.96,0.5,50,0.99,787.6713578767,631.6588638894
815,815,376125.1027,0.96,0.99,0.2,50,0.93,808.4986304958,604.3692590213
816,816,493733.8764,0.94,0.93,0.7,55,0.92,774.9239941952,601.808547299
817,817,-153361.8079,0.92,0.91,0.8,25,0.93,758.3458428033,606.5375016639
818,818,-334104.0823,0.98,0.99,0.6,20,0.95,816.5785394335,614.5499152986
819,819,175984.6902,0.94,0.92,0.7,40,0.96,770.6748729681,619.2788696635
820,820,493913.1385,0.95,0.91,0.1,55,0.92,770.4657062098,599.6403046564
821,821,-315903.4033,0.95,0.95,0.9,20,0.94,787.4621911184,611.2664560288
822,822,600210.3543,0.93,0.92,0.8,60,0.94,766.6349184992,610.905082255
823,823,276080.7915,0.95,0.97,0.1,45,0.93,795.9604335727,604.0078852476
824,824,162505.1906,0.97,0.93,0.1,40,1.0,787.0438576017,634.5809493855
825,825,254712.8833,1.0,1.0,0.2,45,0.97,828.9075695983,621.8395813859
826,826,149777.3702,1.0,0.99,1.0,40,0.96,824.6584483711,620.3629909848
827,827,601696.5776,0.91,0.95,0.3,60,0.94,771.302373243,609.0982133862
828,828,377337.7978,0.95,1.0,0.6,50,0.93,808.7077972541,605.8147541164
829,829,-56683.7393,0.99,0.92,0.4,30,0.94,790.8746453122,609.45958716
830,830,390396.8865,0.91,0.99,0.6,50,0.91,788.2988581517,597.0795929341
831,831,-53240.2424,0.97,0.93,0.1,30,0.95,787.0438576017,612.7430464299
832,832,162763.3205,0.98,0.96,0.1,40,0.93,803.831175752,604.0078852476
833,833,500971.5714,0.91,0.91,0.6,55,0.96,754.3058883344,618.9174958898
834,834,-171188.7378,0.93,0.96,0.8,25,0.99,783.6314034079,632.7429852107
835,835,-314771.8157,0.92,0.95,0.4,20,1.0,775.3423277119,635.6650707068
836,836,583067.8855,1.0,0.91,0.2,60,0.94,790.6654785539,608.7368396125
837,837,478337.0843,0.98,0.96,0.3,55,0.93,803.831175752,604.7306327951
838,838,-300943.2527,0.92,0.94,0.5,20,0.92,771.0932064847,601.0857997515
839,839,-184194.5187,0.98,0.96,0.1,25,0.97,803.831175752,621.4782076121
840,840,482483.9329,0.97,0.91,0.3,55,0.99,778.5456151474,630.9361163419
841,841,160853.5504,0.97,0.94,0.9,40,1.0,791.2929788289,637.4719395756
842,842,269417.3037,0.98,0.96,0.1,45,0.93,803.831175752,604.0078852476
843,843,381995.751,0.94,0.94,0.5,50,0.99,779.1731154224,631.6588638894
844,844,-185679.2252,0.99,0.94,0.8,25,0.98,799.3728877665,628.3754046196
845,845,598030.8332,0.93,0.91,1.0,60,0.98,762.3857972721,629.0981521671
846,846,283544.5346,0.92,0.95,0.7,45,0.96,775.3423277119,619.2788696635
847,847,-63182.6185,1.0,0.92,1.0,30,0.97,794.9145997811,624.7305715759
848,848,-44101.4083,0.92,0.95,1.0,30,0.97,775.3423277119,624.7305715759
849,849,292394.353,0.91,0.92,0.1,45,0.94,758.5550095616,608.3754658387
850,850,596368.3831,0.92,0.97,0.3,60,0.94,783.8405701662,609.0982133862
851,851,477447.9228,0.96,1.0,0.4,55,0.94,812.747751723,609.45958716
852,852,472360.5254,0.97,0.98,0.1,55,1.0,808.2894637375,634.5809493855
853,853,363753.0207,1.0,0.98,0.3,50,0.96,820.409327144,617.8333745685
854,854,370471.3184,1.0,0.93,0.1,50,0.96,799.1637210082,617.110627021
855,855,598155.9763,0.91,0.99,0.1,60,0.92,788.2988581517,599.6403046564
856,856,167103.6335,0.95,0.95,0.6,40,0.98,787.4621911184,627.652657072
857,857,-185917.8173,1.0,0.93,0.6,25,0.97,799.1637210082,623.2850764809
858,858,157727.1223,0.96,0.99,0.9,40,0.99,808.4986304958,633.1043589845
859,859,-163083.9837,0.96,0.91,0.5,25,0.91,774.5056606786,596.7182191603
860,860,496733.9641,0.91,0.93,0.1,55,0.98,762.8041307887,625.8457882033
861,861,280866.852,0.96,0.92,0.8,45,0.92,778.7547819057,602.1699210728
862,862,368967.5673,0.99,0.93,0.6,50,1.0,795.1237665394,636.3878182543
863,863,-56972.0309,0.96,0.95,1.0,30,0.98,791.5021455872,629.0981521671
864,864,170012.2422,0.94,0.97,1.0,40,0.95,791.9204791038,615.9954103937
865,865,478365.4163,0.99,0.94,0.2,55,0.93,799.3728877665,604.3692590213
866,866,-51570.0811,0.97,0.91,0.7,30,0.96,778.5456151474,619.2788696635
867,867,589656.2537,0.97,0.94,0.2,60,0.91,791.2929788289,595.6340978391
868,868,-334906.4714,1.0,0.92,0.2,20,0.99,794.9145997811,630.5747425682
869,869,376759.9685,0.94,0.98,0.2,50,0.99,796.169600331,630.5747425682
870,870,-336837.6048,0.97,1.0,0.2,20,0.98,816.7877061918,626.207161977
871,871,55148.3659,0.95,0.97,0.4,35,0.99,795.9604335727,631.2974901157
872,872,604329.5619,0.91,0.93,0.4,60,0.94,762.8041307887,609.45958716
873,873,578972.6956,0.97,0.98,0.8,60,0.97,808.2894637375,624.0078240284
874,874,67816.4177,0.94,0.95,0.3,35,0.92,783.4222366495,600.363052204
875,875,67524.0585,0.93,0.92,0.4,35,0.99,766.6349184992,631.2974901157
876,876,581510.2507,1.0,0.94,0.7,60,0.91,803.4128422354,597.4409667079
877,877,291709.9194,0.91,0.94,0.2,45,0.92,767.0532520159,600.0016784302
878,878,259584.2598,1.0,1.0,0.7,45,0.92,828.9075695983,601.808547299
879,879,-47334.1054,0.94,0.97,0.5,30,0.92,791.9204791038,601.0857997515
880,880,369197.0369,0.99,0.95,1.0,50,0.97,803.6220089937,624.7305715759
881,881,295377.551,0.91,0.92,0.2,45,0.91,758.5550095616,595.6340978391
882,882,-162954.0229,0.93,0.93,0.9,25,0.96,770.8840397264,620.001617211
883,883,593671.3187,0.94,0.95,0.4,60,0.94,783.4222366495,609.45958716
884,884,-50728.0062,0.93,0.97,0.1,30,0.98,787.880524635,625.8457882033
885,885,178794.0361,0.91,0.93,0.6,40,1.0,762.8041307887,636.3878182543
886,886,258146.1228,1.0,0.95,0.9,45,1.0,807.6619634625,637.4719395756
887,887,-184595.0377,0.96,1.0,0.8,25,0.97,812.747751723,624.0078240284
888,888,-48093.6528,0.93,0.95,1.0,30,0.98,779.3822821807,629.0981521671
889,889,-195757.5501,1.0,1.0,0.2,25,0.96,828.9075695983,617.4720007947
890,890,589675.8723,0.94,0.94,0.9,60,1.0,779.1731154224,637.4719395756
891,891,-164372.6879,0.95,0.93,0.7,25,0.92,778.9639486641,601.808547299
892,892,375739.1409,0.99,0.91,0.3,50,0.96,786.6255240851,617.8333745685
893,893,63175.4308,0.94,0.96,0.9,35,0.95,787.6713578767,615.6340366199
894,894,-188186.6992,0.99,0.94,0.9,25,1.0,799.3728877665,637.4719395756
895,895,-66801.5555,0.99,0.98,0.3,30,0.95,816.3693726751,613.4657939774
896,896,180729.8851,0.91,0.93,0.9,40,0.98,762.8041307887,628.7367783933
897,897,-45592.3016,0.93,0.95,0.2,30,0.96,779.3822821807,617.4720007947
898,898,-325889.3304,0.97,0.98,0.3,20,0.93,808.2894637375,604.7306327951
899,899,63517.8881,0.95,0.91,0.1,35,0.99,770.4657062098,630.2133687944
900,900,382522.5577,0.94,0.99,0.2,50,0.91,800.4187215581,595.6340978391
901,901,178715.5787,0.91,0.99,0.5,40,0.92,788.2988581517,601.0857997515
902,902,-323945.6637,0.96,0.96,0.8,20,0.96,795.7512668143,619.6402434373
903,903,-155213.9826,0.91,0.95,0.4,25,0.92,771.302373243,600.7244259777
904,904,473916.5069,0.99,0.96,0.4,55,0.95,807.8711302208,613.8271677511
905,905,-324199.5369,0.99,0.92,0.8,20,0.94,790.8746453122,610.905082255
906,906,-52265.8502,0.96,0.92,0.6,30,0.98,778.7547819057,627.652657072
907,907,385548.2006,0.91,0.98,0.9,50,0.98,784.0497369245,628.7367783933
908,908,174199.3938,0.91,0.97,0.9,40,0.99,779.8006156973,633.1043589845
909,909,591477.05,0.94,0.96,0.4,60,0.95,787.6713578767,613.8271677511
910,910,56194.6379,0.99,0.92,0.3,35,0.94,790.8746453122,609.0982133862
911,911,168700.4504,0.92,0.99,0.9,40,0.99,792.3388126205,633.1043589845
912,912,170741.4319,0.94,0.98,0.8,40,0.93,796.169600331,606.5375016639
913,913,601646.082,0.94,0.91,0.2,60,0.91,766.4257517409,595.6340978391
914,914,-161818.5209,0.91,1.0,0.4,25,0.91,792.5479793788,596.3568453866
915,915,267494.0167,0.98,0.95,0.9,45,0.96,799.5820545249,620.001617211
916,916,53923.7216,0.95,0.97,1.0,35,1.0,795.9604335727,637.8333133493
917,917,166588.6738,0.98,0.93,1.0,40,0.93,791.0838120705,607.2602492114
918,918,-174123.1567,0.97,0.93,0.8,25,0.95,787.0438576017,615.2726628462
919,919,591067.8295,0.94,0.93,0.7,60,1.0,774.9239941952,636.7491920281
920,920,-309196.2634,0.96,0.91,0.3,20,0.92,774.5056606786,600.363052204
921,921,271394.1863,0.99,0.94,0.2,45,0.91,799.3728877665,595.6340978391
922,922,160850.9415,0.94,1.0,0.8,40,1.0,804.6678427853,637.1105658018
923,923,-169790.5239,0.93,0.99,0.3,25,0.94,796.3787670893,609.0982133862
924,924,67268.2092,0.93,0.93,0.1,35,0.98,770.8840397264,625.8457882033
925,925,-45350.1074,0.93,0.94,0.6,30,0.97,775.1331609536,623.2850764809
926,926,-47801.984,0.91,0.98,1.0,30,0.99,784.0497369245,633.4657327582
927,927,-55173.0239,0.99,0.93,1.0,30,0.91,795.1237665394,598.5250880291
928,928,494685.264,0.95,0.91,0.4,55,0.91,770.4657062098,596.3568453866
929,929,-52647.2191,0.92,1.0,0.9,30,0.98,796.5879338476,628.7367783933
930,930,150051.2047,1.0,0.99,0.2,40,0.96,824.6584483711,617.4720007947
931,931,260841.3331,0.99,0.95,0.8,45,1.0,803.6220089937,637.1105658018
932,932,-312188.5233,0.95,0.92,0.5,20,0.95,774.7148274369,614.1885415249
933,933,162523.8794,0.99,0.91,1.0,40,0.97,786.6255240851,624.7305715759
934,934,270748.8889,0.98,0.95,0.1,45,0.93,799.5820545249,604.0078852476
935,935,378372.4451,0.95,1.0,0.5,50,0.92,808.7077972541,601.0857997515
936,936,586421.8934,0.95,0.99,0.8,60,0.93,804.458676027,606.5375016639
937,937,387050.0977,0.93,0.96,0.4,50,0.94,783.6314034079,609.45958716
938,938,-53014.9422,0.96,0.94,0.4,30,0.96,787.25302436,618.1947483423
939,939,-327019.3053,0.98,0.93,0.6,20,0.97,791.0838120705,623.2850764809
940,940,49180.9715,1.0,0.95,0.7,35,0.94,807.6619634625,610.5437084813
941,941,474708.942,0.96,1.0,0.9,55,0.97,812.747751723,624.3691978022
942,942,-308995.9438,0.94,0.94,0.1,20,0.93,779.1731154224,604.0078852476
943,943,-46740.5585,0.96,0.92,0.3,30,0.93,778.7547819057,604.7306327951
944,944,-39720.8512,0.91,0.97,0.5,30,0.93,779.8006156973,605.4533803426
945,945,-181174.0194,0.98,0.97,0.8,25,0.93,808.0802969792,606.5375016639
946,946,-312685.0982,0.95,0.95,0.5,20,0.92,787.4621911184,601.0857997515
947,947,486544.6225,0.94,0.94,0.1,55,0.99,779.1731154224,630.2133687944
948,948,371065.194,1.0,0.91,0.3,50,0.98,790.6654785539,626.5685357508
949,949,-303309.5689,0.91,0.92,0.4,20,0.98,758.5550095616,626.9299095245
950,950,58262.3505,0.94,0.99,0.2,35,0.96,800.4187215581,617.4720007947
951,951,-60402.4821,0.98,0.97,0.9,30,0.93,808.0802969792,606.8988754376
952,952,-331738.2557,1.0,0.91,0.3,20,0.98,790.6654785539,626.5685357508
953,953,158349.8236,0.98,0.94,0.2,40,1.0,795.3329332977,634.9423231593
954,954,495509.7392,0.91,0.97,0.8,55,0.93,779.8006156973,606.5375016639
955,955,276973.4589,0.94,0.96,0.4,45,0.96,787.6713578767,618.1947483423
956,956,-31831.4785,0.91,0.93,0.7,30,0.91,762.8041307887,597.4409667079
957,957,391025.4712,0.91,0.94,0.4,50,0.98,767.0532520159,626.9299095245
958,958,-314276.8535,0.94,0.97,0.6,20,0.93,791.9204791038,605.8147541164
959,959,397286.9509,0.92,0.91,0.7,50,0.93,758.3458428033,606.1761278901
960,960,-324086.8248,0.95,1.0,0.3,20,0.94,808.7077972541,609.0982133862
961,961,-340842.5145,1.0,1.0,0.3,20,0.94,828.9075695983,609.0982133862
962,962,-171792.9627,0.94,0.96,0.5,25,0.97,787.6713578767,622.9237027072
963,963,496779.0983,0.92,0.94,1.0,55,0.93,771.0932064847,607.2602492114
964,964,62049.5097,0.95,0.95,0.2,35,0.95,787.4621911184,613.1044202036
965,965,-189216.7487,1.0,0.95,0.8,25,0.97,807.6619634625,624.0078240284
966,966,384097.0857,0.93,0.96,0.2,50,0.97,783.6314034079,621.8395813859
967,967,56506.5023,0.97,0.98,0.2,35,0.91,808.2894637375,595.6340978391
968,968,270245.891,0.99,0.91,0.6,45,0.96,786.6255240851,618.9174958898
969,969,380473.4599,0.98,0.91,0.1,50,0.94,782.5855696162,608.3754658387
970,970,566740.0154,1.0,1.0,0.3,60,0.99,828.9075695983,630.9361163419
971,971,174799.981,0.93,0.95,0.1,40,0.96,779.3822821807,617.110627021
972,972,600272.5804,0.92,0.94,0.6,60,0.94,771.0932064847,610.1823347075
973,973,381447.7352,0.98,0.91,0.2,50,0.93,782.5855696162,604.3692590213
974,974,44187.3173,1.0,0.95,0.4,35,0.99,807.6619634625,631.2974901157
975,975,253794.0576,1.0,0.99,1.0,45,0.99,824.6584483711,633.4657327582
976,976,276683.6172,0.94,0.94,0.2,45,0.99,779.1731154224,630.5747425682
977,977,-42599.9857,0.95,0.91,0.8,30,0.93,770.4657062098,606.5375016639
978,978,274504.0101,0.97,0.94,0.9,45,0.93,791.2929788289,606.8988754376
979,979,183697.1177,0.91,0.96,1.0,40,0.91,775.5514944702,598.5250880291
980,980,599908.9844,0.92,0.93,0.5,60,0.96,766.8440852576,618.556122116
981,981,-68409.2311,1.0,1.0,0.3,30,0.91,828.9075695983,595.9954716128
982,982,164543.7275,0.97,0.93,0.1,40,0.98,787.0438576017,625.8457882033
983,983,388024.373,0.93,0.96,0.5,50,0.93,783.6314034079,605.4533803426
984,984,51456.833,0.99,0.91,0.3,35,1.0,786.6255240851,635.303696933
985,985,-294570.6651,0.92,0.91,1.0,20,0.91,758.3458428033,598.5250880291
986,986,-294085.8825,0.91,0.92,0.2,20,0.92,758.5550095616,600.0016784302
987,987,368937.3812,0.99,0.93,0.7,50,1.0,795.1237665394,636.7491920281
988,988,-170224.4457,0.97,0.92,0.9,25,0.93,782.7947363746,606.8988754376
989,989,166408.5089,0.94,0.99,0.5,40,0.96,800.4187215581,618.556122116
990,990,-314128.7258,0.95,0.94,0.7,20,0.94,783.2130698912,610.5437084813
991,991,380454.0781,0.96,0.92,0.1,50,0.98,778.7547819057,625.8457882033
992,992,166686.3081,0.93,1.0,0.7,40,0.97,800.6278883165,623.6464502547
993,993,494536.188,0.94,0.93,0.9,55,0.91,774.9239941952,598.1637142554
994,994,574324.7048,0.98,0.99,0.1,60,0.98,816.5785394335,625.8457882033
995,995,390072.4318,0.92,0.95,0.3,50,0.95,775.3423277119,613.4657939774
996,996,-333766.0657,0.98,0.98,0.2,20,0.96,812.3294182063,617.4720007947
997,997,383000.2123,0.94,0.94,0.5,50,0.98,779.1731154224,627.2912832983
998,998,-326741.0681,0.94,1.0,0.1,20,0.98,804.6678427853,625.8457882033
999,999,599002.5304,0.91,0.93,0.9,60,1.0,762.8041307887,637.4719395756
