,ID,D_ActivacionIncrem_Jaz,D_ActivacionIncrem_Abr,D_ActivacionIncrem_Gir,Opt_CalculoRagaliasIncrementales_Jaz,Opt_EscVentaCrudo,Opt_EscCAPEX_Perforacion,Opt_AlternativasFacilidades_ICV_AbrGir,Opt_CalculoRagaliasIncrementales_AbrGir,Unc_MultPreciobaseValorGas,Unc_MultCAPEXPerfo_UGEJaz,Unc_MultCAPEXFacilidades_Jaz,Unc_MultOPEX_UGEJaz,E_Brent,Total_VPN,volumen_Mbls,Capex,opex,flat
0,0.0,1.0,1.0,1.0,1.0,2.0,3.0,0.0,1.0,1.0,1.0,0.7,1.0,40.0,120.0749070329575,190.19516550018875,885.863580696637,2430.9465689756044,4.0
1,1.0,1.0,1.0,1.0,1.0,2.0,3.0,1.0,1.0,1.0,0.7,0.8,0.9,40.0,65.84295679321173,190.19516550018875,1041.3781475745143,2355.6739842050215,4.0
2,2.0,1.0,1.0,1.0,1.0,2.0,2.0,0.0,1.0,1.0,0.7,0.7,0.9,60.0,724.5016716619591,190.19516550018875,769.425660696637,3194.7843448399126,6.0
3,3.0,1.0,1.0,1.0,1.0,1.0,3.0,1.0,1.0,1.0,1.0,0.7,0.9,60.0,314.7076950286756,190.19516550018875,1145.6240041277003,3194.7843448399126,6.0
4,4.0,1.0,1.0,1.0,1.0,1.0,3.0,1.0,1.0,1.0,0.8,1.0,1.0,30.0,-1119.513391051985,56.00568523776178,1256.3514344681432,1348.0659560482732,8.0
5,5.0,1.0,1.0,1.0,1.0,2.0,1.0,1.0,1.0,1.0,0.7,0.9,1.0,60.0,466.0731065643648,190.19516550018875,1223.939291021329,3270.0569296104945,6.0
6,6.0,1.0,1.0,1.0,1.0,1.0,2.0,0.0,1.0,1.0,1.0,0.9,0.9,30.0,-1011.5027336181623,56.00568523776178,1059.049003752819,1327.2409147899605,8.0
7,7.0,1.0,1.0,1.0,1.0,1.0,3.0,0.0,1.0,1.0,0.8,0.7,0.9,30.0,-953.955089001167,56.00568523776178,764.8735806966372,1612.1948006562468,10.0
8,8.0,1.0,1.0,1.0,1.0,2.0,2.0,0.0,1.0,1.0,0.8,0.9,0.9,50.0,276.45594794053983,190.19516550018875,919.474123752819,3194.7843448399126,6.0
9,9.0,1.0,1.0,1.0,1.0,1.0,2.0,0.0,1.0,1.0,0.9,0.7,1.0,40.0,-117.42718949146177,190.19516550018875,909.000540696637,2430.9465689756044,4.0
10,10.0,1.0,1.0,1.0,1.0,1.0,2.0,0.0,1.0,1.0,0.9,1.0,0.9,40.0,-370.1451440839602,190.19516550018875,1029.39207528091,3194.7843448399126,6.0
11,11.0,1.0,1.0,1.0,1.0,2.0,3.0,1.0,1.0,1.0,0.7,0.8,0.9,40.0,248.37472866569917,190.19516550018875,1041.3781475745143,1516.5636235701313,2.0
12,12.0,1.0,1.0,1.0,1.0,1.0,2.0,0.0,1.0,1.0,1.0,0.7,1.0,30.0,-809.3189448494838,77.4285831092128,978.7879806966371,1391.9958575317455,6.0
13,13.0,1.0,1.0,1.0,1.0,2.0,2.0,1.0,1.0,1.0,0.8,0.9,1.0,30.0,-435.5564781443939,190.19516550018875,1253.4518110213291,2430.9465689756044,4.0
14,14.0,1.0,1.0,1.0,1.0,1.0,1.0,0.0,1.0,1.0,0.8,0.8,0.9,40.0,-305.685738836987,190.19516550018875,925.372092224728,3194.7843448399126,6.0
15,15.0,1.0,1.0,1.0,1.0,2.0,3.0,1.0,1.0,1.0,0.9,0.7,0.9,40.0,-546.1019150021014,190.19516550018875,1085.1290041277005,4873.005066109692,10.0
16,16.0,1.0,1.0,1.0,1.0,2.0,2.0,0.0,1.0,1.0,1.0,1.0,1.0,50.0,518.9527605156031,190.19516550018875,1099.17951528091,1591.8362083407142,2.0
17,17.0,1.0,1.0,1.0,1.0,1.0,1.0,1.0,1.0,1.0,0.9,0.9,0.9,30.0,-1196.5794828096,56.00568523776178,1375.0212910213293,1327.2409147899605,8.0
18,18.0,1.0,1.0,1.0,1.0,1.0,2.0,1.0,1.0,1.0,0.9,0.8,0.9,30.0,-1257.2535605917546,56.00568523776178,1246.0001075745145,1612.1948006562468,10.0
19,19.0,1.0,1.0,1.0,1.0,1.0,2.0,1.0,1.0,1.0,0.9,1.0,1.0,30.0,-557.8832005432039,190.19516550018875,1400.478394468143,1591.8362083407142,2.0
20,20.0,1.0,1.0,1.0,1.0,2.0,3.0,1.0,1.0,1.0,0.8,1.0,0.9,50.0,-259.2523734271387,190.19516550018875,1256.3514344681432,4873.005066109692,10.0
21,21.0,1.0,1.0,1.0,1.0,2.0,3.0,1.0,1.0,1.0,0.7,0.7,1.0,30.0,-733.8031677657648,122.80081648011236,964.1390041277003,2667.271586622722,8.0
22,22.0,1.0,1.0,1.0,1.0,2.0,1.0,0.0,1.0,1.0,1.0,0.8,1.0,60.0,888.8415523878338,190.19516550018875,1076.4540922247281,1591.8362083407142,2.0
23,23.0,1.0,1.0,1.0,1.0,1.0,1.0,1.0,1.0,1.0,1.0,0.8,0.9,50.0,1.4404957652811772,190.19516550018875,1373.3231475745145,2355.6739842050215,4.0
24,24.0,1.0,1.0,1.0,1.0,2.0,3.0,0.0,1.0,1.0,1.0,0.9,0.9,50.0,69.47273744453341,190.19516550018875,966.124603752819,4033.8947054748023,8.0
25,25.0,1.0,1.0,1.0,1.0,1.0,3.0,1.0,1.0,1.0,1.0,0.7,1.0,50.0,128.11723706155786,190.19516550018875,1145.6240041277003,2430.9465689756044,4.0
26,26.0,1.0,1.0,1.0,1.0,2.0,2.0,1.0,1.0,1.0,0.8,0.8,0.9,50.0,155.11778617925512,190.19516550018875,1176.2126675745146,3194.7843448399126,6.0
27,27.0,1.0,1.0,1.0,1.0,1.0,2.0,1.0,1.0,1.0,0.9,0.8,1.0,30.0,-1118.091811531612,56.00568523776178,1246.0001075745145,1348.0659560482732,8.0
28,28.0,1.0,1.0,1.0,1.0,2.0,1.0,1.0,1.0,1.0,0.7,1.0,0.9,50.0,-104.3641423227232,190.19516550018875,1301.178434468143,4033.8947054748023,8.0
29,29.0,1.0,1.0,1.0,1.0,1.0,3.0,1.0,1.0,1.0,0.8,1.0,1.0,40.0,-483.95342764015373,190.19516550018875,1256.3514344681432,3270.0569296104945,6.0
30,30.0,1.0,1.0,1.0,1.0,1.0,1.0,0.0,1.0,1.0,0.9,0.9,0.9,60.0,521.8875658394055,190.19516550018875,1041.043603752819,2355.6739842050215,4.0
31,31.0,1.0,1.0,1.0,1.0,1.0,1.0,0.0,1.0,1.0,1.0,0.8,0.9,50.0,148.8450893959294,190.19516550018875,1076.4540922247281,2355.6739842050215,4.0
32,32.0,1.0,1.0,1.0,1.0,2.0,3.0,0.0,1.0,1.0,1.0,0.7,0.9,50.0,-64.9354860841464,190.19516550018875,885.863580696637,4873.005066109692,10.0
33,33.0,1.0,1.0,1.0,1.0,2.0,3.0,1.0,1.0,1.0,0.9,0.7,1.0,40.0,-586.8534672343972,165.6091073884545,1085.1290041277005,4403.291064456688,10.0
34,34.0,1.0,1.0,1.0,1.0,1.0,2.0,0.0,1.0,1.0,0.8,0.7,0.9,40.0,-249.43157760818104,190.19516550018875,839.2131006966371,3194.7843448399126,6.0
35,35.0,1.0,1.0,1.0,1.0,2.0,1.0,1.0,1.0,1.0,1.0,1.0,1.0,60.0,470.0283714066979,190.19516550018875,1527.801434468143,2430.9465689756044,4.0
36,36.0,1.0,1.0,1.0,1.0,2.0,2.0,0.0,1.0,1.0,1.0,1.0,0.9,40.0,-188.94822154976833,190.19516550018875,1099.17951528091,3194.7843448399126,6.0
37,37.0,1.0,1.0,1.0,1.0,2.0,1.0,1.0,1.0,1.0,0.8,1.0,1.0,60.0,376.8538502146559,190.19516550018875,1376.7194344681432,3270.0569296104945,6.0
38,38.0,1.0,1.0,1.0,1.0,1.0,1.0,0.0,1.0,1.0,0.9,1.0,0.9,30.0,-618.8051448458807,190.19516550018875,1081.17411528091,2355.6739842050215,4.0
39,39.0,1.0,1.0,1.0,1.0,2.0,1.0,1.0,1.0,1.0,1.0,0.7,0.9,40.0,-276.8296089162104,190.19516550018875,1296.0840041277004,3194.7843448399126,6.0
40,40.0,1.0,1.0,1.0,1.0,2.0,3.0,0.0,1.0,1.0,0.7,0.8,0.9,40.0,28.842192791038848,190.19516550018875,744.509092224728,3194.7843448399126,6.0
41,41.0,1.0,1.0,1.0,1.0,2.0,2.0,0.0,1.0,1.0,1.0,0.9,0.9,30.0,-547.8581023798557,190.19516550018875,1059.049003752819,3194.7843448399126,6.0
42,42.0,1.0,1.0,1.0,1.0,1.0,3.0,0.0,1.0,1.0,0.8,0.9,0.9,40.0,-722.3280050376462,118.92485339664279,845.1346037528192,3078.515181419632,10.0
43,43.0,1.0,1.0,1.0,1.0,2.0,1.0,1.0,1.0,1.0,0.9,0.9,0.9,60.0,573.6889168592445,190.19516550018875,1375.0212910213293,2355.6739842050215,4.0
44,44.0,1.0,1.0,1.0,1.0,1.0,1.0,1.0,1.0,1.0,0.7,0.7,0.9,40.0,-850.7241357707342,118.92485339664279,1069.4610041277003,3078.515181419632,10.0
45,45.0,1.0,1.0,1.0,1.0,2.0,3.0,1.0,1.0,1.0,0.7,0.8,1.0,30.0,-523.6476180245016,190.19516550018875,1041.3781475745143,3270.0569296104945,6.0
46,46.0,1.0,1.0,1.0,1.0,1.0,2.0,1.0,1.0,1.0,1.0,0.9,1.0,30.0,-1365.6630884825745,56.00568523776178,1393.0266910213288,1633.0198419145595,10.0
47,47.0,1.0,1.0,1.0,1.0,2.0,2.0,0.0,1.0,1.0,1.0,1.0,0.9,30.0,-1034.9199168099906,56.00568523776178,1099.17951528091,1612.1948006562468,10.0
48,48.0,1.0,1.0,1.0,1.0,2.0,1.0,0.0,1.0,1.0,1.0,0.7,1.0,40.0,-585.2089712271202,165.6091073884545,1036.323580696637,4403.291064456688,10.0
49,49.0,1.0,1.0,1.0,1.0,2.0,1.0,1.0,1.0,1.0,0.7,0.7,0.9,40.0,-542.3821827433758,190.19516550018875,1069.4610041277003,4873.005066109692,10.0
50,50.0,1.0,1.0,1.0,1.0,1.0,1.0,0.0,1.0,1.0,0.9,0.9,1.0,30.0,-609.8310245599893,190.19516550018875,1041.043603752819,2430.9465689756044,4.0
51,51.0,1.0,1.0,1.0,1.0,1.0,1.0,0.0,1.0,1.0,1.0,0.9,0.9,30.0,-1202.7963049872421,56.00568523776178,1116.584603752819,1612.1948006562468,10.0
52,52.0,1.0,1.0,1.0,1.0,1.0,2.0,1.0,1.0,1.0,0.7,0.8,0.9,60.0,515.7302461227002,190.19516550018875,1106.4252275745146,2355.6739842050215,4.0
53,53.0,1.0,1.0,1.0,1.0,1.0,3.0,0.0,1.0,1.0,1.0,0.8,1.0,30.0,-1074.154500073208,56.00568523776178,925.9940922247281,1633.0198419145595,10.0
54,54.0,1.0,1.0,1.0,1.0,1.0,3.0,1.0,1.0,1.0,0.7,1.0,1.0,30.0,-430.44322389037825,190.19516550018875,1195.8564344681429,1591.8362083407142,2.0
55,55.0,1.0,1.0,1.0,1.0,1.0,2.0,0.0,1.0,1.0,0.8,0.9,0.9,50.0,-128.47221814749562,190.19516550018875,919.474123752819,4033.8947054748023,8.0
56,56.0,1.0,1.0,1.0,1.0,1.0,2.0,0.0,1.0,1.0,0.7,1.0,1.0,40.0,-775.5074444340913,116.63605138586409,889.81719528091,3064.226785437347,10.0
57,57.0,1.0,1.0,1.0,1.0,2.0,3.0,1.0,1.0,1.0,0.9,0.7,0.9,50.0,395.16532198363564,190.19516550018875,1085.1290041277005,2355.6739842050215,4.0
58,58.0,1.0,1.0,1.0,1.0,2.0,3.0,0.0,1.0,1.0,0.8,0.9,1.0,60.0,846.927123570136,190.19516550018875,845.1346037528192,2430.9465689756044,4.0
59,59.0,1.0,1.0,1.0,1.0,2.0,3.0,1.0,1.0,1.0,0.9,0.8,1.0,40.0,-394.4625124114244,190.19516550018875,1162.3681475745145,4109.167290245384,8.0
60,60.0,1.0,1.0,1.0,1.0,2.0,3.0,1.0,1.0,1.0,0.7,0.9,0.9,40.0,21.221775294944912,190.19516550018875,1118.617291021329,2355.6739842050215,4.0
61,61.0,1.0,1.0,1.0,1.0,1.0,1.0,1.0,1.0,1.0,1.0,0.8,1.0,60.0,341.57946665210227,190.19516550018875,1373.3231475745145,2430.9465689756044,4.0
62,62.0,1.0,1.0,1.0,1.0,1.0,3.0,1.0,1.0,1.0,0.7,0.8,1.0,30.0,-1126.4858642389013,56.00568523776178,1041.3781475745143,1633.0198419145595,10.0
63,63.0,1.0,1.0,1.0,1.0,2.0,3.0,0.0,1.0,1.0,0.9,0.7,1.0,60.0,314.61102178786837,190.19516550018875,825.3685806966371,4948.277650880274,10.0
64,64.0,1.0,1.0,1.0,1.0,1.0,1.0,1.0,1.0,1.0,1.0,0.7,0.9,40.0,-126.20873466550272,190.19516550018875,1296.0840041277004,1516.5636235701313,2.0
65,65.0,1.0,1.0,1.0,1.0,2.0,1.0,0.0,1.0,1.0,0.7,0.9,1.0,40.0,-79.91076319022382,190.19516550018875,889.961603752819,3270.0569296104945,6.0
66,66.0,1.0,1.0,1.0,1.0,2.0,2.0,0.0,1.0,1.0,1.0,0.9,0.9,40.0,-162.67940485497374,190.19516550018875,1059.049003752819,3194.7843448399126,6.0
67,67.0,1.0,1.0,1.0,1.0,2.0,2.0,0.0,1.0,1.0,0.7,0.7,0.9,60.0,541.7926371473835,190.19516550018875,769.425660696637,4033.8947054748023,8.0
68,68.0,1.0,1.0,1.0,1.0,1.0,3.0,0.0,1.0,1.0,0.7,0.8,1.0,40.0,-669.0251101687135,116.63605138586409,744.509092224728,3064.226785437347,10.0
69,69.0,1.0,1.0,1.0,1.0,1.0,2.0,0.0,1.0,1.0,0.8,0.7,0.9,40.0,121.63190060741131,190.19516550018875,839.2131006966371,1516.5636235701313,2.0
70,70.0,1.0,1.0,1.0,1.0,2.0,3.0,1.0,1.0,1.0,0.9,0.9,0.9,30.0,-221.0388434946776,190.19516550018875,1239.607291021329,1516.5636235701313,2.0
71,71.0,1.0,1.0,1.0,1.0,1.0,3.0,0.0,1.0,1.0,0.9,0.9,0.9,50.0,254.1813568640747,190.19516550018875,905.6296037528191,2355.6739842050215,4.0
72,72.0,1.0,1.0,1.0,1.0,2.0,3.0,1.0,1.0,1.0,1.0,0.7,0.9,30.0,-1029.7346668755467,56.00568523776178,1145.6240041277003,1612.1948006562468,10.0
73,73.0,1.0,1.0,1.0,1.0,2.0,1.0,1.0,1.0,1.0,0.7,0.9,0.9,30.0,-895.113491645763,126.56375949276351,1223.939291021329,2702.0641404252447,8.0
74,74.0,1.0,1.0,1.0,1.0,1.0,2.0,1.0,1.0,1.0,0.9,0.7,1.0,40.0,-62.81119950107758,190.19516550018875,1168.7609641277006,1591.8362083407142,2.0
75,75.0,1.0,1.0,1.0,1.0,1.0,3.0,1.0,1.0,1.0,0.7,0.9,1.0,30.0,-874.8617717167718,77.4285831092128,1118.617291021329,1391.9958575317455,6.0
76,76.0,1.0,1.0,1.0,1.0,2.0,2.0,0.0,1.0,1.0,0.9,0.7,0.9,30.0,-241.68132106429584,190.19516550018875,909.000540696637,2355.6739842050215,4.0
77,77.0,1.0,1.0,1.0,1.0,2.0,3.0,1.0,1.0,1.0,0.9,0.8,0.9,40.0,-379.310474580298,190.19516550018875,1162.3681475745145,4033.8947054748023,8.0
78,78.0,1.0,1.0,1.0,1.0,1.0,2.0,0.0,1.0,1.0,0.8,0.7,1.0,30.0,-248.84508490271557,190.19516550018875,839.2131006966371,1591.8362083407142,2.0
79,79.0,1.0,1.0,1.0,1.0,2.0,2.0,0.0,1.0,1.0,0.9,0.7,0.9,30.0,-706.1108568915325,126.56375949276351,909.000540696637,2702.0641404252447,8.0
80,80.0,1.0,1.0,1.0,1.0,1.0,2.0,1.0,1.0,1.0,0.9,0.9,0.9,40.0,-776.1402273140891,165.6091073884545,1323.239251021329,3584.8945020839064,8.0
81,81.0,1.0,1.0,1.0,1.0,1.0,2.0,0.0,1.0,1.0,1.0,0.9,0.9,50.0,341.99175880898775,190.19516550018875,1059.049003752819,1516.5636235701313,2.0
82,82.0,1.0,1.0,1.0,1.0,1.0,2.0,1.0,1.0,1.0,0.7,0.7,1.0,50.0,-179.44874632497996,190.19516550018875,1029.1860841277005,4109.167290245384,8.0
83,83.0,1.0,1.0,1.0,1.0,2.0,2.0,0.0,1.0,1.0,0.8,1.0,0.9,30.0,-747.9905483784532,126.56375949276351,959.6046352809101,2702.0641404252447,8.0
84,84.0,1.0,1.0,1.0,1.0,2.0,2.0,1.0,1.0,1.0,1.0,0.8,0.9,30.0,-458.29943284618855,190.19516550018875,1315.7875475745145,2355.6739842050215,4.0
85,85.0,1.0,1.0,1.0,1.0,2.0,1.0,0.0,1.0,1.0,0.7,0.7,1.0,30.0,-659.2054153366093,122.80081648011236,809.700580696637,2667.271586622722,8.0
86,86.0,1.0,1.0,1.0,1.0,2.0,1.0,1.0,1.0,1.0,0.8,0.7,0.9,60.0,889.7220371681632,190.19516550018875,1145.0020041277005,1516.5636235701313,2.0
87,87.0,1.0,1.0,1.0,1.0,1.0,1.0,0.0,1.0,1.0,0.7,0.7,1.0,30.0,-1000.7013831233805,56.00568523776178,809.700580696637,1633.0198419145595,10.0
88,88.0,1.0,1.0,1.0,1.0,2.0,3.0,0.0,1.0,1.0,0.9,0.9,1.0,60.0,811.9518466052135,190.19516550018875,905.6296037528191,2430.9465689756044,4.0
89,89.0,1.0,1.0,1.0,1.0,2.0,2.0,0.0,1.0,1.0,0.7,1.0,0.9,30.0,-436.757478837541,190.19516550018875,889.81719528091,3194.7843448399126,6.0
90,90.0,1.0,1.0,1.0,1.0,2.0,2.0,1.0,1.0,1.0,0.8,0.9,0.9,40.0,-247.13179449668522,190.19516550018875,1253.4518110213291,3194.7843448399126,6.0
91,91.0,1.0,1.0,1.0,1.0,1.0,3.0,0.0,1.0,1.0,0.9,1.0,0.9,30.0,-300.2291219808077,190.19516550018875,945.76011528091,1516.5636235701313,2.0
92,92.0,1.0,1.0,1.0,1.0,1.0,3.0,1.0,1.0,1.0,0.7,0.8,1.0,60.0,725.3301563573989,190.19516550018875,1041.3781475745143,1591.8362083407142,2.0
93,93.0,1.0,1.0,1.0,1.0,1.0,3.0,0.0,1.0,1.0,0.9,1.0,1.0,60.0,385.72417511312807,190.19516550018875,945.76011528091,3270.0569296104945,6.0
94,94.0,1.0,1.0,1.0,1.0,2.0,1.0,1.0,1.0,1.0,1.0,0.7,0.9,50.0,446.0241941641844,190.19516550018875,1296.0840041277004,1516.5636235701313,2.0
95,95.0,1.0,1.0,1.0,1.0,1.0,1.0,1.0,1.0,1.0,0.7,0.8,1.0,50.0,303.3134743537248,190.19516550018875,1146.7001475745144,1591.8362083407142,2.0
96,96.0,1.0,1.0,1.0,1.0,1.0,3.0,1.0,1.0,1.0,0.8,1.0,0.9,30.0,-696.1698848214866,190.19516550018875,1256.3514344681432,2355.6739842050215,4.0
97,97.0,1.0,1.0,1.0,1.0,1.0,2.0,0.0,1.0,1.0,0.8,0.9,0.9,40.0,-534.8941341260294,165.6091073884545,919.474123752819,3584.8945020839064,8.0
98,98.0,1.0,1.0,1.0,1.0,1.0,2.0,1.0,1.0,1.0,0.9,1.0,0.9,50.0,172.52064821628102,190.19516550018875,1400.478394468143,1516.5636235701313,2.0
99,99.0,1.0,1.0,1.0,1.0,2.0,1.0,0.0,1.0,1.0,1.0,0.7,1.0,60.0,367.4850954821545,190.19516550018875,1036.323580696637,4109.167290245384,8.0
100,100.0,1.0,1.0,1.0,1.0,2.0,3.0,0.0,1.0,1.0,0.7,0.8,0.9,30.0,-787.7444967519137,56.00568523776178,744.509092224728,1612.1948006562468,10.0
101,101.0,1.0,1.0,1.0,1.0,2.0,3.0,0.0,1.0,1.0,0.7,0.9,1.0,50.0,527.3221405454004,190.19516550018875,784.6396037528191,2430.9465689756044,4.0
102,102.0,1.0,1.0,1.0,1.0,2.0,3.0,0.0,1.0,1.0,1.0,0.9,1.0,60.0,411.72963044346704,190.19516550018875,966.124603752819,4109.167290245384,8.0
103,103.0,1.0,1.0,1.0,1.0,2.0,2.0,0.0,1.0,1.0,0.9,0.7,1.0,30.0,-909.5699387348252,56.00568523776178,909.000540696637,1633.0198419145595,10.0
104,104.0,1.0,1.0,1.0,1.0,1.0,1.0,0.0,1.0,1.0,1.0,0.7,1.0,30.0,-368.27006741245333,190.19516550018875,1036.323580696637,1591.8362083407142,2.0
105,105.0,1.0,1.0,1.0,1.0,1.0,3.0,1.0,1.0,1.0,1.0,1.0,1.0,40.0,-362.68878777806583,190.19516550018875,1377.341434468143,2430.9465689756044,4.0
106,106.0,1.0,1.0,1.0,1.0,2.0,3.0,1.0,1.0,1.0,0.9,0.7,1.0,30.0,-814.0850126472001,122.80081648011236,1085.1290041277005,2667.271586622722,8.0
107,107.0,1.0,1.0,1.0,1.0,2.0,2.0,0.0,1.0,1.0,0.8,0.9,1.0,40.0,-95.09950178056314,190.19516550018875,919.474123752819,3270.0569296104945,6.0
108,108.0,1.0,1.0,1.0,1.0,1.0,1.0,0.0,1.0,1.0,0.9,1.0,1.0,50.0,-57.16379214919642,190.19516550018875,1081.17411528091,3270.0569296104945,6.0
109,109.0,1.0,1.0,1.0,1.0,2.0,1.0,0.0,1.0,1.0,0.9,1.0,1.0,50.0,526.6856503875619,190.19516550018875,1081.17411528091,1591.8362083407142,2.0
110,110.0,1.0,1.0,1.0,1.0,2.0,2.0,1.0,1.0,1.0,0.7,1.0,1.0,40.0,-265.4594396735808,190.19516550018875,1260.9035144681432,3270.0569296104945,6.0
111,111.0,1.0,1.0,1.0,1.0,1.0,3.0,1.0,1.0,1.0,0.7,0.7,0.9,60.0,419.6341972570834,190.19516550018875,964.1390041277003,3194.7843448399126,6.0
112,112.0,1.0,1.0,1.0,1.0,1.0,1.0,0.0,1.0,1.0,0.8,0.9,0.9,50.0,211.9352551495949,190.19516550018875,965.502603752819,2355.6739842050215,4.0
113,113.0,1.0,1.0,1.0,1.0,2.0,1.0,0.0,1.0,1.0,0.7,0.9,0.9,60.0,463.5889082628051,190.19516550018875,889.961603752819,4033.8947054748023,8.0
114,114.0,1.0,1.0,1.0,1.0,2.0,2.0,1.0,1.0,1.0,0.8,0.8,1.0,40.0,-407.32342348766326,190.19516550018875,1176.2126675745146,4109.167290245384,8.0
115,115.0,1.0,1.0,1.0,1.0,1.0,3.0,0.0,1.0,1.0,0.8,1.0,0.9,40.0,-92.65160623635325,190.19516550018875,885.2651152809101,2355.6739842050215,4.0
116,116.0,1.0,1.0,1.0,1.0,1.0,1.0,1.0,1.0,1.0,1.0,0.7,0.9,40.0,-762.4711835743067,165.6091073884545,1296.0840041277004,3584.8945020839064,8.0
117,117.0,1.0,1.0,1.0,1.0,1.0,2.0,0.0,1.0,1.0,0.9,0.8,1.0,50.0,28.51751715020082,190.19516550018875,949.1310522247281,3270.0569296104945,6.0
118,118.0,1.0,1.0,1.0,1.0,1.0,1.0,1.0,1.0,1.0,1.0,0.9,1.0,50.0,124.83831940432039,190.19516550018875,1450.5622910213292,1591.8362083407142,2.0
119,119.0,1.0,1.0,1.0,1.0,2.0,2.0,1.0,1.0,1.0,0.8,0.7,1.0,50.0,0.13431415558814352,190.19516550018875,1098.9735241277006,4109.167290245384,8.0
120,120.0,1.0,1.0,1.0,1.0,2.0,1.0,0.0,1.0,1.0,0.9,0.8,0.9,60.0,583.254397748016,190.19516550018875,1000.9130922247281,3194.7843448399126,6.0
121,121.0,1.0,1.0,1.0,1.0,2.0,1.0,1.0,1.0,1.0,0.9,1.0,0.9,60.0,711.3420859900491,190.19516550018875,1452.260434468143,1516.5636235701313,2.0
122,122.0,1.0,1.0,1.0,1.0,1.0,3.0,1.0,1.0,1.0,0.7,0.7,1.0,50.0,-137.42267023198127,190.19516550018875,964.1390041277003,4109.167290245384,8.0
123,123.0,1.0,1.0,1.0,1.0,1.0,2.0,0.0,1.0,1.0,1.0,0.8,1.0,50.0,-12.497925896839734,190.19516550018875,1018.9184922247282,3270.0569296104945,6.0
124,124.0,1.0,1.0,1.0,1.0,1.0,2.0,0.0,1.0,1.0,0.9,0.9,0.9,30.0,-1114.0918913542935,56.00568523776178,989.261563752819,1612.1948006562468,10.0
125,125.0,1.0,1.0,1.0,1.0,1.0,3.0,1.0,1.0,1.0,0.7,1.0,1.0,40.0,-72.97204002037977,190.19516550018875,1195.8564344681429,1591.8362083407142,2.0
126,126.0,1.0,1.0,1.0,1.0,2.0,2.0,0.0,1.0,1.0,0.9,0.7,1.0,40.0,-496.50455759417173,165.6091073884545,909.000540696637,4403.291064456688,10.0
127,127.0,1.0,1.0,1.0,1.0,1.0,3.0,0.0,1.0,1.0,0.7,0.7,0.9,40.0,-381.5141045964183,165.6091073884545,704.3785806966371,3584.8945020839064,8.0
128,128.0,1.0,1.0,1.0,1.0,2.0,3.0,1.0,1.0,1.0,0.9,0.9,1.0,30.0,-1102.292305747781,56.00568523776178,1239.607291021329,1633.0198419145595,10.0
129,129.0,1.0,1.0,1.0,1.0,2.0,1.0,1.0,1.0,1.0,0.8,0.9,0.9,60.0,252.8212913814032,190.19516550018875,1299.480291021329,4033.8947054748023,8.0
130,130.0,1.0,1.0,1.0,1.0,2.0,3.0,1.0,1.0,1.0,1.0,0.7,0.9,50.0,360.1900450187133,190.19516550018875,1145.6240041277003,2355.6739842050215,4.0
131,131.0,1.0,1.0,1.0,1.0,1.0,1.0,0.0,1.0,1.0,0.9,0.8,1.0,30.0,-982.96372657561,56.00568523776178,1000.9130922247281,1348.0659560482732,8.0
132,132.0,1.0,1.0,1.0,1.0,2.0,2.0,1.0,1.0,1.0,0.9,0.7,1.0,60.0,316.19254232009536,190.19516550018875,1168.7609641277006,4109.167290245384,8.0
133,133.0,1.0,1.0,1.0,1.0,1.0,2.0,1.0,1.0,1.0,0.9,0.9,1.0,40.0,-795.5669795763799,163.67635912572442,1323.239251021329,3598.0153624475847,8.0
134,134.0,1.0,1.0,1.0,1.0,1.0,2.0,0.0,1.0,1.0,0.9,0.8,1.0,30.0,-945.3376800437661,56.00568523776178,949.1310522247281,1348.0659560482732,8.0
135,135.0,1.0,1.0,1.0,1.0,2.0,2.0,0.0,1.0,1.0,0.8,1.0,1.0,60.0,773.0550320083807,190.19516550018875,959.6046352809101,2430.9465689756044,4.0
136,136.0,1.0,1.0,1.0,1.0,2.0,2.0,1.0,1.0,1.0,0.8,1.0,0.9,60.0,52.687966203912495,190.19516550018875,1330.6909544681432,4873.005066109692,10.0
137,137.0,1.0,1.0,1.0,1.0,1.0,1.0,1.0,1.0,1.0,0.7,1.0,1.0,40.0,-325.13602218372955,190.19516550018875,1301.178434468143,2430.9465689756044,4.0
138,138.0,1.0,1.0,1.0,1.0,1.0,2.0,0.0,1.0,1.0,0.7,0.9,0.9,40.0,-487.99643886179615,165.6091073884545,849.6866837528191,3584.8945020839064,8.0
139,139.0,1.0,1.0,1.0,1.0,2.0,2.0,0.0,1.0,1.0,1.0,1.0,0.9,60.0,155.60035766758185,190.19516550018875,1099.17951528091,4873.005066109692,10.0
140,140.0,1.0,1.0,1.0,1.0,1.0,1.0,0.0,1.0,1.0,0.9,0.8,0.9,30.0,-972.6386226353885,56.00568523776178,1000.9130922247281,1327.2409147899605,8.0
141,141.0,1.0,1.0,1.0,1.0,1.0,3.0,0.0,1.0,1.0,0.9,0.8,0.9,50.0,462.7519095072831,190.19516550018875,865.4990922247281,1516.5636235701313,2.0
142,142.0,1.0,1.0,1.0,1.0,1.0,1.0,1.0,1.0,1.0,1.0,0.9,0.9,50.0,-43.15081128458002,190.19516550018875,1450.5622910213292,2355.6739842050215,4.0
143,143.0,1.0,1.0,1.0,1.0,1.0,3.0,0.0,1.0,1.0,0.8,0.9,0.9,50.0,-80.44241689835421,190.19516550018875,845.1346037528192,4033.8947054748023,8.0
144,144.0,1.0,1.0,1.0,1.0,2.0,1.0,1.0,1.0,1.0,0.7,1.0,0.9,50.0,446.13448434176684,190.19516550018875,1301.178434468143,1516.5636235701313,2.0
145,145.0,1.0,1.0,1.0,1.0,2.0,2.0,0.0,1.0,1.0,0.9,1.0,1.0,60.0,366.8278787937576,190.19516550018875,1029.39207528091,4109.167290245384,8.0
146,146.0,1.0,1.0,1.0,1.0,1.0,1.0,1.0,1.0,1.0,0.9,0.8,0.9,50.0,-519.8161827335814,190.19516550018875,1297.7821475745145,4873.005066109692,10.0
147,147.0,1.0,1.0,1.0,1.0,1.0,2.0,0.0,1.0,1.0,0.8,0.8,0.9,40.0,95.46616776138131,190.19516550018875,879.3436122247281,1516.5636235701313,2.0
148,148.0,1.0,1.0,1.0,1.0,1.0,2.0,0.0,1.0,1.0,0.7,0.8,1.0,50.0,-266.1835723010956,190.19516550018875,809.556172224728,4948.277650880274,10.0
149,149.0,1.0,1.0,1.0,1.0,1.0,2.0,0.0,1.0,1.0,0.9,0.8,0.9,50.0,409.08822210774804,190.19516550018875,949.1310522247281,1516.5636235701313,2.0
150,150.0,1.0,1.0,1.0,1.0,1.0,3.0,1.0,1.0,1.0,1.0,0.9,1.0,40.0,-1013.3887376650769,116.63605138586409,1300.102291021329,3064.226785437347,10.0
151,151.0,1.0,1.0,1.0,1.0,1.0,2.0,0.0,1.0,1.0,1.0,0.9,0.9,30.0,-369.01643142662897,190.19516550018875,1059.049003752819,1516.5636235701313,2.0
152,152.0,1.0,1.0,1.0,1.0,1.0,3.0,0.0,1.0,1.0,0.9,0.9,0.9,50.0,254.1813568640747,190.19516550018875,905.6296037528191,2355.6739842050215,4.0
153,153.0,1.0,1.0,1.0,1.0,1.0,3.0,0.0,1.0,1.0,0.8,0.7,1.0,50.0,327.0468104182199,190.19516550018875,764.8735806966372,2430.9465689756044,4.0
154,154.0,1.0,1.0,1.0,1.0,1.0,2.0,1.0,1.0,1.0,0.8,0.7,0.9,60.0,701.6769191535916,190.19516550018875,1098.9735241277006,1516.5636235701313,2.0
155,155.0,1.0,1.0,1.0,1.0,2.0,3.0,0.0,1.0,1.0,0.7,0.7,0.9,50.0,40.73222921005505,190.19516550018875,704.3785806966371,4873.005066109692,10.0
156,156.0,1.0,1.0,1.0,1.0,2.0,1.0,1.0,1.0,1.0,0.8,0.7,0.9,60.0,889.7220371681632,190.19516550018875,1145.0020041277005,1516.5636235701313,2.0
157,157.0,1.0,1.0,1.0,1.0,2.0,3.0,1.0,1.0,1.0,1.0,0.8,1.0,40.0,-53.633491340438184,190.19516550018875,1222.8631475745144,2430.9465689756044,4.0
158,158.0,1.0,1.0,1.0,1.0,2.0,2.0,0.0,1.0,1.0,0.7,0.8,0.9,40.0,-13.057080605572237,190.19516550018875,809.556172224728,3194.7843448399126,6.0
159,159.0,1.0,1.0,1.0,1.0,2.0,3.0,1.0,1.0,1.0,0.8,0.8,1.0,40.0,198.95816259793912,190.19516550018875,1101.8731475745146,1591.8362083407142,2.0
160,160.0,1.0,1.0,1.0,1.0,1.0,3.0,1.0,1.0,1.0,1.0,0.9,1.0,60.0,393.5148829514939,190.19516550018875,1300.102291021329,2430.9465689756044,4.0
161,161.0,1.0,1.0,1.0,1.0,1.0,3.0,1.0,1.0,1.0,0.9,0.9,0.9,50.0,270.781608821333,190.19516550018875,1239.607291021329,1516.5636235701313,2.0
162,162.0,1.0,1.0,1.0,1.0,1.0,1.0,1.0,1.0,1.0,0.8,1.0,1.0,60.0,341.65275115207544,190.19516550018875,1376.7194344681432,2430.9465689756044,4.0
163,163.0,1.0,1.0,1.0,1.0,1.0,3.0,0.0,1.0,1.0,1.0,0.9,0.9,30.0,-943.935005383007,56.00568523776178,966.124603752819,1327.2409147899605,8.0
164,164.0,1.0,1.0,1.0,1.0,1.0,2.0,0.0,1.0,1.0,0.9,0.8,0.9,60.0,398.8272763528345,190.19516550018875,949.1310522247281,3194.7843448399126,6.0
165,165.0,1.0,1.0,1.0,1.0,2.0,2.0,0.0,1.0,1.0,0.8,1.0,0.9,40.0,-497.6326968487965,190.19516550018875,959.6046352809101,4873.005066109692,10.0
166,166.0,1.0,1.0,1.0,1.0,1.0,1.0,0.0,1.0,1.0,0.9,0.9,0.9,30.0,-589.2126825954961,190.19516550018875,1041.043603752819,2355.6739842050215,4.0
167,167.0,1.0,1.0,1.0,1.0,1.0,1.0,1.0,1.0,1.0,0.8,1.0,0.9,40.0,-355.302246158204,190.19516550018875,1376.7194344681432,2355.6739842050215,4.0
168,168.0,1.0,1.0,1.0,1.0,2.0,3.0,1.0,1.0,1.0,1.0,0.9,1.0,60.0,611.1464018058119,190.19516550018875,1300.102291021329,2430.9465689756044,4.0
169,169.0,1.0,1.0,1.0,1.0,2.0,2.0,1.0,1.0,1.0,0.7,0.9,1.0,30.0,-1069.3078706309548,56.00568523776178,1183.664371021329,1633.0198419145595,10.0
170,170.0,1.0,1.0,1.0,1.0,2.0,1.0,0.0,1.0,1.0,0.7,1.0,1.0,60.0,238.3515366474195,190.19516550018875,930.09211528091,4948.277650880274,10.0
171,171.0,1.0,1.0,1.0,1.0,2.0,1.0,0.0,1.0,1.0,0.7,0.9,1.0,40.0,287.60359400300285,190.19516550018875,889.961603752819,1591.8362083407142,2.0
172,172.0,1.0,1.0,1.0,1.0,1.0,3.0,1.0,1.0,1.0,0.7,1.0,0.9,40.0,-432.4632816651811,190.19516550018875,1195.8564344681429,3194.7843448399126,6.0
173,173.0,1.0,1.0,1.0,1.0,1.0,2.0,1.0,1.0,1.0,0.7,1.0,1.0,50.0,-314.2308428395105,190.19516550018875,1260.9035144681432,4109.167290245384,8.0
174,174.0,1.0,1.0,1.0,1.0,1.0,2.0,0.0,1.0,1.0,1.0,1.0,1.0,30.0,-1051.420299808768,56.00568523776178,1099.17951528091,1348.0659560482732,8.0
175,175.0,1.0,1.0,1.0,1.0,1.0,2.0,0.0,1.0,1.0,0.9,0.8,0.9,40.0,-552.1993671398778,165.6091073884545,949.1310522247281,3584.8945020839064,8.0
176,176.0,1.0,1.0,1.0,1.0,2.0,1.0,1.0,1.0,1.0,0.9,0.9,1.0,30.0,-753.5531935357858,190.19516550018875,1375.0212910213293,3270.0569296104945,6.0
177,177.0,1.0,1.0,1.0,1.0,1.0,2.0,1.0,1.0,1.0,0.7,0.7,1.0,60.0,363.4498442779863,190.19516550018875,1029.1860841277005,3270.0569296104945,6.0
178,178.0,1.0,1.0,1.0,1.0,2.0,1.0,1.0,1.0,1.0,0.7,0.7,1.0,30.0,-810.3652803884744,122.80081648011236,1069.4610041277003,2667.271586622722,8.0
179,179.0,1.0,1.0,1.0,1.0,2.0,1.0,1.0,1.0,1.0,1.0,0.9,1.0,60.0,696.8723399225262,190.19516550018875,1450.5622910213292,1591.8362083407142,2.0
180,180.0,1.0,1.0,1.0,1.0,1.0,1.0,1.0,1.0,1.0,0.9,0.7,0.9,50.0,90.65975211499027,190.19516550018875,1220.5430041277004,2355.6739842050215,4.0
181,181.0,1.0,1.0,1.0,1.0,2.0,3.0,0.0,1.0,1.0,0.7,1.0,0.9,60.0,320.5968357584916,190.19516550018875,824.77011528091,4873.005066109692,10.0
182,182.0,1.0,1.0,1.0,1.0,1.0,1.0,1.0,1.0,1.0,0.8,0.8,1.0,30.0,-701.9143266963458,190.19516550018875,1222.2411475745146,2430.9465689756044,4.0
183,183.0,1.0,1.0,1.0,1.0,2.0,2.0,0.0,1.0,1.0,0.8,0.7,0.9,50.0,693.7415397946519,190.19516550018875,839.2131006966371,1516.5636235701313,2.0
184,184.0,1.0,1.0,1.0,1.0,2.0,2.0,1.0,1.0,1.0,0.8,0.7,0.9,50.0,564.7810512156047,190.19516550018875,1098.9735241277006,1516.5636235701313,2.0
185,185.0,1.0,1.0,1.0,1.0,2.0,2.0,0.0,1.0,1.0,0.8,0.9,1.0,60.0,616.7903450626732,190.19516550018875,919.474123752819,3270.0569296104945,6.0
186,186.0,1.0,1.0,1.0,1.0,1.0,1.0,1.0,1.0,1.0,0.8,0.7,1.0,40.0,-51.381398399699144,190.19516550018875,1145.0020041277005,1591.8362083407142,2.0
187,187.0,1.0,1.0,1.0,1.0,1.0,2.0,1.0,1.0,1.0,0.7,0.7,0.9,40.0,-150.18201909456104,190.19516550018875,1029.1860841277005,2355.6739842050215,4.0
188,188.0,1.0,1.0,1.0,1.0,1.0,1.0,0.0,1.0,1.0,0.9,0.7,0.9,50.0,-341.3654938881376,190.19516550018875,960.7825806966371,4873.005066109692,10.0
189,189.0,1.0,1.0,1.0,1.0,1.0,1.0,0.0,1.0,1.0,1.0,0.7,0.9,50.0,175.0108222419598,190.19516550018875,1036.323580696637,2355.6739842050215,4.0
190,190.0,1.0,1.0,1.0,1.0,1.0,2.0,0.0,1.0,1.0,0.9,0.8,0.9,40.0,-793.687420639619,118.92485339664279,949.1310522247281,3078.515181419632,10.0
191,191.0,1.0,1.0,1.0,1.0,2.0,1.0,0.0,1.0,1.0,0.7,0.8,1.0,50.0,-793.687420639619,118.92485339664279,949.1310522247281,3078.515181419632,2.0
192,192.0,1.0,1.0,1.0,1.0,2.0,2.0,1.0,1.0,1.0,1.0,0.7,0.9,30.0,-226.46376668332636,190.19516550018875,1238.5484041277002,1516.5636235701313,2.0
193,193.0,1.0,1.0,1.0,1.0,2.0,3.0,0.0,1.0,1.0,0.8,1.0,1.0,50.0,466.1811307344477,190.19516550018875,885.2651152809101,2430.9465689756044,4.0
194,194.0,1.0,1.0,1.0,1.0,2.0,3.0,1.0,1.0,1.0,1.0,1.0,1.0,40.0,-780.5545757342104,165.6091073884545,1377.341434468143,4403.291064456688,10.0
195,195.0,1.0,1.0,1.0,1.0,1.0,3.0,1.0,1.0,1.0,0.8,0.7,1.0,40.0,-347.0894526675489,190.19516550018875,1024.6340041277006,3270.0569296104945,6.0
196,196.0,1.0,1.0,1.0,1.0,2.0,1.0,1.0,1.0,1.0,1.0,0.7,0.9,50.0,-292.1181505478081,190.19516550018875,1296.0840041277004,4873.005066109692,10.0
197,197.0,1.0,1.0,1.0,1.0,1.0,3.0,0.0,1.0,1.0,0.7,0.7,1.0,50.0,178.57305365256383,190.19516550018875,704.3785806966371,3270.0569296104945,6.0
198,198.0,1.0,1.0,1.0,1.0,2.0,3.0,1.0,1.0,1.0,0.9,0.8,1.0,40.0,-204.23120634794466,190.19516550018875,1162.3681475745145,3270.0569296104945,6.0
199,199.0,1.0,1.0,1.0,1.0,1.0,1.0,1.0,1.0,1.0,0.7,0.8,1.0,40.0,-918.3413542792688,116.63605138586409,1146.7001475745144,3064.226785437347,10.0
200,200.0,1.0,1.0,1.0,1.0,1.0,2.0,1.0,1.0,1.0,0.9,0.9,1.0,60.0,8.044288941713575,190.19516550018875,1323.239251021329,4109.167290245384,8.0
201,201.0,1.0,1.0,1.0,1.0,2.0,2.0,1.0,1.0,1.0,0.9,1.0,0.9,40.0,-760.4730564728369,190.19516550018875,1400.478394468143,4873.005066109692,10.0
202,202.0,1.0,1.0,1.0,1.0,2.0,1.0,0.0,1.0,1.0,0.9,1.0,1.0,60.0,698.912062744856,190.19516550018875,1081.17411528091,2430.9465689756044,4.0
203,203.0,1.0,1.0,1.0,1.0,2.0,2.0,1.0,1.0,1.0,1.0,0.7,1.0,60.0,822.9336042822845,190.19516550018875,1238.5484041277002,1591.8362083407142,2.0
204,204.0,1.0,1.0,1.0,1.0,2.0,1.0,1.0,1.0,1.0,1.0,0.7,0.9,50.0,-104.4623229082682,190.19516550018875,1296.0840041277004,4033.8947054748023,8.0
205,205.0,1.0,1.0,1.0,1.0,1.0,2.0,1.0,1.0,1.0,0.8,1.0,0.9,50.0,-535.4761083206681,190.19516550018875,1330.6909544681432,4873.005066109692,10.0
206,206.0,1.0,1.0,1.0,1.0,2.0,3.0,0.0,1.0,1.0,0.8,0.8,1.0,60.0,690.6624366244288,190.19516550018875,805.0040922247281,3270.0569296104945,6.0
207,207.0,1.0,1.0,1.0,1.0,1.0,1.0,0.0,1.0,1.0,0.9,0.8,0.9,50.0,-367.93530869871785,190.19516550018875,1000.9130922247281,4873.005066109692,10.0
208,208.0,1.0,1.0,1.0,1.0,2.0,2.0,0.0,1.0,1.0,0.9,0.9,0.9,40.0,63.481767672551705,190.19516550018875,989.261563752819,2355.6739842050215,4.0
209,209.0,1.0,1.0,1.0,1.0,1.0,1.0,0.0,1.0,1.0,0.7,0.9,1.0,40.0,-113.65824843917603,190.19516550018875,889.961603752819,2430.9465689756044,4.0
210,210.0,1.0,1.0,1.0,1.0,1.0,2.0,1.0,1.0,1.0,0.7,0.9,1.0,50.0,284.54780977208105,190.19516550018875,1183.664371021329,1591.8362083407142,2.0
211,211.0,1.0,1.0,1.0,1.0,2.0,3.0,0.0,1.0,1.0,0.8,0.8,1.0,60.0,323.4429975009676,190.19516550018875,805.0040922247281,4948.277650880274,10.0
212,212.0,1.0,1.0,1.0,1.0,2.0,3.0,1.0,1.0,1.0,0.7,1.0,1.0,50.0,-238.7929920793101,190.19516550018875,1195.8564344681429,4948.277650880274,10.0
213,213.0,1.0,1.0,1.0,1.0,2.0,2.0,1.0,1.0,1.0,0.9,1.0,1.0,30.0,-1028.4561541179355,122.80081648011236,1400.478394468143,2667.271586622722,8.0
214,214.0,1.0,1.0,1.0,1.0,2.0,1.0,0.0,1.0,1.0,0.9,0.7,1.0,30.0,-500.01987111118996,190.19516550018875,960.7825806966371,3270.0569296104945,6.0
215,215.0,1.0,1.0,1.0,1.0,1.0,1.0,1.0,1.0,1.0,1.0,0.9,0.9,30.0,-834.6394476204272,190.19516550018875,1450.5622910213292,2355.6739842050215,4.0
216,216.0,1.0,1.0,1.0,1.0,1.0,1.0,0.0,1.0,1.0,0.7,0.9,0.9,50.0,256.56320444944276,190.19516550018875,889.961603752819,2355.6739842050215,4.0
217,217.0,1.0,1.0,1.0,1.0,2.0,1.0,0.0,1.0,1.0,0.9,1.0,1.0,40.0,172.1819625572772,190.19516550018875,1081.17411528091,1591.8362083407142,2.0
218,218.0,1.0,1.0,1.0,1.0,1.0,2.0,0.0,1.0,1.0,0.9,0.9,1.0,50.0,186.0704142060463,190.19516550018875,989.261563752819,2430.9465689756044,4.0
219,219.0,1.0,1.0,1.0,1.0,1.0,2.0,1.0,1.0,1.0,0.7,0.7,0.9,40.0,33.57095720407248,190.19516550018875,1029.1860841277005,1516.5636235701313,2.0
220,220.0,1.0,1.0,1.0,1.0,1.0,3.0,0.0,1.0,1.0,1.0,0.8,1.0,30.0,-297.47792860150736,190.19516550018875,925.9940922247281,1591.8362083407142,2.0
221,221.0,1.0,1.0,1.0,1.0,1.0,3.0,0.0,1.0,1.0,0.7,1.0,1.0,50.0,-276.9146454384157,190.19516550018875,824.77011528091,4948.277650880274,10.0
222,222.0,1.0,1.0,1.0,1.0,2.0,1.0,1.0,1.0,1.0,0.9,0.8,0.9,60.0,800.5136798828423,190.19516550018875,1297.7821475745145,1516.5636235701313,2.0
223,223.0,1.0,1.0,1.0,1.0,2.0,2.0,1.0,1.0,1.0,0.7,0.9,0.9,40.0,-20.546447400388576,190.19516550018875,1183.664371021329,2355.6739842050215,4.0
224,224.0,1.0,1.0,1.0,1.0,1.0,3.0,0.0,1.0,1.0,0.8,1.0,0.9,40.0,90.84106078504642,190.19516550018875,885.2651152809101,1516.5636235701313,2.0
225,225.0,1.0,1.0,1.0,1.0,2.0,3.0,1.0,1.0,1.0,0.7,0.8,1.0,50.0,406.0832797607823,190.19516550018875,1041.3781475745143,2430.9465689756044,4.0
226,226.0,1.0,1.0,1.0,1.0,2.0,3.0,0.0,1.0,1.0,0.8,0.8,1.0,40.0,346.3627562285874,190.19516550018875,805.0040922247281,1591.8362083407142,2.0
227,227.0,1.0,1.0,1.0,1.0,1.0,2.0,1.0,1.0,1.0,0.7,1.0,1.0,50.0,-126.69804363301725,190.19516550018875,1260.9035144681432,3270.0569296104945,6.0
228,228.0,1.0,1.0,1.0,1.0,2.0,3.0,0.0,1.0,1.0,0.7,0.8,1.0,40.0,198.88967797401767,190.19516550018875,744.509092224728,2430.9465689756044,4.0
229,229.0,1.0,1.0,1.0,1.0,2.0,3.0,1.0,1.0,1.0,0.9,0.7,1.0,50.0,380.7240328807983,190.19516550018875,1085.1290041277005,2430.9465689756044,4.0
230,230.0,1.0,1.0,1.0,1.0,2.0,1.0,1.0,1.0,1.0,0.7,1.0,0.9,60.0,800.5872066678972,190.19516550018875,1301.178434468143,1516.5636235701313,2.0
231,231.0,1.0,1.0,1.0,1.0,1.0,1.0,0.0,1.0,1.0,0.9,1.0,1.0,50.0,-57.16379214919642,190.19516550018875,1081.17411528091,3270.0569296104945,6.0
232,232.0,1.0,1.0,1.0,1.0,2.0,1.0,1.0,1.0,1.0,1.0,1.0,0.9,60.0,302.03924071779755,190.19516550018875,1527.801434468143,3194.7843448399126,6.0
233,233.0,1.0,1.0,1.0,1.0,2.0,2.0,0.0,1.0,1.0,0.9,0.8,0.9,50.0,76.98327551983182,190.19516550018875,949.1310522247281,4033.8947054748023,8.0
234,234.0,1.0,1.0,1.0,1.0,2.0,1.0,0.0,1.0,1.0,0.8,0.7,1.0,50.0,-86.96695860467983,190.19516550018875,885.2415806966371,4948.277650880274,10.0
235,235.0,1.0,1.0,1.0,1.0,1.0,1.0,0.0,1.0,1.0,0.7,0.7,0.9,50.0,-250.69279830700057,190.19516550018875,809.700580696637,4873.005066109692,10.0
236,236.0,1.0,1.0,1.0,1.0,2.0,1.0,1.0,1.0,1.0,0.9,1.0,1.0,30.0,-556.4752127047481,190.19516550018875,1452.260434468143,2430.9465689756044,4.0
237,237.0,1.0,1.0,1.0,1.0,2.0,1.0,1.0,1.0,1.0,0.7,0.8,1.0,40.0,166.36473321838474,190.19516550018875,1146.7001475745144,1591.8362083407142,2.0
238,238.0,1.0,1.0,1.0,1.0,2.0,3.0,1.0,1.0,1.0,1.0,0.7,1.0,50.0,345.74875591587585,190.19516550018875,1145.6240041277003,2430.9465689756044,4.0
239,239.0,1.0,1.0,1.0,1.0,1.0,1.0,1.0,1.0,1.0,0.9,0.9,1.0,60.0,-211.88707051780298,190.19516550018875,1375.0212910213293,4948.277650880274,10.0
240,240.0,1.0,1.0,1.0,1.0,1.0,2.0,0.0,1.0,1.0,0.8,0.7,1.0,60.0,816.2044250576434,190.19516550018875,839.2131006966371,1591.8362083407142,2.0
241,241.0,1.0,1.0,1.0,1.0,2.0,3.0,1.0,1.0,1.0,0.7,1.0,0.9,30.0,-605.4027334327396,190.19516550018875,1195.8564344681429,3194.7843448399126,6.0
242,242.0,1.0,1.0,1.0,1.0,2.0,2.0,1.0,1.0,1.0,0.7,0.9,1.0,40.0,-35.01914245029509,190.19516550018875,1183.664371021329,2430.9465689756044,4.0
243,243.0,1.0,1.0,1.0,1.0,2.0,2.0,0.0,1.0,1.0,0.9,1.0,1.0,60.0,366.8278787937576,190.19516550018875,1029.39207528091,4109.167290245384,8.0
244,244.0,1.0,1.0,1.0,1.0,1.0,1.0,0.0,1.0,1.0,0.8,0.7,1.0,30.0,-748.9689290159902,77.4285831092128,885.2415806966371,1391.9958575317455,6.0
245,245.0,1.0,1.0,1.0,1.0,1.0,1.0,1.0,1.0,1.0,0.8,0.9,0.9,40.0,-762.6879067448283,165.6091073884545,1299.480291021329,3584.8945020839064,8.0
246,246.0,1.0,1.0,1.0,1.0,1.0,3.0,0.0,1.0,1.0,1.0,0.8,1.0,40.0,-550.9560864312466,163.67635912572442,925.9940922247281,3598.0153624475847,8.0
247,247.0,1.0,1.0,1.0,1.0,1.0,3.0,1.0,1.0,1.0,0.7,0.8,0.9,50.0,19.163319696055957,190.19516550018875,1041.3781475745143,3194.7843448399126,6.0
248,248.0,1.0,1.0,1.0,1.0,1.0,1.0,1.0,1.0,1.0,0.7,0.7,0.9,40.0,7.734721322952434,190.19516550018875,1069.4610041277003,1516.5636235701313,2.0
249,249.0,1.0,1.0,1.0,1.0,1.0,1.0,1.0,1.0,1.0,0.9,0.7,1.0,60.0,-122.13425277293166,190.19516550018875,1220.5430041277004,4948.277650880274,10.0
250,250.0,1.0,1.0,1.0,1.0,1.0,2.0,1.0,1.0,1.0,0.9,1.0,1.0,40.0,-381.4425966256042,190.19516550018875,1400.478394468143,2430.9465689756044,4.0
251,251.0,1.0,1.0,1.0,1.0,2.0,2.0,1.0,1.0,1.0,0.8,0.8,1.0,40.0,-216.99785072557555,190.19516550018875,1176.2126675745146,3270.0569296104945,6.0
252,252.0,1.0,1.0,1.0,1.0,1.0,3.0,0.0,1.0,1.0,0.9,1.0,1.0,50.0,213.57433491520717,190.19516550018875,945.76011528091,2430.9465689756044,4.0
253,253.0,1.0,1.0,1.0,1.0,1.0,3.0,1.0,1.0,1.0,0.7,0.8,0.9,40.0,-825.3487518343898,118.92485339664279,1041.3781475745143,3078.515181419632,10.0
254,254.0,1.0,1.0,1.0,1.0,1.0,2.0,0.0,1.0,1.0,1.0,0.9,0.9,50.0,-210.9566356906268,190.19516550018875,1059.049003752819,4033.8947054748023,8.0
255,255.0,1.0,1.0,1.0,1.0,1.0,3.0,1.0,1.0,1.0,1.0,0.8,1.0,40.0,-723.7102179190923,163.67635912572442,1222.8631475745144,3598.0153624475847,8.0
256,256.0,1.0,1.0,1.0,1.0,1.0,1.0,1.0,1.0,1.0,0.8,0.8,0.9,40.0,-952.989231558204,118.92485339664279,1222.2411475745146,3078.515181419632,10.0
257,257.0,1.0,1.0,1.0,1.0,2.0,3.0,1.0,1.0,1.0,0.8,0.8,1.0,60.0,175.47576470749013,190.19516550018875,1101.8731475745146,4948.277650880274,10.0
258,258.0,1.0,1.0,1.0,1.0,1.0,3.0,1.0,1.0,1.0,0.7,0.9,1.0,50.0,143.8604538566031,190.19516550018875,1118.617291021329,2430.9465689756044,4.0
259,259.0,1.0,1.0,1.0,1.0,2.0,1.0,1.0,1.0,1.0,1.0,1.0,0.9,30.0,-1099.5353216354426,126.56375949276351,1527.801434468143,2702.0641404252447,8.0
260,260.0,1.0,1.0,1.0,1.0,2.0,2.0,0.0,1.0,1.0,0.8,0.7,0.9,60.0,316.39648958937397,190.19516550018875,839.2131006966371,4873.005066109692,10.0
261,261.0,1.0,1.0,1.0,1.0,1.0,3.0,0.0,1.0,1.0,1.0,0.7,0.9,30.0,-723.726089370384,107.69898720997243,885.863580696637,1825.2887505526176,6.0
262,262.0,1.0,1.0,1.0,1.0,2.0,3.0,1.0,1.0,1.0,1.0,0.8,1.0,40.0,-53.633491340438184,190.19516550018875,1222.8631475745144,2430.9465689756044,4.0
263,263.0,1.0,1.0,1.0,1.0,2.0,3.0,1.0,1.0,1.0,0.7,0.9,0.9,60.0,730.5135218034169,190.19516550018875,1118.617291021329,2355.6739842050215,4.0
264,264.0,1.0,1.0,1.0,1.0,2.0,2.0,1.0,1.0,1.0,0.9,1.0,0.9,60.0,744.5427894103182,190.19516550018875,1400.478394468143,1516.5636235701313,2.0
265,265.0,1.0,1.0,1.0,1.0,2.0,1.0,0.0,1.0,1.0,0.8,0.9,1.0,40.0,-313.7406968584025,190.19516550018875,965.502603752819,4109.167290245384,8.0
266,266.0,1.0,1.0,1.0,1.0,1.0,1.0,1.0,1.0,1.0,0.7,0.7,0.9,40.0,-176.11111635575747,190.19516550018875,1069.4610041277003,2355.6739842050215,4.0
267,267.0,1.0,1.0,1.0,1.0,2.0,1.0,1.0,1.0,1.0,0.7,0.7,0.9,50.0,397.54716956900376,190.19516550018875,1069.4610041277003,2355.6739842050215,4.0
268,268.0,1.0,1.0,1.0,1.0,1.0,1.0,1.0,1.0,1.0,0.9,0.8,0.9,60.0,218.15876241445145,190.19516550018875,1297.7821475745145,3194.7843448399126,6.0
269,269.0,1.0,1.0,1.0,1.0,2.0,2.0,1.0,1.0,1.0,0.7,0.9,1.0,60.0,856.5627902661743,190.19516550018875,1183.664371021329,1591.8362083407142,2.0
270,270.0,1.0,1.0,1.0,1.0,1.0,2.0,0.0,1.0,1.0,0.7,0.8,0.9,60.0,297.01495728687075,190.19516550018875,809.556172224728,4033.8947054748023,8.0
271,271.0,1.0,1.0,1.0,1.0,2.0,2.0,1.0,1.0,1.0,0.8,1.0,1.0,30.0,-1167.3922945815534,56.00568523776178,1330.6909544681432,1633.0198419145595,10.0
272,272.0,1.0,1.0,1.0,1.0,1.0,1.0,0.0,1.0,1.0,0.7,1.0,1.0,40.0,-804.7721472921921,116.63605138586409,930.09211528091,3064.226785437347,10.0
273,273.0,1.0,1.0,1.0,1.0,2.0,2.0,0.0,1.0,1.0,0.7,0.8,1.0,40.0,-27.712849234232912,190.19516550018875,809.556172224728,3270.0569296104945,6.0
274,274.0,1.0,1.0,1.0,1.0,1.0,3.0,1.0,1.0,1.0,0.7,0.8,1.0,50.0,188.45176090646407,190.19516550018875,1041.3781475745143,2430.9465689756044,4.0
275,275.0,1.0,1.0,1.0,1.0,1.0,3.0,1.0,1.0,1.0,0.9,0.7,1.0,50.0,-20.775918355053108,190.19516550018875,1085.1290041277005,3270.0569296104945,6.0
276,276.0,1.0,1.0,1.0,1.0,2.0,2.0,1.0,1.0,1.0,1.0,0.9,1.0,50.0,379.30928806336084,190.19516550018875,1393.0266910213288,1591.8362083407142,2.0
277,277.0,1.0,1.0,1.0,1.0,2.0,1.0,0.0,1.0,1.0,0.8,1.0,0.9,40.0,231.2512009599625,190.19516550018875,1005.6331152809101,1516.5636235701313,2.0
278,278.0,1.0,1.0,1.0,1.0,2.0,1.0,0.0,1.0,1.0,0.7,0.7,0.9,40.0,-200.78664174636512,190.19516550018875,809.700580696637,4033.8947054748023,8.0
279,279.0,1.0,1.0,1.0,1.0,1.0,2.0,0.0,1.0,1.0,1.0,0.7,1.0,40.0,25.27921624677251,190.19516550018875,978.7879806966371,1591.8362083407142,2.0
280,280.0,1.0,1.0,1.0,1.0,2.0,1.0,1.0,1.0,1.0,0.9,1.0,1.0,50.0,-208.59714547471702,190.19516550018875,1452.260434468143,4109.167290245384,8.0
281,281.0,1.0,1.0,1.0,1.0,1.0,2.0,1.0,1.0,1.0,0.9,0.8,0.9,50.0,-104.72945387125054,190.19516550018875,1246.0001075745145,3194.7843448399126,6.0
282,282.0,1.0,1.0,1.0,1.0,1.0,2.0,1.0,1.0,1.0,0.7,0.8,0.9,60.0,698.0247154994225,190.19516550018875,1106.4252275745146,1516.5636235701313,2.0
283,283.0,1.0,1.0,1.0,1.0,2.0,3.0,0.0,1.0,1.0,0.7,0.9,1.0,40.0,355.17230034747985,190.19516550018875,784.6396037528191,1591.8362083407142,2.0
284,284.0,1.0,1.0,1.0,1.0,2.0,2.0,0.0,1.0,1.0,0.9,0.8,0.9,30.0,-735.7033191419172,126.56375949276351,949.1310522247281,2702.0641404252447,8.0
285,285.0,1.0,1.0,1.0,1.0,1.0,3.0,1.0,1.0,1.0,0.9,1.0,1.0,40.0,-1024.4345439107246,116.63605138586409,1316.8464344681431,3064.226785437347,10.0
286,286.0,1.0,1.0,1.0,1.0,1.0,2.0,1.0,1.0,1.0,0.9,0.8,1.0,50.0,-501.48649277554296,190.19516550018875,1246.0001075745145,4948.277650880274,10.0
287,287.0,1.0,1.0,1.0,1.0,2.0,2.0,1.0,1.0,1.0,0.8,0.7,0.9,30.0,-330.5483188587138,190.19516550018875,1098.9735241277006,2355.6739842050215,4.0
288,288.0,1.0,1.0,1.0,1.0,2.0,3.0,0.0,1.0,1.0,0.8,1.0,1.0,50.0,648.5210025663118,190.19516550018875,885.2651152809101,1591.8362083407142,2.0
289,289.0,1.0,1.0,1.0,1.0,2.0,1.0,0.0,1.0,1.0,0.9,1.0,0.9,50.0,541.1186330625575,190.19516550018875,1081.17411528091,1516.5636235701313,2.0
290,290.0,1.0,1.0,1.0,1.0,1.0,1.0,0.0,1.0,1.0,1.0,1.0,1.0,60.0,-116.13321401784394,190.19516550018875,1156.7151152809101,4948.277650880274,10.0
291,291.0,1.0,1.0,1.0,1.0,2.0,3.0,1.0,1.0,1.0,1.0,0.8,0.9,30.0,-887.7874176588408,126.56375949276351,1222.8631475745144,2702.0641404252447,8.0
292,292.0,1.0,1.0,1.0,1.0,2.0,3.0,0.0,1.0,1.0,1.0,1.0,1.0,40.0,-564.6119113744032,165.6091073884545,1006.2551152809101,4403.291064456688,10.0
293,293.0,1.0,1.0,1.0,1.0,1.0,3.0,0.0,1.0,1.0,0.9,0.8,0.9,60.0,817.2046318334139,190.19516550018875,865.4990922247281,1516.5636235701313,2.0
294,294.0,1.0,1.0,1.0,1.0,1.0,1.0,0.0,1.0,1.0,0.8,1.0,1.0,40.0,-0.8629196557769333,190.19516550018875,1005.6331152809101,1591.8362083407142,2.0
295,295.0,1.0,1.0,1.0,1.0,2.0,1.0,0.0,1.0,1.0,0.8,1.0,1.0,40.0,34.2605594514114,190.19516550018875,1005.6331152809101,2430.9465689756044,4.0
296,296.0,1.0,1.0,1.0,1.0,2.0,1.0,0.0,1.0,1.0,0.9,1.0,0.9,30.0,-832.5142901745302,126.56375949276351,1081.17411528091,2702.0641404252447,8.0
297,297.0,1.0,1.0,1.0,1.0,2.0,1.0,1.0,1.0,1.0,0.9,1.0,1.0,30.0,-1066.0822006497797,122.80081648011236,1452.260434468143,2667.271586622722,8.0
298,298.0,1.0,1.0,1.0,1.0,2.0,3.0,1.0,1.0,1.0,0.7,0.7,1.0,50.0,633.0200853658085,190.19516550018875,964.1390041277003,1591.8362083407142,2.0
299,299.0,1.0,1.0,1.0,1.0,2.0,3.0,1.0,1.0,1.0,1.0,0.7,0.9,40.0,-369.537423461138,190.19516550018875,1145.6240041277003,4033.8947054748023,8.0
300,300.0,1.0,1.0,1.0,1.0,2.0,3.0,0.0,1.0,1.0,0.7,1.0,0.9,50.0,333.0084802597511,190.19516550018875,824.77011528091,3194.7843448399126,6.0
301,301.0,1.0,1.0,1.0,1.0,2.0,3.0,1.0,1.0,1.0,0.9,1.0,0.9,60.0,615.9716608237107,190.19516550018875,1316.8464344681431,2355.6739842050215,4.0
302,302.0,1.0,1.0,1.0,1.0,1.0,1.0,1.0,1.0,1.0,0.8,0.7,1.0,60.0,292.964415805506,190.19516550018875,1145.0020041277005,3270.0569296104945,6.0
303,303.0,1.0,1.0,1.0,1.0,1.0,1.0,0.0,1.0,1.0,0.8,0.8,1.0,50.0,223.65969889278756,190.19516550018875,925.372092224728,2430.9465689756044,4.0
304,304.0,1.0,1.0,1.0,1.0,2.0,1.0,1.0,1.0,1.0,0.9,0.8,0.9,50.0,80.8517649689957,190.19516550018875,1297.7821475745145,3194.7843448399126,6.0
305,305.0,1.0,1.0,1.0,1.0,2.0,3.0,1.0,1.0,1.0,0.7,0.9,1.0,50.0,-6.411956651494534,190.19516550018875,1118.617291021329,4109.167290245384,8.0
306,306.0,1.0,1.0,1.0,1.0,1.0,2.0,1.0,1.0,1.0,0.7,1.0,0.9,50.0,-299.44064046560936,190.19516550018875,1260.9035144681432,4033.8947054748023,8.0
307,307.0,1.0,1.0,1.0,1.0,1.0,1.0,1.0,1.0,1.0,0.9,0.9,1.0,30.0,-545.5544830818249,190.19516550018875,1375.0212910213293,1591.8362083407142,2.0
308,308.0,1.0,1.0,1.0,1.0,1.0,1.0,0.0,1.0,1.0,0.7,0.8,0.9,40.0,-260.55504635713044,190.19516550018875,849.8310922247281,3194.7843448399126,6.0
309,309.0,1.0,1.0,1.0,1.0,1.0,3.0,1.0,1.0,1.0,0.7,1.0,1.0,40.0,-705.6609079696703,163.67635912572442,1195.8564344681429,3598.0153624475847,8.0
310,310.0,1.0,1.0,1.0,1.0,1.0,2.0,1.0,1.0,1.0,0.7,1.0,0.9,60.0,608.8531216066294,190.19516550018875,1260.9035144681432,1516.5636235701313,2.0
311,311.0,1.0,1.0,1.0,1.0,1.0,1.0,0.0,1.0,1.0,0.8,0.8,1.0,30.0,-931.8853594745053,56.00568523776178,925.372092224728,1348.0659560482732,8.0
312,312.0,1.0,1.0,1.0,1.0,1.0,2.0,0.0,1.0,1.0,1.0,0.8,0.9,60.0,357.8887045484461,190.19516550018875,1018.9184922247282,3194.7843448399126,6.0
313,313.0,1.0,1.0,1.0,1.0,1.0,1.0,0.0,1.0,1.0,0.7,0.9,0.9,60.0,59.16017363961024,190.19516550018875,889.961603752819,4873.005066109692,10.0
314,314.0,1.0,1.0,1.0,1.0,1.0,1.0,0.0,1.0,1.0,0.9,1.0,0.9,50.0,-229.48445795696037,190.19516550018875,1081.17411528091,4033.8947054748023,8.0
315,315.0,1.0,1.0,1.0,1.0,1.0,2.0,0.0,1.0,1.0,0.9,0.8,0.9,40.0,-552.1993671398778,165.6091073884545,949.1310522247281,3584.8945020839064,8.0
316,316.0,1.0,1.0,1.0,1.0,2.0,2.0,0.0,1.0,1.0,1.0,0.8,1.0,30.0,-324.0540682051798,190.19516550018875,1018.9184922247282,2430.9465689756044,4.0
317,317.0,1.0,1.0,1.0,1.0,1.0,3.0,0.0,1.0,1.0,0.9,1.0,1.0,60.0,750.4459091453526,190.19516550018875,945.76011528091,1591.8362083407142,2.0
318,318.0,1.0,1.0,1.0,1.0,2.0,2.0,1.0,1.0,1.0,1.0,0.8,1.0,60.0,596.1047604610163,190.19516550018875,1315.7875475745145,2430.9465689756044,4.0
319,319.0,1.0,1.0,1.0,1.0,2.0,2.0,0.0,1.0,1.0,0.8,1.0,1.0,30.0,-504.27351606626684,190.19516550018875,959.6046352809101,3270.0569296104945,6.0
320,320.0,1.0,1.0,1.0,1.0,2.0,2.0,0.0,1.0,1.0,0.9,0.7,0.9,50.0,-83.72444321646705,190.19516550018875,909.000540696637,4873.005066109692,10.0
321,321.0,1.0,1.0,1.0,1.0,2.0,3.0,0.0,1.0,1.0,0.8,0.9,1.0,40.0,-454.7376042425835,165.6091073884545,845.1346037528192,4403.291064456688,10.0
322,322.0,1.0,1.0,1.0,1.0,1.0,3.0,0.0,1.0,1.0,0.7,1.0,1.0,50.0,-86.3344716522496,190.19516550018875,824.77011528091,4109.167290245384,8.0
323,323.0,1.0,1.0,1.0,1.0,2.0,2.0,1.0,1.0,1.0,1.0,0.8,0.9,50.0,255.9657895741956,190.19516550018875,1315.7875475745145,2355.6739842050215,4.0
324,324.0,1.0,1.0,1.0,1.0,2.0,1.0,0.0,1.0,1.0,0.9,1.0,0.9,40.0,-181.16779646262796,190.19516550018875,1081.17411528091,3194.7843448399126,6.0
325,325.0,1.0,1.0,1.0,1.0,2.0,2.0,0.0,1.0,1.0,0.8,0.9,1.0,30.0,-921.8571679713614,56.00568523776178,919.474123752819,1633.0198419145595,10.0
326,326.0,1.0,1.0,1.0,1.0,1.0,3.0,0.0,1.0,1.0,0.7,1.0,0.9,60.0,834.8208145382401,190.19516550018875,824.77011528091,1516.5636235701313,2.0
327,327.0,1.0,1.0,1.0,1.0,1.0,2.0,0.0,1.0,1.0,1.0,0.9,1.0,50.0,-418.04880817483576,190.19516550018875,1059.049003752819,4948.277650880274,10.0
328,328.0,1.0,1.0,1.0,1.0,2.0,2.0,1.0,1.0,1.0,0.8,1.0,1.0,40.0,-120.69365819710275,190.19516550018875,1330.6909544681432,2430.9465689756044,4.0
329,329.0,1.0,1.0,1.0,1.0,2.0,2.0,1.0,1.0,1.0,0.7,1.0,1.0,60.0,79.1586893655128,190.19516550018875,1260.9035144681432,4948.277650880274,10.0
330,330.0,1.0,1.0,1.0,1.0,2.0,1.0,0.0,1.0,1.0,0.7,0.9,1.0,30.0,-67.16636384192161,190.19516550018875,889.961603752819,1591.8362083407142,2.0
331,331.0,1.0,1.0,1.0,1.0,1.0,2.0,0.0,1.0,1.0,0.7,0.9,0.9,50.0,98.87026578870655,190.19516550018875,849.6866837528191,3194.7843448399126,6.0
332,332.0,1.0,1.0,1.0,1.0,2.0,2.0,0.0,1.0,1.0,1.0,0.9,1.0,40.0,-366.86298425865016,190.19516550018875,1059.049003752819,4109.167290245384,8.0
333,333.0,1.0,1.0,1.0,1.0,1.0,1.0,1.0,1.0,1.0,1.0,0.7,0.9,30.0,-984.2604010261197,107.69898720997243,1296.0840041277004,1825.2887505526176,6.0
334,334.0,1.0,1.0,1.0,1.0,1.0,1.0,1.0,1.0,1.0,0.8,0.8,0.9,40.0,-952.989231558204,118.92485339664279,1222.2411475745146,3078.515181419632,10.0
335,335.0,1.0,1.0,1.0,1.0,2.0,3.0,1.0,1.0,1.0,0.7,1.0,1.0,30.0,-626.0210753972324,190.19516550018875,1195.8564344681429,3270.0569296104945,6.0
336,336.0,1.0,1.0,1.0,1.0,1.0,1.0,0.0,1.0,1.0,0.9,0.8,0.9,50.0,-176.80378596612576,190.19516550018875,1000.9130922247281,4033.8947054748023,8.0
337,337.0,1.0,1.0,1.0,1.0,1.0,1.0,0.0,1.0,1.0,0.9,0.7,0.9,40.0,-801.7210049210781,118.92485339664279,960.7825806966371,3078.515181419632,10.0
338,338.0,1.0,1.0,1.0,1.0,1.0,3.0,1.0,1.0,1.0,0.7,1.0,1.0,50.0,-84.80500151673311,190.19516550018875,1195.8564344681429,3270.0569296104945,6.0
339,339.0,1.0,1.0,1.0,1.0,1.0,1.0,1.0,1.0,1.0,1.0,0.9,0.9,50.0,139.2796085071576,190.19516550018875,1450.5622910213292,1516.5636235701313,2.0
340,340.0,1.0,1.0,1.0,1.0,1.0,1.0,1.0,1.0,1.0,0.7,0.7,0.9,30.0,-579.0308889443828,190.19516550018875,1069.4610041277003,2355.6739842050215,4.0
341,341.0,1.0,1.0,1.0,1.0,1.0,3.0,1.0,1.0,1.0,1.0,0.9,1.0,30.0,-1148.6085072470548,56.00568523776178,1300.102291021329,1348.0659560482732,8.0
342,342.0,1.0,1.0,1.0,1.0,1.0,3.0,1.0,1.0,1.0,0.7,0.9,1.0,30.0,-385.33719697767026,190.19516550018875,1118.617291021329,1591.8362083407142,2.0
343,343.0,1.0,1.0,1.0,1.0,1.0,3.0,1.0,1.0,1.0,1.0,0.9,1.0,40.0,-774.8969466054577,163.67635912572442,1300.102291021329,3598.0153624475847,8.0
344,344.0,1.0,1.0,1.0,1.0,2.0,3.0,1.0,1.0,1.0,0.7,0.8,0.9,60.0,409.8601891425767,190.19516550018875,1041.3781475745143,4033.8947054748023,8.0
345,345.0,1.0,1.0,1.0,1.0,2.0,1.0,1.0,1.0,1.0,0.8,1.0,1.0,50.0,21.678350954646696,190.19516550018875,1376.7194344681432,3270.0569296104945,6.0
346,346.0,1.0,1.0,1.0,1.0,2.0,2.0,0.0,1.0,1.0,0.8,1.0,1.0,40.0,-121.36831847535777,190.19516550018875,959.6046352809101,3270.0569296104945,6.0
347,347.0,1.0,1.0,1.0,1.0,1.0,1.0,1.0,1.0,1.0,0.8,0.8,0.9,40.0,-81.52472041118163,190.19516550018875,1222.2411475745146,1516.5636235701313,2.0
348,348.0,1.0,1.0,1.0,1.0,2.0,3.0,0.0,1.0,1.0,0.9,0.9,0.9,50.0,-82.37247545125022,190.19516550018875,905.6296037528191,4873.005066109692,10.0
349,349.0,1.0,1.0,1.0,1.0,1.0,3.0,1.0,1.0,1.0,0.9,0.8,1.0,30.0,-903.9568879118415,77.4285831092128,1162.3681475745145,1391.9958575317455,6.0
350,350.0,1.0,1.0,1.0,1.0,1.0,2.0,1.0,1.0,1.0,0.8,0.7,1.0,60.0,322.4972386006179,190.19516550018875,1098.9735241277006,3270.0569296104945,6.0
351,351.0,1.0,1.0,1.0,1.0,1.0,2.0,0.0,1.0,1.0,0.7,1.0,1.0,50.0,58.12852960117941,190.19516550018875,889.81719528091,3270.0569296104945,6.0
352,352.0,1.0,1.0,1.0,1.0,1.0,1.0,1.0,1.0,1.0,0.8,0.8,0.9,30.0,-438.6503295765743,190.19516550018875,1222.2411475745146,1516.5636235701313,2.0
353,353.0,1.0,1.0,1.0,1.0,2.0,2.0,0.0,1.0,1.0,0.7,0.7,0.9,50.0,734.6751330868797,190.19516550018875,769.425660696637,1516.5636235701313,2.0
354,354.0,1.0,1.0,1.0,1.0,2.0,3.0,0.0,1.0,1.0,0.7,0.9,1.0,30.0,-827.6620629425197,56.00568523776178,784.6396037528191,1633.0198419145595,10.0
355,355.0,1.0,1.0,1.0,1.0,2.0,2.0,1.0,1.0,1.0,1.0,0.8,0.9,50.0,-112.2052852175938,190.19516550018875,1315.7875475745145,4033.8947054748023,8.0
356,356.0,1.0,1.0,1.0,1.0,2.0,2.0,1.0,1.0,1.0,0.9,1.0,0.9,60.0,196.6951825335679,190.19516550018875,1400.478394468143,4033.8947054748023,8.0
357,357.0,1.0,1.0,1.0,1.0,2.0,2.0,1.0,1.0,1.0,0.8,1.0,1.0,30.0,-720.2161804260742,190.19516550018875,1330.6909544681432,3270.0569296104945,6.0
358,358.0,1.0,1.0,1.0,1.0,1.0,2.0,1.0,1.0,1.0,0.9,0.8,1.0,30.0,-964.7678433234813,77.4285831092128,1246.0001075745145,1391.9958575317455,6.0
359,359.0,1.0,1.0,1.0,1.0,1.0,1.0,1.0,1.0,1.0,1.0,0.7,1.0,30.0,-1305.0963494785592,56.00568523776178,1296.0840041277004,1633.0198419145595,10.0
360,360.0,1.0,1.0,1.0,1.0,2.0,3.0,0.0,1.0,1.0,1.0,0.9,1.0,30.0,-104.54352135830926,190.19516550018875,966.124603752819,1591.8362083407142,2.0
361,361.0,1.0,1.0,1.0,1.0,1.0,2.0,1.0,1.0,1.0,0.7,0.9,1.0,50.0,-463.025722783112,190.19516550018875,1183.664371021329,4948.277650880274,10.0
362,362.0,1.0,1.0,1.0,1.0,1.0,3.0,1.0,1.0,1.0,1.0,1.0,0.9,30.0,-1189.4701319931987,56.00568523776178,1377.341434468143,1327.2409147899605,8.0
363,363.0,1.0,1.0,1.0,1.0,2.0,1.0,1.0,1.0,1.0,0.7,0.9,0.9,50.0,308.3645554692816,190.19516550018875,1223.939291021329,2355.6739842050215,4.0
364,364.0,1.0,1.0,1.0,1.0,1.0,3.0,1.0,1.0,1.0,0.8,0.7,0.9,40.0,40.33994143778802,190.19516550018875,1024.6340041277006,1516.5636235701313,2.0
365,365.0,1.0,1.0,1.0,1.0,2.0,1.0,1.0,1.0,1.0,1.0,0.8,1.0,30.0,-1200.6209461060043,56.00568523776178,1373.3231475745145,1633.0198419145595,10.0
366,366.0,1.0,1.0,1.0,1.0,2.0,1.0,0.0,1.0,1.0,0.7,0.7,0.9,60.0,881.1064489854795,190.19516550018875,809.700580696637,2355.6739842050215,4.0
367,367.0,1.0,1.0,1.0,1.0,2.0,2.0,1.0,1.0,1.0,0.9,0.9,1.0,60.0,774.6956036817186,190.19516550018875,1323.239251021329,1591.8362083407142,2.0
368,368.0,1.0,1.0,1.0,1.0,2.0,3.0,1.0,1.0,1.0,0.8,0.7,0.9,50.0,247.47407932933152,190.19516550018875,1024.6340041277006,3194.7843448399126,6.0
369,369.0,1.0,1.0,1.0,1.0,1.0,3.0,0.0,1.0,1.0,0.8,0.7,0.9,60.0,144.37348260384107,190.19516550018875,764.8735806966372,4873.005066109692,10.0
370,370.0,1.0,1.0,1.0,1.0,2.0,1.0,1.0,1.0,1.0,0.7,0.8,1.0,60.0,142.7789782738516,190.19516550018875,1146.7001475745144,4948.277650880274,10.0
371,371.0,1.0,1.0,1.0,1.0,1.0,1.0,0.0,1.0,1.0,0.7,1.0,1.0,50.0,-154.36142166717872,190.19516550018875,930.09211528091,4109.167290245384,8.0
372,372.0,1.0,1.0,1.0,1.0,2.0,2.0,0.0,1.0,1.0,0.9,0.8,0.9,30.0,-471.3679448652379,190.19516550018875,949.1310522247281,3194.7843448399126,6.0
373,373.0,1.0,1.0,1.0,1.0,2.0,1.0,0.0,1.0,1.0,0.7,1.0,1.0,50.0,615.9307710654106,190.19516550018875,930.09211528091,1591.8362083407142,2.0
374,374.0,1.0,1.0,1.0,1.0,2.0,3.0,1.0,1.0,1.0,0.8,1.0,0.9,50.0,478.7247158426681,190.19516550018875,1256.3514344681432,1516.5636235701313,2.0
375,375.0,1.0,1.0,1.0,1.0,1.0,1.0,1.0,1.0,1.0,1.0,0.9,0.9,30.0,-1086.6338583988504,107.69898720997243,1450.5622910213292,1825.2887505526176,6.0
376,376.0,1.0,1.0,1.0,1.0,2.0,2.0,0.0,1.0,1.0,0.8,0.9,1.0,50.0,-109.92334201191437,190.19516550018875,919.474123752819,4948.277650880274,10.0
377,377.0,1.0,1.0,1.0,1.0,1.0,1.0,0.0,1.0,1.0,0.8,0.9,1.0,50.0,13.75730279231724,190.19516550018875,965.502603752819,3270.0569296104945,6.0
378,378.0,1.0,1.0,1.0,1.0,1.0,1.0,1.0,1.0,1.0,0.9,1.0,0.9,50.0,-415.4031308722271,190.19516550018875,1452.260434468143,4033.8947054748023,8.0
379,379.0,1.0,1.0,1.0,1.0,2.0,2.0,0.0,1.0,1.0,0.7,0.7,1.0,40.0,365.7607021632804,190.19516550018875,769.425660696637,1591.8362083407142,2.0
380,380.0,1.0,1.0,1.0,1.0,2.0,3.0,1.0,1.0,1.0,1.0,0.9,0.9,50.0,88.1566763179828,190.19516550018875,1300.102291021329,3194.7843448399126,6.0
381,381.0,1.0,1.0,1.0,1.0,2.0,1.0,0.0,1.0,1.0,0.8,0.7,1.0,40.0,112.80432285969468,190.19516550018875,885.2415806966371,2430.9465689756044,4.0
382,382.0,1.0,1.0,1.0,1.0,1.0,1.0,0.0,1.0,1.0,0.7,0.9,1.0,30.0,-507.67429035778,190.19516550018875,889.961603752819,2430.9465689756044,4.0
383,383.0,1.0,1.0,1.0,1.0,1.0,2.0,1.0,1.0,1.0,0.7,0.8,0.9,40.0,-11.040665867243055,190.19516550018875,1106.4252275745146,1516.5636235701313,2.0
384,384.0,1.0,1.0,1.0,1.0,2.0,1.0,1.0,1.0,1.0,1.0,1.0,0.9,50.0,-53.21216591930191,190.19516550018875,1527.801434468143,3194.7843448399126,6.0
385,385.0,1.0,1.0,1.0,1.0,1.0,2.0,1.0,1.0,1.0,0.8,0.9,1.0,30.0,-719.6556806877386,190.19516550018875,1253.4518110213291,2430.9465689756044,4.0
386,386.0,1.0,1.0,1.0,1.0,1.0,1.0,0.0,1.0,1.0,1.0,0.9,1.0,50.0,-262.8909436672854,190.19516550018875,1116.584603752819,4109.167290245384,8.0
387,387.0,1.0,1.0,1.0,1.0,2.0,3.0,0.0,1.0,1.0,1.0,0.9,0.9,60.0,973.627654856079,190.19516550018875,966.124603752819,1516.5636235701313,2.0
388,388.0,1.0,1.0,1.0,1.0,1.0,2.0,0.0,1.0,1.0,0.7,0.8,1.0,50.0,476.52242601720775,190.19516550018875,809.556172224728,1591.8362083407142,2.0
389,389.0,1.0,1.0,1.0,1.0,1.0,3.0,1.0,1.0,1.0,1.0,0.8,1.0,60.0,71.44053740274167,190.19516550018875,1222.8631475745144,4109.167290245384,8.0
390,390.0,1.0,1.0,1.0,1.0,1.0,2.0,1.0,1.0,1.0,1.0,0.9,1.0,30.0,-1062.8522672740798,77.4285831092128,1393.0266910213288,1391.9958575317455,6.0
391,391.0,1.0,1.0,1.0,1.0,2.0,2.0,1.0,1.0,1.0,0.8,0.9,0.9,40.0,-247.13179449668522,190.19516550018875,1253.4518110213291,3194.7843448399126,6.0
392,392.0,1.0,1.0,1.0,1.0,1.0,2.0,1.0,1.0,1.0,0.8,0.9,1.0,60.0,-137.2497750342067,190.19516550018875,1253.4518110213291,4948.277650880274,10.0
393,393.0,1.0,1.0,1.0,1.0,2.0,1.0,1.0,1.0,1.0,0.7,1.0,0.9,40.0,-695.9423688024716,190.19516550018875,1301.178434468143,4873.005066109692,10.0
394,394.0,1.0,1.0,1.0,1.0,1.0,3.0,0.0,1.0,1.0,0.9,0.9,0.9,50.0,70.60115430613614,190.19516550018875,905.6296037528191,3194.7843448399126,6.0
395,395.0,1.0,1.0,1.0,1.0,1.0,1.0,0.0,1.0,1.0,0.8,1.0,1.0,60.0,343.478073398648,190.19516550018875,1005.6331152809101,3270.0569296104945,6.0
396,396.0,1.0,1.0,1.0,1.0,1.0,2.0,1.0,1.0,1.0,1.0,0.7,0.9,50.0,265.3559975614764,190.19516550018875,1238.5484041277002,1516.5636235701313,2.0
397,397.0,1.0,1.0,1.0,1.0,1.0,3.0,1.0,1.0,1.0,0.9,0.7,0.9,60.0,165.6906356875356,190.19516550018875,1085.1290041277005,4033.8947054748023,8.0
398,398.0,1.0,1.0,1.0,1.0,1.0,1.0,0.0,1.0,1.0,0.9,1.0,1.0,60.0,298.84297465640174,190.19516550018875,1081.17411528091,3270.0569296104945,6.0
399,399.0,1.0,1.0,1.0,1.0,2.0,3.0,1.0,1.0,1.0,0.9,0.7,1.0,60.0,185.13040155486712,190.19516550018875,1085.1290041277005,4948.277650880274,10.0
