,ID,VPN,I_SENSI_CAPEX_FACIL ,I_SENSI_CAPEX_PERFO,Unc_MultPreciobaseValorGas,E_Brent,Unc_MultCAPEXPerfo_palagua,D_CANT_TALADROS_INFILL,D_CANT_TALADROS_WF,D_TIPO_COMPLET_INFILL_WF,D_TIPO_COMPLET_V,D_DLLO_INFILL_B_123,D_DLLO_INFILL_B_456,D_DLLO_INFILL_B_7,D_DLLO_INFILL_B_CAIPAL,D_DLLO_INFILL_B_89,D_DLLO_PILOTO,D_CAPEX_FACILIDADES,VOL_TEC_TOTAL_OIL,VOL_TEC_INCREMENTAL,VOL_TEC_TOTAL_GAS,VOL_TEC_TOTAL_WATER,D_DLLO_IAV_456,D_DLLO_IAV_7,D_DLLO_IAV_123,D_DLLO_WF_CAIPAL,D_DLLO_WF_456,D_DLLO_WF_7,D_DLLO_WF_123,D_DLLO_WF_89,EFI_55,Lif_Cost_55,Dev_Cost_55,Vol_tol_le_55,Total_capex,Total_opex,flat
0,0,-46372.1897,0.7,1.0,1,40,1.0,2,1,0,0,1,1,1,0,1,1,0,49.39215707759308,30.95086687704211,29.429145437475,796.9681930126068,0.0,0.0,0.0,0.0,1.0,1.0,0.0,0.0,0.0,10.407,15.1083,28795.288953278137,468.5479428499,1065.9457422,4
1,1,-46333.7221,0.8,0.7,1,40,0.9,2,1,0,0,1,1,1,0,1,1,0,51.596671169902194,31.82101938104839,30.526782715793935,795.4757310706357,0.0,0.0,0.0,0.0,1.0,1.0,0.0,0.0,0.0,9.5335,14.6761,31584.590538944773,499.9152292161,901.9558208,4
2,2,-98123.1785,0.7,0.7,1,60,0.9,2,1,0,0,1,1,1,0,1,1,0,55.670007845227346,37.90527518540649,27.909112503523236,849.0542470872599,1.0,0.0,0.0,0.0,1.0,1.0,0.0,0.0,0.0,17.0435,23.856,39734.145798275815,1002.2846483124,1169.3682236,6
3,3,-22982.4817,0.7,1.0,1,60,0.9,2,1,0,0,1,1,1,0,1,1,0,75.93897233350509,54.069955244681374,32.616895146889604,867.1996768396032,0.0,1.0,1.0,0.0,1.0,1.0,0.0,0.0,0.16144227636593336,12.522,21.3641,55384.93428159265,1240.0490763997,1254.4171466,6
4,4,-403762.3974,1.0,0.8,1,30,1.0,2,1,0,0,1,1,1,0,1,1,0,83.86854478920239,64.82156575791916,32.904948734119984,926.4798112561367,1.0,1.0,1.0,0.0,1.0,0.0,1.0,0.0,0.0,10.1029,23.4278,50826.74872946338,1243.4618095823,1711.7597502,8
5,5,63794.5701,0.9,0.7,1,60,1.0,2,1,0,0,1,1,1,0,1,1,0,104.20517057084885,84.58306749923089,37.92543506457653,1073.1448947511244,1.0,1.0,1.0,0.0,1.0,1.0,1.0,0.0,0.310914948310258,12.0399,18.4063,87388.09023352645,1679.2750419424,1598.1782052,6
6,6,-377128.4439,0.9,1.0,1,30,0.9,2,1,0,0,1,1,1,0,1,1,0,85.55663446453143,65.33044323469952,33.794008734852206,925.0355302738958,1.0,1.0,1.0,0.0,1.0,0.0,1.0,0.0,0.0,9.085,22.7035,52576.009680893636,1246.4147872962,1520.9073231,8
7,7,-68089.8575,0.7,0.8,1,30,0.9,2,1,0,0,1,1,1,0,1,1,0,45.11881671468157,21.54394558348886,24.804005689802207,584.7876067224606,0.0,0.0,0.0,0.0,0.0,1.0,0.0,0.0,0.0,6.345,15.9917,18580.764724262193,320.2222127934,894.956636,10
8,8,-19741.8948,0.9,0.8,1,50,0.9,2,1,0,0,1,1,1,0,1,1,0,83.48236013827953,62.91984615445222,35.516466419357876,905.038843148444,1.0,0.0,1.0,0.0,1.0,0.0,1.0,0.0,0.1595295372308914,10.8288,17.0447,62541.93341801533,1118.5143276911,1295.0468473,6
9,9,-225038.0923,0.7,0.9,1,40,1.0,2,1,0,0,1,1,1,0,1,1,0,79.92968794001115,59.58653687480708,30.44697614756474,752.5614990626275,1.0,1.0,1.0,0.0,1.0,0.0,0.0,0.0,0.0,10.5381,21.2629,56375.65787183132,1246.6437723143,1455.8784198,4
10,10,-101721.0564,1.0,0.9,1,40,0.9,2,1,0,0,1,1,1,0,1,1,0,55.19437303657824,35.987490711436536,32.67425444447439,967.4441892409773,0.0,0.0,0.0,0.0,1.0,1.0,1.0,0.0,0.0,9.9381,16.7849,35030.84301060885,633.3946776692,954.2066412,6
11,11,-80192.8586,0.8,0.7,1,40,0.9,2,1,0,0,1,1,1,0,1,1,0,53.51509126428729,36.21311737404403,32.06312889573371,971.3094973470327,0.0,0.0,0.0,0.0,1.0,1.0,1.0,0.0,0.0,9.9927,15.7719,34971.42012836135,594.0291259565,946.0934829,2
12,12,-503554.4389,0.7,1.0,1,30,1.0,2,1,0,0,1,1,1,0,1,1,0,83.60738620930509,64.04487457083516,31.917652682557037,860.8341465380556,1.0,1.0,1.0,0.0,0.0,1.0,1.0,0.0,0.0,9.9925,26.5199,54312.39778871603,1500.1356135879,1595.5236205,6
13,13,-115379.8928,0.9,0.8,1,30,1.0,2,1,0,0,1,1,1,0,1,1,0,51.86862954501055,31.077649480518957,30.533076606138934,794.8948514545424,0.0,0.0,0.0,0.0,1.0,1.0,0.0,0.0,0.0,9.2472,14.722,28648.91001701317,453.9345302728,1064.84835,4
14,14,-184290.4304,0.8,0.8,1,40,0.9,2,1,0,0,1,1,1,0,1,1,0,58.02456868597649,39.834022446171986,27.11111424489662,804.2014578076817,0.0,1.0,0.0,0.0,0.0,1.0,1.0,0.0,0.0,8.8502,24.398,34438.886998312046,884.0453206176,1111.0680008,6
15,15,-15709.8923,0.7,0.9,1,40,0.9,2,1,0,0,1,1,1,0,1,1,0,38.31054745240026,19.590022844586194,21.44878023329876,524.5955886452941,0.0,0.0,0.0,0.0,0.0,1.0,0.0,0.0,0.039853465547172326,6.2649,17.8219,16147.060991101187,310.7053857718,906.872443,10
16,16,-15469.6435,1.0,1.0,1,50,1.0,2,1,0,0,1,1,1,0,1,1,0,78.43574909578861,56.38050535278809,34.19174582128213,983.7537188940571,0.0,1.0,1.0,0.0,1.0,1.0,0.0,0.0,0.16171102231756068,10.3372,17.1382,56846.22850296325,1023.3872953042,1293.3670973,2
17,17,-462031.6828,0.9,0.9,1,30,0.9,2,1,0,0,1,1,1,0,1,1,0,75.39649765943747,57.72462368765686,27.19038951849461,690.4604130156615,1.0,1.0,1.0,0.0,0.0,1.0,0.0,0.0,0.0,10.2276,28.1804,46389.36388250195,1359.4383507465,1529.3103233,8
18,18,-148726.9185,0.8,0.9,1,30,0.9,2,1,0,0,1,1,1,0,1,1,0,52.07369182645793,31.807531977938066,30.69918333392663,822.7118016191182,0.0,0.0,0.0,0.0,1.0,0.0,1.0,0.0,0.0,7.6614,17.8616,28205.27254968966,541.5408173101,929.9218113,10
19,19,-439469.4781,1.0,0.9,1,30,1.0,2,1,0,0,1,1,1,0,1,1,0,72.29127410880176,54.43217558726582,25.22379489434613,624.9805866783482,1.0,1.0,1.0,0.0,0.0,1.0,0.0,0.0,0.0,10.1203,24.3253,53526.816104831494,1350.919963058,1320.9542171,2
20,20,-21007.257,1.0,0.8,1,50,0.9,2,1,0,0,1,1,1,0,1,1,0,52.27448838881081,34.67516683402667,31.020712113674712,971.1079187411844,0.0,0.0,0.0,0.0,1.0,1.0,1.0,0.0,0.14278831673010844,13.5506,14.7579,37060.379431622045,587.9307294215,967.5472881,10
21,21,-178656.3924,0.7,0.7,1,30,1.0,2,1,0,0,1,1,1,0,1,1,0,48.43548724800434,30.854499661667106,28.65282053854977,771.0187247891047,0.0,0.0,0.0,0.0,1.0,1.0,1.0,0.0,0.0,10.3026,18.8123,25803.599346364193,519.89211451,1099.1766155,8
22,22,73168.1512,0.8,1.0,1,60,1.0,2,1,0,0,1,1,1,0,1,1,0,78.38378673116176,57.79434371876921,35.27315808908056,1037.000088592986,1.0,1.0,0.0,0.0,1.0,1.0,1.0,0.0,0.3820340090383688,12.5411,16.8712,60542.23194718527,1078.3835616857,1318.8160564,2
23,23,-78991.3838,0.8,1.0,1,50,0.9,2,1,0,0,1,1,1,0,1,1,0,82.68766197516098,62.9094097354665,31.473933058509072,734.0977919721876,1.0,1.0,1.0,0.0,0.0,1.0,1.0,0.0,0.036109506986632844,10.7578,19.7709,62978.53465865229,1296.3636541924,1281.6343336,4
24,24,-33108.2399,0.9,1.0,1,50,0.9,2,1,0,0,1,1,1,0,1,1,0,70.64242156855393,54.102315540523215,27.11392905026727,704.277658098981,1.0,0.0,1.0,0.0,0.0,0.0,1.0,0.0,0.1060912235388387,12.5698,18.7818,50501.45603536993,987.7689272383,1414.5450075,8
25,25,37304.1286,0.7,1.0,1,50,1.0,2,1,0,0,1,1,1,0,1,1,0,50.24649049737384,28.64482527205342,28.265492800515798,758.7619218731832,0.0,0.0,0.0,0.0,0.0,1.0,1.0,0.0,0.3736743826266118,10.3786,14.6574,27273.257403300064,430.2423870517,1063.8361424,4
26,26,-264619.9177,0.8,0.8,1,50,0.9,2,1,0,0,1,1,1,0,1,1,0,70.7231165605481,55.69051149178078,34.13867890665764,1217.9671379796134,1.0,0.0,1.0,0.0,1.0,1.0,1.0,0.0,0.0,14.361,25.8983,54790.177461333034,1503.5001817139,1367.871757,6
27,27,-116738.5257,0.8,0.9,1,30,1.0,2,1,0,0,1,1,1,0,1,1,0,57.82165656199695,33.3255599343342,33.614195846467425,818.9271799483809,0.0,0.0,0.0,0.0,1.0,0.0,1.0,0.0,0.0,8.7866,14.3931,31545.818081001766,488.9695767838,1082.4840637,8
28,28,49199.0518,1.0,0.7,1,50,0.9,2,1,0,0,1,1,1,0,1,1,0,42.10230308978966,22.325155915096257,23.949573392650528,521.0008737344402,0.0,0.0,0.0,0.0,0.0,1.0,0.0,0.0,0.46710452133508285,7.3339,15.2609,19932.742344927905,328.8494942091,871.5201066,8
29,29,-185278.3836,1.0,0.8,1,40,1.0,2,1,0,0,1,1,1,0,1,1,0,80.43943558248921,60.83717306490992,31.035703207081184,752.453317110495,1.0,1.0,1.0,0.0,1.0,0.0,0.0,0.0,0.0,11.0528,19.7208,55303.89434912164,1136.1218044359,1568.511907,6
30,30,10168.897,0.9,0.9,1,60,0.9,2,1,0,0,1,1,1,0,1,1,0,68.38123651869006,49.67380059029362,31.1861003312925,970.8463916996645,0.0,0.0,1.0,0.0,1.0,1.0,0.0,0.0,0.23532392039380262,12.1711,20.0179,51507.511225590475,1084.5929104568,1126.1047639,4
31,31,-16832.8178,0.8,1.0,1,50,0.9,2,1,0,0,1,1,1,0,1,1,0,64.16486730551584,42.70535918712429,25.676399764560816,589.904418789381,1.0,1.0,0.0,0.0,0.0,1.0,0.0,0.0,0.12900775800602168,9.5021,19.7163,40205.35392930015,827.2274861869,1137.3009661,4
32,32,36369.6093,0.7,1.0,1,50,0.9,2,1,0,0,1,1,1,0,1,1,0,42.58114272336472,23.04823208084751,23.750824342973182,617.9105178239777,0.0,0.0,0.0,0.0,0.0,0.0,1.0,0.0,0.37925380238730316,6.8814,17.1597,19582.409040827577,361.9275972922,908.5369935,10
33,33,-74179.8136,0.7,0.9,1,40,1.0,2,1,0,0,1,1,1,0,1,1,0,52.82744805833005,31.82481813497202,30.972298800272718,823.9410576107471,0.0,0.0,0.0,0.0,1.0,0.0,1.0,0.0,0.0,9.3767,17.6917,28764.962653760973,548.1189078931,1095.0347601,10
34,34,-60488.4116,0.7,0.8,1,40,0.9,2,1,0,0,1,1,1,0,1,1,0,56.900354550917214,38.270682224382455,34.016051251409,968.0951874981777,0.0,0.0,0.0,0.0,1.0,1.0,1.0,0.0,0.0,9.5606,14.6146,37585.087990120584,592.7063919915,952.857095,6
35,35,74657.2978,1.0,1.0,1,60,1.0,2,1,0,0,1,1,1,0,1,1,0,58.75442764895894,39.06069217076324,34.8973634805392,1130.691056637437,0.0,0.0,0.0,0.0,1.0,1.0,1.0,0.0,0.4686400106070593,12.1985,15.6179,39489.812967830076,666.8363270774,1140.1443577,4
36,36,-223496.8013,1.0,1.0,1,40,0.9,2,1,0,0,1,1,1,0,1,1,0,97.04250932451589,79.28323789735002,34.06743698603103,901.4679053844125,1.0,1.0,1.0,0.0,1.0,1.0,0.0,0.0,0.0,8.4433,20.0346,74158.46010215,1542.18255096,1393.325492,6
37,37,87295.0604,1.0,0.8,1,60,1.0,2,1,0,0,1,1,1,0,1,1,0,68.55215696389624,48.71227945827468,29.80591730700065,718.2873950594884,1.0,1.0,0.0,0.0,1.0,0.0,0.0,0.0,0.42936374968097996,12.0215,18.191,46407.054095092826,884.3370122852,1393.0812246,6
38,38,-394276.891,1.0,0.9,1,30,0.9,2,1,0,0,1,1,1,0,1,1,0,70.44756573287238,51.68108029320643,30.848284905651287,866.0930465941221,1.0,1.0,0.0,0.0,1.0,1.0,0.0,0.0,0.0,8.3707,24.8324,45664.896321033055,1188.9521990196,1173.0349203,4
39,39,-105293.8134,0.7,1.0,1,40,0.9,2,1,0,0,1,1,1,0,1,1,0,55.66343964232773,37.72213679196449,33.1766764042154,1134.9656473091882,0.0,0.0,0.0,0.0,1.0,1.0,1.0,0.0,0.0,9.8693,17.0893,36218.92820774601,668.1431009145,979.4883425,6
40,40,-139910.1322,0.8,0.7,1,40,0.9,2,1,0,0,1,1,1,0,1,1,0,69.62734952538187,48.748329957553054,32.222736975744795,954.5840705513816,0.0,1.0,0.0,0.0,1.0,1.0,0.0,0.0,0.0,7.985,19.6333,45105.0671441165,932.9135174099,1095.8253137,6
41,41,-268506.2448,0.9,1.0,1,30,0.9,2,1,0,0,1,1,1,0,1,1,0,56.60069675778577,39.79677886110804,21.58236461025324,541.2201438990417,1.0,1.0,0.0,0.0,0.0,0.0,0.0,0.0,0.0,9.7191,23.4174,33687.32948957266,822.4490717885,1229.8648761,6
42,42,-493440.3753,0.9,0.8,1,40,0.9,2,1,0,0,1,1,1,0,1,1,0,73.83477653676992,56.42785505256839,33.9210434358328,1070.1263145270964,1.0,1.0,1.0,0.0,1.0,1.0,1.0,0.0,0.0,10.5964,37.4505,41654.40072367056,1644.4904873071,1669.0367998,10
43,43,101851.6614,0.9,0.9,1,60,0.9,2,1,0,0,1,1,1,0,1,1,0,44.883258546608346,25.67468357028428,26.527237380585582,651.5085612801277,0.0,0.0,0.0,0.0,1.0,0.0,0.0,0.0,0.7534323016433212,9.9594,14.151,25166.486782261298,384.5192382606,867.8557793,4
44,44,-274237.1669,0.7,0.7,1,40,0.9,2,1,0,0,1,1,1,0,1,1,0,72.2712867186599,55.05742775705738,31.257503013930965,871.1261247916467,0.0,1.0,1.0,0.0,1.0,1.0,0.0,0.0,0.0,10.1822,25.6552,46029.63009488253,1236.6762803411,1416.3505597,10
45,45,-398617.4884,0.8,0.7,1,30,1.0,2,1,0,0,1,1,1,0,1,1,0,71.22737048527797,52.05187721636619,33.86141070902843,1019.5475016965619,1.0,0.0,0.0,0.0,1.0,1.0,1.0,0.0,0.0,9.0066,24.8724,43807.23563188658,1151.6153370954,1346.9472842,6
46,46,-279723.6287,0.9,1.0,1,30,1.0,2,1,0,0,1,1,1,0,1,1,0,87.89340662603894,69.24914531252725,36.81067963824851,1040.1873327933563,1.0,1.0,0.0,0.0,1.0,1.0,1.0,0.0,0.0,8.518,17.4825,59595.301913047326,1095.2066629015,1539.6933419,10
47,47,-420004.4325,1.0,1.0,1,30,0.9,2,1,0,0,1,1,1,0,1,1,0,78.3879523418414,58.15574020313905,34.40429469786236,1023.5745787890011,0.0,1.0,1.0,0.0,1.0,0.0,1.0,0.0,0.0,7.4397,28.1192,44508.21763147246,1316.1974333414,1403.1182984,10
48,48,-248032.4285,0.7,1.0,1,40,1.0,2,1,0,0,1,1,1,0,1,1,0,71.85210852893722,49.22610239776371,29.053942978949046,686.5801959214864,0.0,1.0,1.0,0.0,0.0,0.0,1.0,0.0,0.0,10.761,26.1721,41124.06984092851,1125.5692619739,1591.2590727,10
49,49,-469805.5104,0.7,0.7,1,40,0.9,2,1,0,0,1,1,1,0,1,1,0,78.31028315924914,59.45498740683428,36.61073612680801,1230.2533631006013,1.0,1.0,1.0,0.0,1.0,1.0,1.0,0.0,0.0,10.3682,34.1894,46217.32649715888,1671.7442151256,1649.7637905,10
50,50,-132171.8329,0.9,0.9,1,30,1.0,2,1,0,0,1,1,1,0,1,1,0,47.40815743956469,27.601422978155284,27.146297595634255,632.8373999661918,0.0,0.0,0.0,0.0,0.0,1.0,1.0,0.0,0.0,9.3565,17.0034,25001.366618501204,456.843559888,1042.2647767,4
51,51,-492485.087,0.9,1.0,1,30,0.9,2,1,0,0,1,1,1,0,1,1,0,82.84721238962965,64.70332819577263,35.28429690059574,1053.6589999590494,1.0,0.0,1.0,0.0,1.0,1.0,1.0,0.0,0.0,8.7295,27.9573,50689.33411532485,1488.3357950047,1496.5136227,10
52,52,-91018.9439,0.8,0.7,1,60,0.9,2,1,0,0,1,1,1,0,1,1,0,65.19426468465187,43.83379644382928,29.819669834255812,812.9479466500244,1.0,0.0,1.0,0.0,1.0,0.0,0.0,0.0,0.0030609066973701837,13.1479,27.3569,43497.672696668786,1252.2187076056,1212.0317195,4
53,53,-425428.2815,0.8,1.0,1,30,1.0,2,1,0,0,1,1,1,0,1,1,0,87.64361747767884,68.87939404010045,36.32988003992508,1203.5935824546395,1.0,1.0,0.0,0.0,1.0,1.0,1.0,0.0,0.0,8.4371,22.3496,58352.35284098916,1370.4059559915,1563.4347774,10
54,54,-295758.2593,1.0,0.7,1,30,1.0,2,1,0,0,1,1,1,0,1,1,0,105.62836951046646,86.40248989981308,38.84688833400584,1237.5736380182666,1.0,1.0,1.0,0.0,1.0,1.0,1.0,0.0,0.0,7.5912,15.813,83237.82418690293,1374.4761384803,1431.6573567,2
55,55,5019.8622,0.9,0.8,1,50,0.9,2,1,0,0,1,1,1,0,1,1,0,51.820540681060756,32.143851960217674,30.673332318991697,823.3279347181249,0.0,0.0,0.0,0.0,1.0,0.0,1.0,0.0,0.224613253228758,10.3003,15.8487,31870.079609813456,544.1705095895,925.0352772,8
56,56,-148138.8223,1.0,0.7,1,40,1.0,2,1,0,0,1,1,1,0,1,1,0,70.28876060349288,50.30173513972971,32.107043093321934,881.4845074760624,0.0,0.0,1.0,0.0,1.0,0.0,1.0,0.0,0.0,10.1078,20.3126,42598.0161796616,909.9397795182,1455.3530903,10
57,57,50932.6818,0.7,0.9,1,50,0.9,2,1,0,0,1,1,1,0,1,1,0,54.338350284591534,35.379388331786274,22.248447342851144,486.71691676984426,0.0,1.0,0.0,0.0,0.0,0.0,0.0,0.0,0.36733603623876043,8.392,16.4342,34514.8487604778,592.34440742,998.0221542,4
58,58,77236.598,0.9,0.8,1,60,1.0,2,1,0,0,1,1,1,0,1,1,0,102.76563469685829,84.94709870609702,37.47226628109945,1073.2737064698622,1.0,1.0,1.0,0.0,1.0,1.0,1.0,0.0,0.3318572341693651,11.3335,18.2835,87851.45202775102,1677.4629054163,1503.6297416,4
59,59,-252095.8182,0.8,0.9,1,40,1.0,2,1,0,0,1,1,1,0,1,1,0,63.856744494522864,46.980278601245416,30.90557323978639,1025.8395950106883,0.0,1.0,1.0,0.0,1.0,0.0,1.0,0.0,0.0,10.9374,26.6854,37234.71589163189,1048.7367758028,1547.5068906,8
60,60,-62641.0494,0.9,0.7,1,40,0.9,2,1,0,0,1,1,1,0,1,1,0,55.581227259776185,37.297121789003896,28.484410112993693,895.6615605868361,0.0,0.0,0.0,0.0,0.0,1.0,1.0,0.0,0.0,8.1608,17.3943,33937.522481978915,626.7072437026,995.9410868,4
61,61,-153964.2793,0.8,1.0,1,60,1.0,2,1,0,0,1,1,1,0,1,1,0,64.25040115889423,42.16729376139784,26.41452985373022,685.0171195018493,1.0,1.0,1.0,0.0,0.0,1.0,0.0,0.0,0.0,12.7046,33.3878,38407.13003494589,1339.0436996335,1467.0467935,4
62,62,-399015.3824,0.8,0.7,1,30,1.0,2,1,0,0,1,1,1,0,1,1,0,75.1915355607221,59.39043441210926,34.283155074291415,1039.9800278465686,1.0,1.0,0.0,0.0,1.0,1.0,1.0,0.0,0.0,9.0679,24.9382,44539.99046984315,1172.4113773902,1570.0349745,10
63,63,-88087.6625,0.7,0.9,1,60,1.0,2,1,0,0,1,1,1,0,1,1,0,83.4317915609214,64.60396064350623,32.895416780171004,897.1833558865088,1.0,1.0,1.0,0.0,1.0,1.0,0.0,0.0,0.03414245411057757,14.3224,24.7389,58959.994152110085,1520.4127359597,1814.8708633,10
64,64,-153101.9455,0.7,1.0,1,40,0.9,2,1,0,0,1,1,1,0,1,1,0,62.60821620989761,43.17292639267262,26.643705498769783,674.2921819167427,0.0,0.0,1.0,0.0,0.0,0.0,1.0,0.0,0.0,8.3435,21.873,41727.409773460386,955.8434746194,1015.0415801,2
65,65,-362585.4914,0.9,0.7,1,40,1.0,2,1,0,0,1,1,1,0,1,1,0,78.04046472556462,59.607624128710896,28.63040834052675,735.9140396490969,1.0,1.0,1.0,0.0,0.0,1.0,1.0,0.0,0.0,12.0723,26.1649,54239.334242456986,1473.5652051534,1604.5810787,6
66,66,-352752.8096,0.9,1.0,1,40,0.9,2,1,0,0,1,1,1,0,1,1,0,68.83937643797255,50.207091133662345,34.46905055410951,1035.7340437393907,1.0,1.0,0.0,0.0,1.0,1.0,1.0,0.0,0.0,9.1008,30.3738,40952.729446938414,1319.6515248288,1268.3747126,6
67,67,18634.0722,0.7,0.7,1,60,0.9,2,1,0,0,1,1,1,0,1,1,0,89.10873499780334,72.17443677750609,36.73956067280581,1069.8423446702852,1.0,1.0,1.0,0.0,1.0,1.0,1.0,0.0,0.24595365962299784,13.8545,18.638,74018.58866868436,1449.2104032444,1518.6592104,8
68,68,-226492.3502,0.8,0.7,1,40,1.0,2,1,0,0,1,1,1,0,1,1,0,80.08383343267572,59.435079182514365,36.40481314246996,1034.2670159004765,1.0,1.0,0.0,0.0,1.0,1.0,1.0,0.0,0.0,9.7993,22.3581,49660.64203655739,1171.4072077188,1549.9402733,10
69,69,-231232.9808,0.7,0.8,1,40,0.9,2,1,0,0,1,1,1,0,1,1,0,74.70696597516856,54.45033100355563,33.28116627219199,890.9155683022339,1.0,1.0,0.0,0.0,1.0,0.0,1.0,0.0,0.0,7.7203,23.0474,50953.313354722915,1233.6725887447,1103.4380195,2
70,70,-285324.1339,0.9,0.9,1,30,0.9,2,1,0,0,1,1,1,0,1,1,0,81.2316268517023,58.48705070443549,36.81349841584002,1032.757951347438,1.0,1.0,0.0,0.0,1.0,1.0,1.0,0.0,0.0,7.5462,18.6119,54680.799276057565,1073.3971150084,1134.9076971,2
71,71,-135259.7226,0.9,0.9,1,50,0.9,2,1,0,0,1,1,1,0,1,1,0,80.05607014832374,59.69149389911439,33.17753529502249,996.8423854029468,1.0,0.0,1.0,0.0,1.0,1.0,0.0,0.0,0.0,10.2742,22.1618,58954.14544009857,1367.3945953348,1236.2169061,4
72,72,-414038.136,0.7,1.0,1,30,0.9,2,1,0,0,1,1,1,0,1,1,0,90.14151678101749,71.21306254186658,36.645943079098416,1234.6762641911535,1.0,1.0,1.0,0.0,1.0,1.0,1.0,0.0,0.0,8.3296,24.2617,53043.22156933283,1351.4640563734,1641.1730761,10
73,73,-278465.052,0.9,0.7,1,30,0.9,2,1,0,0,1,1,1,0,1,1,0,61.50698449056818,41.43964948100523,29.5097737581687,672.0657383806424,0.0,1.0,0.0,0.0,0.0,1.0,1.0,0.0,0.0,7.5963,24.0073,34173.66252811711,866.1448015927,1115.0699113,8
74,74,-166252.7072,0.7,0.9,1,40,1.0,2,1,0,0,1,1,1,0,1,1,0,52.0725977901201,31.907196608850324,24.447105398363764,702.3542149956108,1.0,0.0,0.0,0.0,0.0,1.0,0.0,0.0,0.0,10.1658,24.6683,29200.878301711597,759.1529316887,1183.2352497,2
75,75,-306472.8634,0.9,0.7,1,30,1.0,2,1,0,0,1,1,1,0,1,1,0,61.74388530248693,40.23925864328679,29.808325453324006,714.9056435235956,1.0,1.0,0.0,0.0,1.0,0.0,0.0,0.0,0.0,9.3042,26.4745,31277.852509463974,874.5220626838,1396.9382211,6
76,76,-143160.8251,0.7,0.9,1,30,0.9,2,1,0,0,1,1,1,0,1,1,0,43.76264960966727,26.356810892309394,24.687460851622166,765.2432631744923,0.0,0.0,0.0,0.0,0.0,1.0,1.0,0.0,0.0,8.1225,19.7545,22347.98433265315,472.3551305632,905.3306802,4
77,77,-473595.0145,0.8,0.9,1,40,0.9,2,1,0,0,1,1,1,0,1,1,0,72.80801025462117,54.749215854562166,33.590002202297555,866.3558901487806,1.0,1.0,1.0,0.0,1.0,1.0,1.0,0.0,0.0,10.7919,35.9843,42381.68104491038,1603.9652719115,1533.0062336,8
78,78,-436630.1122,0.7,0.8,1,30,1.0,2,1,0,0,1,1,1,0,1,1,0,92.29145813600579,67.31025088405134,36.59232311495966,855.956279789893,1.0,1.0,1.0,0.0,0.0,1.0,1.0,0.0,0.0,8.5714,21.7301,66402.17261259136,1506.1821460529,1358.760591,2
79,79,-322420.692,0.7,0.9,1,30,0.9,2,1,0,0,1,1,1,0,1,1,0,79.77066181349369,60.38256194211719,35.30057369885555,1043.1160419221192,0.0,1.0,1.0,0.0,1.0,1.0,1.0,0.0,0.0,7.9742,21.9196,48387.39001561665,1116.0222743403,1349.5029081,8
80,80,-305471.413,0.9,0.9,1,40,0.9,2,1,0,0,1,1,1,0,1,1,0,76.06368148739732,54.821862253568625,33.804671891335666,835.6651873605879,1.0,1.0,0.0,0.0,1.0,1.0,1.0,0.0,0.0,9.5389,26.4265,46578.79291974735,1291.6391460874,1315.1087793,8
81,81,-47023.1129,0.9,1.0,1,50,0.9,2,1,0,0,1,1,1,0,1,1,0,48.13007764270021,31.72981934548477,28.735410267491588,773.4353769553829,0.0,0.0,0.0,0.0,1.0,1.0,1.0,0.0,0.043603900402565315,13.6501,16.4751,34078.71875627407,602.890567972,913.455553,2
82,82,-107211.1468,0.7,0.7,1,50,1.0,2,1,0,0,1,1,1,0,1,1,0,64.67204807027031,44.87525516410881,28.769990202649044,813.5233438993312,1.0,0.0,0.0,0.0,0.0,1.0,1.0,0.0,0.0,10.9552,24.0006,39490.51528832772,994.8367636438,1392.2840846,8
83,83,-140559.4987,1.0,0.8,1,30,0.9,2,1,0,0,1,1,1,0,1,1,0,54.111037002294005,32.72016772462332,31.759971517638856,821.295384441547,0.0,0.0,0.0,0.0,1.0,0.0,1.0,0.0,0.0,7.3198,17.2618,29343.754283235743,545.1466427722,922.5545136,8
84,84,-178614.9051,0.8,1.0,1,30,0.9,2,1,0,0,1,1,1,0,1,1,0,56.598342645053265,37.602225415369745,33.706694970825616,966.7686754668498,0.0,0.0,0.0,0.0,1.0,1.0,1.0,0.0,0.0,8.2296,17.1871,34354.60252897855,636.3462717848,949.116509,4
85,85,-135704.5662,0.7,0.7,1,30,1.0,2,1,0,0,1,1,1,0,1,1,0,49.35751857879549,28.727057985839735,27.953817388826284,761.0660799182644,0.0,0.0,0.0,0.0,0.0,1.0,1.0,0.0,0.0,9.1724,17.0373,26098.697027757047,477.480174645,1081.3363212,8
86,86,21631.8819,0.7,0.8,1,60,0.9,2,1,0,0,1,1,1,0,1,1,0,74.22785328672785,55.96562475940445,32.33464910804905,870.266281130992,0.0,1.0,1.0,0.0,1.0,1.0,0.0,0.0,0.25180512146974965,10.4857,20.5401,57675.050140021034,1243.2455081649,1101.3339355,2
87,87,-356636.4702,0.7,0.7,1,30,1.0,2,1,0,0,1,1,1,0,1,1,0,68.84892040424256,49.929675007465946,34.85529247062084,1007.9077035971072,0.0,1.0,0.0,0.0,1.0,1.0,1.0,0.0,0.0,8.418,24.0924,40848.30318177222,1044.6529460734,1342.2324129,10
88,88,86153.4566,0.9,0.9,1,60,1.0,2,1,0,0,1,1,1,0,1,1,0,68.1839726083282,49.58021074354683,28.812715473988145,702.5067942530004,1.0,1.0,0.0,0.0,0.0,1.0,1.0,0.0,0.41326042444781946,11.0141,18.7618,47086.895154114754,924.5826243548,1336.9241396,4
89,89,-494137.2612,1.0,0.7,1,30,0.9,2,1,0,0,1,1,1,0,1,1,0,83.46879209446041,64.59114510092438,32.94408132682936,896.5831179963968,1.0,1.0,1.0,0.0,1.0,1.0,0.0,0.0,0.0,9.1292,26.2173,55434.06048602414,1516.7315935544,1407.7596842,6
90,90,-93801.565,0.9,0.8,1,40,0.9,2,1,0,0,1,1,1,0,1,1,0,88.90019932588761,71.46244791878087,27.94232196559008,723.7635139691672,1.0,1.0,1.0,0.0,0.0,0.0,1.0,0.0,0.0,9.0948,16.2415,67375.63756236204,1128.9540549934,1401.5273113,6
91,91,-312094.6645,1.0,0.9,1,30,0.9,2,1,0,0,1,1,1,0,1,1,0,77.6409626527626,60.28984751349875,29.607570456712548,832.9888059526943,1.0,1.0,0.0,0.0,0.0,1.0,1.0,0.0,0.0,7.258,19.5427,57937.828876005515,1177.5096413435,1094.8064591,2
92,92,62797.2751,0.8,0.7,1,60,1.0,2,1,0,0,1,1,1,0,1,1,0,72.98233532346029,53.3501572769142,30.227319106524664,834.2652688706697,0.0,1.0,1.0,0.0,0.0,1.0,1.0,0.0,0.3492104353743471,10.6822,19.3284,53120.126753360164,1073.2347728538,1279.9404548,2
93,93,49848.4724,1.0,0.9,1,60,1.0,2,1,0,0,1,1,1,0,1,1,0,56.50828159205038,36.3218634453312,33.43344428967571,966.8939468210217,0.0,0.0,0.0,0.0,1.0,1.0,1.0,0.0,0.40127179793119006,14.6317,15.0322,39296.197162262266,636.4833638845,1118.7387607,6
94,94,-108792.4981,0.7,1.0,1,50,0.9,2,1,0,0,1,1,1,0,1,1,0,52.175813545356824,35.426654503931275,23.390051296788638,722.501405205197,1.0,1.0,0.0,0.0,0.0,1.0,0.0,0.0,0.0,10.5255,26.0287,33127.987118007775,904.67332926,1070.9759447,2
95,95,-230701.5422,0.8,0.7,1,50,1.0,2,1,0,0,1,1,1,0,1,1,0,74.3864453493131,54.82178307780672,35.64810461836953,1050.5416735441424,1.0,0.0,1.0,0.0,1.0,1.0,1.0,0.0,0.0,12.3007,25.5468,54558.0173588843,1475.0221686146,1358.701428,2
96,96,-313574.6491,1.0,0.8,1,30,0.9,2,1,0,0,1,1,1,0,1,1,0,78.61824489136802,62.87581857278958,35.18575372664665,1208.6420068907155,0.0,1.0,1.0,0.0,1.0,1.0,1.0,0.0,0.0,8.174,19.648,55286.06266703758,1144.8812290993,1235.929463,4
97,97,-17897.0173,0.9,0.8,1,40,0.9,2,1,0,0,1,1,1,0,1,1,0,58.74192939868561,33.281790079078235,34.22719645555715,788.6423010179969,0.0,0.0,0.0,0.0,1.0,1.0,0.0,0.0,0.1194627484094976,8.1566,12.7035,33237.5026999797,456.0676485105,902.6093306,8
98,98,-72527.5821,1.0,0.9,1,50,0.9,2,1,0,0,1,1,1,0,1,1,0,68.3689970970448,47.352460631155495,28.290175567318077,682.4023894421906,1.0,1.0,0.0,0.0,0.0,0.0,1.0,0.0,0.008105310693035966,8.1105,22.4403,45765.078367654416,1072.8830839487,1060.8660566,2
99,99,-2502.6462,0.7,1.0,1,60,1.0,2,1,0,0,1,1,1,0,1,1,0,81.42342114576829,59.0671064745338,33.62276801713748,905.7020060150011,1.0,0.0,1.0,0.0,1.0,0.0,1.0,0.0,0.20395010954920334,14.7335,19.6188,59558.41525626527,1221.4244930007,1580.2905841,8
100,100,-629108.4916,0.8,0.7,1,30,0.9,2,1,0,0,1,1,1,0,1,1,0,74.75352711841292,56.08649946831781,34.29757511314686,1067.681181435485,1.0,1.0,1.0,0.0,1.0,1.0,1.0,0.0,0.0,9.8031,38.9764,39855.12813675293,1638.6927648449,1664.4731662,10
101,101,28310.207,0.9,0.7,1,50,1.0,2,1,0,0,1,1,1,0,1,1,0,84.87706494924208,67.00011397827052,33.60359560698198,989.2183363313451,0.0,1.0,1.0,0.0,1.0,1.0,0.0,0.0,0.2529962558895526,8.8445,16.8066,64014.191870732335,1123.2672496279,1363.2782874,4
102,102,-59219.1763,0.9,1.0,1,60,1.0,2,1,0,0,1,1,1,0,1,1,0,74.98924646190585,51.35632471218241,25.78089845381149,542.8131888293932,1.0,1.0,1.0,0.0,0.0,0.0,0.0,0.0,0.06016133057436735,14.9255,25.0392,48898.59952947813,1266.5205637183,1697.5360216,8
103,103,-400194.931,0.7,0.9,1,30,1.0,2,1,0,0,1,1,1,0,1,1,0,85.85493836614242,66.52685287071583,34.37701596537849,925.7637938352503,1.0,1.0,1.0,0.0,1.0,0.0,1.0,0.0,0.0,10.3498,22.8221,52220.45860239386,1247.0499750576,1801.6414635,10
104,104,-415944.7989,0.7,1.0,1,30,1.0,2,1,0,0,1,1,1,0,1,1,0,75.69322288710362,57.594879297186104,33.05509598289689,1024.771425823327,0.0,1.0,1.0,0.0,1.0,0.0,1.0,0.0,0.0,9.089,23.2122,53813.280766583,1310.957395734,1307.136014,2
105,105,-190759.472,1.0,1.0,1,40,1.0,2,1,0,0,1,1,1,0,1,1,0,95.20864738549176,74.11185258224481,39.958882187367095,1067.2881647451118,1.0,1.0,1.0,0.0,1.0,1.0,1.0,0.0,0.0,10.757,17.0684,74214.86848770991,1331.8052204694,1497.539932,4
106,106,-518999.4222,0.7,0.9,1,30,1.0,2,1,0,0,1,1,1,0,1,1,0,86.9351880941827,66.35312019282627,34.989039218196794,755.2951842911816,1.0,1.0,1.0,0.0,1.0,0.0,1.0,0.0,0.0,10.2271,26.3543,55953.03363215373,1540.9085871664,1672.3033657,8
107,107,-133581.3114,0.9,0.8,1,40,1.0,2,1,0,0,1,1,1,0,1,1,0,59.047134508791586,41.789660100780054,22.078802382306083,519.477763236013,0.0,1.0,1.0,0.0,0.0,0.0,0.0,0.0,0.0,11.8194,20.1872,37457.24352127033,787.8331677988,1418.075821,6
108,108,14082.218,1.0,0.9,1,50,1.0,2,1,0,0,1,1,1,0,1,1,0,46.480752406361255,26.841895566688358,27.23711361787755,657.2814916680957,0.0,0.0,0.0,0.0,1.0,1.0,0.0,0.0,0.24639093024713002,10.356,16.3686,24137.85939542969,425.9221365183,1054.5263134,6
109,109,-99902.6517,1.0,0.9,1,50,1.0,2,1,0,0,1,1,1,0,1,1,0,87.44689856336956,65.18692382406864,34.647234322456825,924.4979085002661,1.0,1.0,1.0,0.0,1.0,0.0,1.0,0.0,0.0017897033232039344,10.0971,20.2103,65082.92066655353,1372.6486592192,1379.9860086,2
110,110,-174015.4361,1.0,0.7,1,40,1.0,2,1,0,0,1,1,1,0,1,1,0,68.80825709606957,51.30521781588962,30.030420907693323,867.4376879395868,1.0,1.0,0.0,0.0,1.0,1.0,0.0,0.0,0.0,10.7947,20.4343,44938.28145625987,962.4613587579,1430.4265525,6
111,111,-39415.8953,0.7,0.7,1,60,0.9,2,1,0,0,1,1,1,0,1,1,0,57.37791494199678,35.37520728326387,25.858711043046114,652.8511722825019,1.0,1.0,0.0,0.0,0.0,1.0,0.0,0.0,0.06095766995998465,11.0694,28.5186,29788.378533212108,892.8551975124,1241.0281708,6
112,112,-38053.2416,0.9,0.8,1,50,0.9,2,1,0,0,1,1,1,0,1,1,0,70.78958383532539,51.584953190053426,28.727637947212262,837.4898143682587,0.0,1.0,1.0,0.0,0.0,1.0,1.0,0.0,0.10205175352970393,11.3407,18.3837,51250.56601427714,983.7463848829,1193.1511056,4
113,113,201372.3856,0.9,0.7,1,60,0.9,2,1,0,0,1,1,1,0,1,1,0,92.16714340679603,74.17193612302351,30.9011098213871,757.4911317626326,1.0,1.0,1.0,0.0,1.0,0.0,0.0,0.0,0.6689613568402428,12.0925,15.031,74024.17007119666,1151.1102631335,1497.3560737,8
114,114,-331091.0246,0.8,0.8,1,40,1.0,2,1,0,0,1,1,1,0,1,1,0,76.83334390808437,59.455927318308156,33.6221014687228,1044.6821631058554,0.0,1.0,1.0,0.0,1.0,1.0,1.0,0.0,0.0,11.0696,25.5161,51419.29450791092,1376.9260615507,1540.5062665,8
115,115,-297695.5963,1.0,0.8,1,40,0.9,2,1,0,0,1,1,1,0,1,1,0,85.2632844393964,64.8915150649979,36.337994333424014,1051.9686948766994,1.0,0.0,1.0,0.0,1.0,1.0,1.0,0.0,0.0,9.8371,22.1953,63856.67733500521,1488.2261046666,1252.7862319,4
116,116,-249325.3168,0.7,1.0,1,40,0.9,2,1,0,0,1,1,1,0,1,1,0,66.98904318278147,50.41776434639141,32.861456024895986,1044.2763522618554,0.0,1.0,1.0,0.0,1.0,1.0,1.0,0.0,0.0,9.5412,26.7546,38998.78247619649,1103.5175636611,1374.2267272,8
117,117,-28243.6852,0.8,0.9,1,50,1.0,2,1,0,0,1,1,1,0,1,1,0,53.65957861182072,36.433940102763735,32.080140149294934,970.083413656733,0.0,0.0,0.0,0.0,1.0,1.0,1.0,0.0,0.10139360060996865,12.643,16.5046,35743.94426065814,635.1098427661,1120.6935929,6
118,118,-92.5058,0.9,1.0,1,50,1.0,2,1,0,0,1,1,1,0,1,1,0,56.22480895154871,39.468605520619874,21.482355216291143,517.2492974776851,1.0,1.0,0.0,0.0,0.0,0.0,0.0,0.0,0.17298722040909542,10.6536,18.5259,39198.763572047625,756.1574703494,1200.5220006,2
119,119,-113124.9862,0.7,0.8,1,50,1.0,2,1,0,0,1,1,1,0,1,1,0,63.377589360221805,44.09667646077418,29.208370218780217,734.5537258118383,1.0,0.0,1.0,0.0,1.0,0.0,0.0,0.0,0.0,11.8219,25.8412,36556.004219431794,995.4878422946,1584.7603901,8
120,120,79322.8398,0.8,0.9,1,60,0.9,2,1,0,0,1,1,1,0,1,1,0,52.196607358259904,32.58123190406513,30.99278054883105,824.1019732032962,0.0,0.0,0.0,0.0,1.0,0.0,1.0,0.0,0.5445052473649185,11.8377,14.7848,34392.40183631311,547.8679815752,918.2769885,6
121,121,80460.4738,1.0,0.9,1,60,0.9,2,1,0,0,1,1,1,0,1,1,0,56.731442826795046,39.68073205781085,34.12799391491119,1132.844106427563,0.0,0.0,0.0,0.0,1.0,1.0,1.0,0.0,0.4978354055007806,11.7947,14.8738,41535.54431357329,667.8849918489,971.0778829,2
122,122,-67910.8972,0.7,0.7,1,50,1.0,2,1,0,0,1,1,1,0,1,1,0,87.06161539821183,65.54036178319603,34.76103824555886,895.0030536400741,1.0,1.0,1.0,0.0,1.0,1.0,0.0,0.0,0.0451519619650322,12.2948,19.2384,60297.30549947043,1211.3002603177,1688.2102738,8
123,123,-151479.5549,0.8,1.0,1,50,1.0,2,1,0,0,1,1,1,0,1,1,0,71.43392633223188,51.770422710594744,29.03738234995177,835.0586047061573,0.0,1.0,1.0,0.0,0.0,1.0,1.0,0.0,0.0,11.9004,24.2945,48036.1366475338,1217.0461181837,1453.7910165,6
124,124,-505703.7271,0.9,0.9,1,30,0.9,2,1,0,0,1,1,1,0,1,1,0,68.35906881960392,48.566514301420234,31.88189791225622,906.2479907139274,1.0,0.0,1.0,0.0,1.0,0.0,1.0,0.0,0.0,9.1989,36.85,35601.35055081152,1381.5743190323,1509.976867,10
125,125,-193742.1247,1.0,0.7,1,40,1.0,2,1,0,0,1,1,1,0,1,1,0,68.69470075579383,50.13718833903494,32.65920526284308,875.1982899367923,1.0,0.0,0.0,0.0,1.0,0.0,1.0,0.0,0.0,9.8941,20.6231,48861.192236197996,1062.8426437365,1222.733546,2
126,126,-60383.425,0.7,0.9,1,40,1.0,2,1,0,0,1,1,1,0,1,1,0,44.17922397751996,27.009104180697808,25.112404157263164,765.2252871137612,0.0,0.0,0.0,0.0,0.0,1.0,1.0,0.0,0.0,9.9715,18.0559,23094.501674176347,447.2923010812,1101.7248316,10
127,127,-41868.4229,0.7,0.7,1,40,0.9,2,1,0,0,1,1,1,0,1,1,0,50.88637023830419,30.566829487479662,29.961292706685505,794.3077091039386,0.0,0.0,0.0,0.0,1.0,1.0,0.0,0.0,0.0,8.1821,15.7352,27560.51037982507,467.3832354879,915.3283908,8
128,128,-376274.9665,0.9,0.9,1,30,1.0,2,1,0,0,1,1,1,0,1,1,0,70.39277309446263,51.91334618621911,27.619675716884625,630.7135342202441,1.0,0.0,1.0,0.0,1.0,0.0,0.0,0.0,0.0,11.2577,25.9239,40036.09164087106,1084.1650142363,1681.639247,10
129,129,71161.0017,0.9,0.8,1,60,0.9,2,1,0,0,1,1,1,0,1,1,0,97.58375374470754,76.85675679942335,37.59381348846691,1054.7478943123965,1.0,0.0,1.0,0.0,1.0,1.0,1.0,0.0,0.3373164088011441,10.8668,18.3606,78396.79372714012,1505.8598810776,1396.8756395,8
130,130,-28761.0589,0.7,1.0,1,50,0.9,2,1,0,0,1,1,1,0,1,1,0,74.21148824771038,57.214423232944526,31.226995657550763,715.8446557600437,0.0,0.0,1.0,0.0,1.0,0.0,1.0,0.0,0.13202062583462842,9.2059,18.3452,57005.01009590972,1093.3421645606,1089.4383731,4
131,131,-139274.1847,0.8,0.9,1,30,1.0,2,1,0,0,1,1,1,0,1,1,0,47.9440249285152,29.223253761472282,27.476368159043695,761.3929007116052,0.0,0.0,0.0,0.0,0.0,1.0,1.0,0.0,0.0,9.706,16.6373,26645.85666360971,475.5590767494,1080.8810797,8
132,132,-187052.8371,0.7,0.9,1,60,1.0,2,1,0,0,1,1,1,0,1,1,0,68.09879408798038,51.17910055405818,29.809515379458958,860.7392172621508,1.0,1.0,1.0,0.0,0.0,1.0,1.0,0.0,0.0,15.0909,31.7902,44536.820575136284,1482.5807607385,1734.9436932,8
133,133,-181148.6122,0.9,0.9,1,40,1.0,2,1,0,0,1,1,1,0,1,1,0,69.12091053769976,49.720451252367894,27.952256787728764,690.6346017579833,0.0,1.0,1.0,0.0,0.0,0.0,1.0,0.0,0.0,11.4107,21.4098,44383.8540437419,993.7860073849,1512.9011235,8
134,134,-581766.1888,0.8,0.9,1,30,1.0,2,1,0,0,1,1,1,0,1,1,0,88.1101543418468,70.23706322187209,35.77762126941013,1072.2400989500343,1.0,1.0,1.0,0.0,1.0,1.0,1.0,0.0,0.0,10.2664,27.3961,57975.46544552973,1664.5671838391,1720.8339932,8
135,135,-50578.0151,1.0,0.8,1,60,1.0,2,1,0,0,1,1,1,0,1,1,0,92.99779893130452,71.6682999213783,38.4115412625692,1066.8300809705988,1.0,1.0,1.0,0.0,1.0,1.0,1.0,0.0,0.12686401147080587,12.5911,21.1968,74680.32828878687,1663.2734212235,1505.5336131,4
136,136,45293.3121,1.0,0.8,1,60,0.9,2,1,0,0,1,1,1,0,1,1,0,56.86096593819819,35.21183373932007,33.248560789203715,966.3724078862301,0.0,0.0,0.0,0.0,1.0,1.0,1.0,0.0,0.38421821881421214,11.2413,16.0416,36677.247015540255,633.9616358866,961.6741971,10
137,137,-52860.1862,1.0,0.7,1,40,1.0,2,1,0,0,1,1,1,0,1,1,0,51.649921298110165,32.869036831752,30.702396436934063,823.9163520597239,0.0,0.0,0.0,0.0,1.0,0.0,1.0,0.0,0.0,10.4813,15.1547,31123.16377838496,507.2802698584,1076.8934525,4
138,138,-105791.623,0.9,0.7,1,40,0.9,2,1,0,0,1,1,1,0,1,1,0,65.26316638618789,42.62155542276301,34.61534228594413,988.5532562015204,0.0,0.0,0.0,0.0,1.0,1.0,1.0,0.0,0.0,10.1935,16.2697,42343.35143691329,735.6069512399,1048.5445711,8
139,139,80231.9852,1.0,1.0,1,60,0.9,2,1,0,0,1,1,1,0,1,1,0,50.65338175431793,31.63545323747675,30.164668654010143,913.7565733232411,0.0,0.0,0.0,0.0,1.0,1.0,0.0,0.0,0.556610809737944,12.8426,14.4145,33262.857162515225,516.1736041197,938.774839,10
140,140,-320695.0957,0.8,0.9,1,30,0.9,2,1,0,0,1,1,1,0,1,1,0,76.20555777826263,53.78942510460366,32.99182560795565,725.9768767670405,0.0,1.0,1.0,0.0,1.0,1.0,0.0,0.0,0.0,8.2483,23.3458,43729.623820460125,1070.2299929181,1303.0453434,8
141,141,40033.4804,0.8,0.9,1,50,0.9,2,1,0,0,1,1,1,0,1,1,0,96.0436559750679,76.71430143758288,31.968557798933052,865.944763656059,1.0,1.0,1.0,0.0,0.0,1.0,1.0,0.0,0.2752396075210867,7.4172,16.8868,76075.32274230395,1328.3193784107,1183.2652768,2
142,142,3117.6792,0.9,1.0,1,50,0.9,2,1,0,0,1,1,1,0,1,1,0,55.963988047940944,36.29236848069714,33.1175520783662,968.5039735506639,0.0,0.0,0.0,0.0,1.0,1.0,1.0,0.0,0.23262053861180368,11.8828,14.1655,38708.44341847279,590.7921357061,950.2376528,4
143,143,41207.0909,0.9,0.8,1,50,0.9,2,1,0,0,1,1,1,0,1,1,0,46.54166804814337,26.673879694300954,27.52049725192935,730.5991183712081,0.0,0.0,0.0,0.0,1.0,0.0,0.0,0.0,0.41869848443339497,10.6216,13.7899,26596.235874427053,395.9476221644,895.9640506,8
144,144,3475.3368,1.0,0.7,1,50,0.9,2,1,0,0,1,1,1,0,1,1,0,49.830486663277945,32.8841771187287,29.934465081009115,771.551325384966,0.0,0.0,0.0,0.0,1.0,1.0,1.0,0.0,0.2338368179009319,13.0825,13.8127,35453.480062350354,526.9639503131,912.8808355,2
145,145,60822.5305,1.0,0.9,1,60,1.0,2,1,0,0,1,1,1,0,1,1,0,79.39631511843673,60.9110110263724,35.43759385484591,1020.7471470580396,1.0,0.0,0.0,0.0,1.0,1.0,1.0,0.0,0.34306115337892634,13.3197,17.3173,63653.307939352184,1164.031963476,1376.961046,8
146,146,-41884.377,0.8,0.9,1,50,0.9,2,1,0,0,1,1,1,0,1,1,0,73.41830114482511,57.26328799246443,25.77743426898366,666.5873886280701,0.0,1.0,1.0,0.0,0.0,1.0,0.0,0.0,0.08768026909859558,11.3936,19.677,53426.39805381143,1089.1732542528,1434.2339356,10
147,147,-320646.3679,0.8,0.8,1,40,0.9,2,1,0,0,1,1,1,0,1,1,0,70.75680610631319,53.59206117356982,35.82025852543596,1200.6790652617847,1.0,1.0,0.0,0.0,1.0,1.0,1.0,0.0,0.0,10.6658,23.9893,52873.49426869106,1350.7798628589,1160.3416478,2
148,148,34575.9518,0.8,0.7,1,50,1.0,2,1,0,0,1,1,1,0,1,1,0,46.523007678979894,26.430053634540204,27.405440926581242,650.3504555392469,0.0,0.0,0.0,0.0,1.0,0.0,0.0,0.0,0.35461437708287025,9.314,15.5802,23930.769540391695,402.547291459,1055.1077811,10
149,149,-17091.2026,0.8,0.9,1,50,0.9,2,1,0,0,1,1,1,0,1,1,0,54.31981007396574,37.11533492990196,32.56240845453194,969.1588227097935,0.0,0.0,0.0,0.0,1.0,1.0,1.0,0.0,0.15862897152041586,12.2112,14.9718,39354.91336063751,634.8313239452,945.6381161,2
150,150,-265508.6377,0.9,1.0,1,40,1.0,2,1,0,0,1,1,1,0,1,1,0,72.2050452708998,55.400291443301256,33.90514434746152,1026.538458395573,0.0,0.0,1.0,0.0,1.0,1.0,1.0,0.0,0.0,10.1162,24.8245,46107.42155539688,1207.3393181866,1473.6727588,10
151,151,-102337.8102,0.9,1.0,1,30,0.9,2,1,0,0,1,1,1,0,1,1,0,49.294198753732914,30.72093897674263,28.167521303356956,871.5110850574638,0.0,0.0,0.0,0.0,0.0,1.0,1.0,0.0,0.0,7.6441,15.4004,27401.763548479532,453.3035700276,908.094644,2
152,152,5551.3647,0.9,0.9,1,50,0.9,2,1,0,0,1,1,1,0,1,1,0,57.7482935580213,36.543556244553436,34.02211447853508,965.4588390651971,0.0,0.0,0.0,0.0,1.0,1.0,1.0,0.0,0.24255621352142787,11.4136,13.9507,39113.34397217505,588.4595774085,949.2009416,4
153,153,28335.6565,0.7,0.8,1,50,1.0,2,1,0,0,1,1,1,0,1,1,0,48.706168582838544,32.55823440540689,28.233751440736256,873.836248195625,0.0,0.0,0.0,0.0,0.0,1.0,1.0,0.0,0.31155473034624104,11.5039,14.9454,31229.86674829459,501.135662721,1078.1864182,4
154,154,-54464.8151,0.7,0.8,1,60,0.9,2,1,0,0,1,1,1,0,1,1,0,89.0879622773746,69.21277302347174,35.90828547529288,1069.4456109164414,1.0,1.0,1.0,0.0,1.0,1.0,1.0,0.0,0.11719154663724335,9.9278,22.3247,70791.4878943607,1656.0935256283,1230.0079703,2
155,155,39909.5476,0.7,0.7,1,50,0.9,2,1,0,0,1,1,1,0,1,1,0,47.529526218473244,27.420486317298213,28.183718016484576,730.6317826420262,0.0,0.0,0.0,0.0,1.0,0.0,0.0,0.0,0.40338116949258923,10.5257,14.0316,27395.95088266213,415.4697364287,902.7082126,10
156,156,-22167.9246,0.7,0.8,1,60,0.9,2,1,0,0,1,1,1,0,1,1,0,75.81985357215902,58.58190870455125,28.319568993213757,755.8850230967562,1.0,1.0,1.0,0.0,1.0,0.0,0.0,0.0,0.1485119866153449,9.5057,23.6754,57940.19027963193,1423.6347335823,1159.0933409,2
157,157,-376139.2759,0.8,1.0,1,40,1.0,2,1,0,0,1,1,1,0,1,1,0,87.69467609628717,69.68965660330352,35.338912837672886,1071.5155072067562,1.0,1.0,1.0,0.0,1.0,1.0,1.0,0.0,0.0,10.4202,24.588,64627.60177114292,1662.0199503727,1519.4589912,4
158,158,-194646.5801,0.8,0.7,1,40,0.9,2,1,0,0,1,1,1,0,1,1,0,83.96857619433946,62.26481828884807,31.49769425003923,860.543439187552,1.0,1.0,1.0,0.0,0.0,1.0,1.0,0.0,0.0,10.0014,20.5499,55688.511598360434,1189.0105353978,1420.2008996,6
159,159,-113411.0084,0.8,0.8,1,40,1.0,2,1,0,0,1,1,1,0,1,1,0,55.058844317132895,37.889309879828076,32.837530046643266,1134.2274208709164,0.0,0.0,0.0,0.0,1.0,1.0,1.0,0.0,0.0,10.767,17.6635,34900.8641176806,664.9744131741,1136.8427752,2
160,160,-34640.0915,0.9,1.0,1,60,1.0,2,1,0,0,1,1,1,0,1,1,0,65.84481951238631,47.11872163935423,32.85412900485016,1010.5562900845581,0.0,1.0,0.0,0.0,1.0,1.0,1.0,0.0,0.13295220316725287,14.7681,19.7499,49944.32598660978,1046.6138208652,1264.310355,4
161,161,-80264.5923,0.9,0.9,1,50,0.9,2,1,0,0,1,1,1,0,1,1,0,59.74409422247474,43.544044861747835,23.925821985556713,592.8819612735691,1.0,1.0,0.0,0.0,0.0,1.0,0.0,0.0,0.0,9.313,22.8776,42643.92789028055,1017.1848367968,1047.319675,2
162,162,89931.978,1.0,0.8,1,60,1.0,2,1,0,0,1,1,1,0,1,1,0,54.98351290284346,36.737884823782025,32.737320430255146,970.1275533643513,0.0,0.0,0.0,0.0,1.0,1.0,1.0,0.0,0.5812545320388313,14.9717,13.3404,39367.247522780686,565.7820070862,1115.9678447,4
163,163,-118992.4678,0.9,1.0,1,30,0.9,2,1,0,0,1,1,1,0,1,1,0,50.286861070761255,30.77563352674139,29.699426487724587,915.7549879990842,0.0,0.0,0.0,0.0,1.0,1.0,0.0,0.0,0.0,7.8575,16.2011,27229.34536614961,474.9481064939,935.2454937,8
164,164,71908.3344,0.8,0.9,1,60,0.9,2,1,0,0,1,1,1,0,1,1,0,65.12858820486304,46.47670600371515,29.429982001484863,812.8009838468188,1.0,0.0,0.0,0.0,0.0,1.0,1.0,0.0,0.3977908603602843,11.8384,18.2795,46086.36044523618,886.1062016322,1152.73806,6
165,165,-111407.7242,1.0,0.8,1,40,0.9,2,1,0,0,1,1,1,0,1,1,0,57.38746119359254,36.83310233824645,33.60671088677718,1133.276041049142,0.0,0.0,0.0,0.0,1.0,1.0,1.0,0.0,0.0,9.9747,17.2937,35835.4417374094,668.5912659662,987.2069147,10
166,166,-71435.3977,0.9,0.9,1,30,0.9,2,1,0,0,1,1,1,0,1,1,0,45.808692143362904,27.002601966534556,26.297136470785965,616.7024094958153,0.0,0.0,0.0,0.0,0.0,0.0,1.0,0.0,0.0,7.5419,14.0611,25489.27561058438,386.3758664372,863.897897,4
167,167,-289523.1178,1.0,0.8,1,40,0.9,2,1,0,0,1,1,1,0,1,1,0,74.29732787026099,56.826417673869535,30.03964436688078,883.5338907353188,1.0,0.0,1.0,0.0,1.0,1.0,0.0,0.0,0.0,9.6468,24.6339,52405.608554313665,1344.5810265173,1231.6493062,4
168,168,128681.8778,0.9,1.0,1,60,1.0,2,1,0,0,1,1,1,0,1,1,0,55.013170165683015,34.25266238420164,32.658966760115845,911.5276979834533,0.0,0.0,0.0,0.0,1.0,1.0,0.0,0.0,0.7718075884161532,10.6754,13.4453,33949.49790253125,493.0012241424,1080.367988,4
169,169,-377082.5362,0.9,0.7,1,30,1.0,2,1,0,0,1,1,1,0,1,1,0,73.23578773450043,51.22212324723891,35.87488719495752,1036.6975422236385,0.0,1.0,1.0,0.0,1.0,1.0,1.0,0.0,0.0,9.1813,27.2578,38053.170772142854,1100.0347141067,1600.2320452,10
170,170,-50765.5309,1.0,0.7,1,60,1.0,2,1,0,0,1,1,1,0,1,1,0,70.78348907064003,54.419648626617686,30.31423636758977,873.8013568280116,0.0,1.0,1.0,0.0,1.0,1.0,0.0,0.0,0.08528021234064402,14.219,23.9121,49657.0821965326,1241.4856426998,1606.6033376,10
171,171,-87912.1093,0.9,0.7,1,40,1.0,2,1,0,0,1,1,1,0,1,1,0,77.63994442100935,57.80879987934769,32.692928241780564,852.4031413688224,0.0,0.0,1.0,0.0,1.0,1.0,0.0,0.0,0.0,8.3467,16.2783,56210.48267518167,956.8290710578,1220.70385,2
172,172,-288426.1371,1.0,0.7,1,40,0.9,2,1,0,0,1,1,1,0,1,1,0,76.033360158944,58.34496332716277,34.47282599880175,1037.2215762951275,1.0,1.0,0.0,0.0,1.0,1.0,1.0,0.0,0.0,9.8112,23.657,53135.834342752845,1324.2867696088,1264.207352,6
173,173,-62355.9419,1.0,0.7,1,50,1.0,2,1,0,0,1,1,1,0,1,1,0,69.74037715153638,51.546798080018974,30.494690441291116,864.8514694422302,1.0,1.0,0.0,0.0,1.0,1.0,0.0,0.0,0.01927180097355747,11.7489,20.2034,45251.31930259053,958.4125512225,1500.6486044,8
174,174,-336519.58,1.0,1.0,1,30,1.0,2,1,0,0,1,1,1,0,1,1,0,65.77684023733804,47.41094099539573,28.130441407550375,722.6248875129133,1.0,1.0,0.0,0.0,1.0,0.0,0.0,0.0,0.0,10.493,23.406,39570.235400934005,971.052554779,1489.8036648,8
175,175,-140339.9443,0.8,0.9,1,40,0.9,2,1,0,0,1,1,1,0,1,1,0,60.27557496266356,42.057828181392324,25.50508924708604,580.0423055172555,0.0,0.0,1.0,0.0,0.0,0.0,1.0,0.0,0.0,9.8642,21.9623,36205.49447007249,833.3649671763,1223.5914557,8
176,176,-171019.566,0.9,0.9,1,30,1.0,2,1,0,0,1,1,1,0,1,1,0,49.30161134620964,32.01091507127824,29.362273278480316,827.4474783493406,0.0,0.0,0.0,0.0,1.0,0.0,1.0,0.0,0.0,9.9528,17.7109,28756.63143567645,546.7807056547,1085.7961653,6
177,177,-41497.1355,0.7,0.7,1,60,1.0,2,1,0,0,1,1,1,0,1,1,0,62.72872209511559,46.31770409851253,34.203409795749536,1008.6089296018649,0.0,1.0,0.0,0.0,1.0,1.0,1.0,0.0,0.10817759012121554,14.2065,21.0462,46351.66531473308,1042.7062147281,1286.9755709,6
178,178,-376668.0446,0.7,0.7,1,30,1.0,2,1,0,0,1,1,1,0,1,1,0,80.06950307516125,57.59491469818818,35.10175745313856,837.7169320316679,0.0,1.0,1.0,0.0,1.0,1.0,1.0,0.0,0.0,9.4264,23.2818,48042.082040763315,1173.6293743113,1502.7957225,8
179,179,76793.7847,0.9,1.0,1,60,1.0,2,1,0,0,1,1,1,0,1,1,0,60.357642918775674,44.1270420907702,30.14831436719836,839.3017442260671,0.0,1.0,0.0,0.0,1.0,1.0,0.0,0.0,0.4126277215504873,11.9211,17.6777,43657.980978347456,816.2087457033,1183.4555201,2
180,180,-127957.0348,0.7,0.9,1,50,0.9,2,1,0,0,1,1,1,0,1,1,0,78.39561887830071,57.357607405851496,31.14233831781575,844.0272556633635,1.0,0.0,1.0,0.0,0.0,1.0,1.0,0.0,0.0,10.5756,22.2678,57139.28395079299,1327.2755102018,1226.4411904,4
181,181,65064.3708,1.0,0.7,1,60,0.9,2,1,0,0,1,1,1,0,1,1,0,85.10302704116775,65.79817963307717,36.47285802931225,1051.437219004048,1.0,0.0,1.0,0.0,1.0,1.0,1.0,0.0,0.36080484403364543,14.1454,16.7912,67493.60119906365,1192.591980832,1484.9481417,10
182,182,-388303.2281,0.8,0.8,1,30,1.0,2,1,0,0,1,1,1,0,1,1,0,90.04682576504602,71.90880423654042,36.61131259081651,1045.188401005906,0.0,1.0,1.0,0.0,1.0,1.0,1.0,0.0,0.0,8.0268,20.1762,66117.6365344777,1396.5268109204,1385.5298007,4
183,183,16486.7183,0.7,0.8,1,50,0.9,2,1,0,0,1,1,1,0,1,1,0,56.431083881130036,36.654687546663794,33.36388073522503,968.0139636118124,0.0,0.0,0.0,0.0,1.0,1.0,1.0,0.0,0.2872292772665628,11.6521,13.3835,39103.77540287473,564.1117774099,945.7327108,2
184,184,-53456.5742,0.7,0.8,1,50,0.9,2,1,0,0,1,1,1,0,1,1,0,71.83555385934514,53.90484883675397,34.0597565089506,1012.9027176691894,0.0,1.0,0.0,0.0,1.0,1.0,1.0,0.0,0.08570937330358414,10.5029,17.6863,56432.207091058786,1056.5207039984,1055.7150854,2
185,185,30693.1879,0.9,0.8,1,60,1.0,2,1,0,0,1,1,1,0,1,1,0,72.07867574172411,49.32863118688702,32.6373229003286,880.1229694576484,0.0,0.0,1.0,0.0,1.0,0.0,1.0,0.0,0.2885795523517156,12.7431,19.0397,49526.42192255746,991.27589134,1343.6487759,6
186,186,-218945.5127,0.7,0.8,1,40,1.0,2,1,0,0,1,1,1,0,1,1,0,71.87416602349178,54.91537996654031,32.121959934510365,839.2138231218887,1.0,1.0,0.0,0.0,1.0,1.0,1.0,0.0,0.0,10.2217,20.8603,51853.24537719462,1134.9158636145,1292.8847401,2
187,187,-101201.6586,0.7,0.7,1,40,0.9,2,1,0,0,1,1,1,0,1,1,0,89.00012511899794,70.73962690442929,35.83594086266757,1046.344391353912,0.0,1.0,1.0,0.0,1.0,1.0,1.0,0.0,0.0,8.7827,15.4038,69969.54146830172,1127.9519942917,1208.3543097,4
188,188,-75564.3003,0.7,0.9,1,50,0.9,2,1,0,0,1,1,1,0,1,1,0,82.35894950322644,62.90129508845809,35.50466734006972,1026.0194934735514,0.0,0.0,1.0,0.0,1.0,1.0,1.0,0.0,0.05775081349713868,12.0481,17.7295,65258.42112288217,1215.9713539953,1281.2253952,10
189,189,-39004.4713,0.7,1.0,1,50,0.9,2,1,0,0,1,1,1,0,1,1,0,79.43560447662944,62.4750451187646,35.476518339092536,1208.7802278170843,0.0,1.0,1.0,0.0,1.0,1.0,1.0,0.0,0.11806042147454601,10.7548,17.4329,62338.71202990228,1146.23540033,1235.6495417,4
190,190,-325076.6599,0.8,0.9,1,40,0.9,2,1,0,0,1,1,1,0,1,1,0,77.04536632573684,60.88982941072322,28.518377219841575,720.4210389866483,1.0,1.0,1.0,0.0,0.0,0.0,1.0,0.0,0.0,11.2265,27.0807,49986.27091530479,1409.2303140403,1645.7337073,10
191,191,30862.8086,0.8,0.7,1,50,1.0,2,1,0,0,1,1,1,0,1,1,0,51.55583396956303,32.341751613329706,30.685185543899813,914.7565629692998,0.0,0.0,0.0,0.0,1.0,1.0,0.0,0.0,0.3293544672858117,11.4366,14.3002,31859.173675531223,491.4026535921,1076.5274423,2
192,192,-391000.8878,0.7,1.0,1,30,0.9,2,1,0,0,1,1,1,0,1,1,0,92.94116784016472,72.86597694158746,38.606192062195326,1067.6573485523647,1.0,1.0,1.0,0.0,1.0,1.0,1.0,0.0,0.0,7.3108,20.5699,67483.77839126255,1456.7130110189,1223.5324883,2
193,193,-159276.2478,1.0,0.8,1,50,1.0,2,1,0,0,1,1,1,0,1,1,0,78.73836263237129,58.3075053105008,36.69452948449705,1065.5358242948469,1.0,1.0,1.0,0.0,1.0,1.0,1.0,0.0,0.0,14.0967,21.2204,58336.224544391705,1308.6838960319,1517.5970858,4
194,194,-35349.6048,1.0,1.0,1,40,1.0,2,1,0,0,1,1,1,0,1,1,0,47.78866133519445,28.700121173273264,27.237382334248707,761.0961818928315,0.0,0.0,0.0,0.0,0.0,1.0,1.0,0.0,0.0,9.3387,15.8418,25196.448066455494,429.1112114011,1092.0186129,10
195,195,-106925.8489,0.7,0.8,1,40,1.0,2,1,0,0,1,1,1,0,1,1,0,95.84585260077488,70.6460031744775,38.91677018707792,1038.4713475204242,0.0,1.0,1.0,0.0,1.0,1.0,1.0,0.0,0.0,7.949,16.5984,64864.26307732525,1126.6541134632,1439.651929,6
196,196,-41720.1007,0.7,1.0,1,50,0.9,2,1,0,0,1,1,1,0,1,1,0,103.48457944908395,85.90967965894254,37.736803131924994,1238.4084496349642,1.0,1.0,1.0,0.0,1.0,1.0,1.0,0.0,0.13408422523670288,12.0431,16.7862,85614.78007325453,1500.9210428292,1618.8539848,10
197,197,-202933.6747,0.7,0.7,1,50,1.0,2,1,0,0,1,1,1,0,1,1,0,64.08661926651169,42.69088804554163,26.49438167912705,685.4502240604306,1.0,1.0,1.0,0.0,0.0,1.0,0.0,0.0,0.0,13.4932,29.8273,37376.66713758946,1165.9246727955,1600.027647,6
198,198,-84278.5305,0.8,0.9,1,40,1.0,2,1,0,0,1,1,1,0,1,1,0,58.830554126452846,37.741918059034504,31.032238765821102,935.6456363107711,0.0,0.0,0.0,0.0,1.0,1.0,0.0,0.0,0.0,8.6428,18.4205,32941.502418588425,645.4484800963,1184.4004803,6
199,199,-316944.6654,0.8,0.7,1,40,1.0,2,1,0,0,1,1,1,0,1,1,0,53.99264645175048,35.91537339459997,24.42816602274666,656.1860010571297,1.0,1.0,0.0,0.0,0.0,1.0,0.0,0.0,0.0,12.5579,34.4599,27953.577129574893,1013.6450791939,1611.4819448,10
200,200,-59668.5524,0.9,0.9,1,60,1.0,2,1,0,0,1,1,1,0,1,1,0,62.21239453814222,41.764011959437966,24.250006388558823,659.660708583529,1.0,1.0,0.0,0.0,0.0,1.0,0.0,0.0,0.03014855749857845,13.6404,26.4279,37409.44423678526,1028.7003029378,1522.1639075,8
201,201,-370542.8361,1.0,0.9,1,40,0.9,2,1,0,0,1,1,1,0,1,1,0,73.18332479467938,53.73411098668048,25.139535028589716,692.0475635482209,1.0,1.0,1.0,0.0,0.0,1.0,0.0,0.0,0.0,12.9024,29.9534,43711.000591728865,1355.0258735572,1691.3459311,10
202,202,69414.8682,1.0,0.9,1,60,1.0,2,1,0,0,1,1,1,0,1,1,0,58.88887241580423,37.77941223856784,34.83249580438222,966.0437398936765,0.0,0.0,0.0,0.0,1.0,1.0,1.0,0.0,0.4700594187009796,13.5989,14.5732,40692.84625567966,639.8967779975,1114.0330216,4
203,203,532.5876,0.7,1.0,1,60,1.0,2,1,0,0,1,1,1,0,1,1,0,70.36254453612031,51.3622917078424,23.846129246739377,511.5676372195334,1.0,1.0,1.0,0.0,0.0,0.0,0.0,0.0,0.18438362282207155,10.528,23.5501,51877.10302268297,1263.4581756358,1292.126964,2
204,204,-78061.4925,0.7,1.0,1,50,0.9,2,1,0,0,1,1,1,0,1,1,0,78.98229664198442,59.11405450195241,29.94207106295788,752.7887653305529,1.0,1.0,1.0,0.0,1.0,0.0,0.0,0.0,0.01151715451001064,12.6826,20.018,54457.45541004835,1132.6398769097,1516.3268264,8
205,205,-223067.8634,1.0,0.8,1,50,0.9,2,1,0,0,1,1,1,0,1,1,0,92.78927932977476,74.30640279629166,38.686313123651,1231.909513354844,1.0,1.0,1.0,0.0,1.0,1.0,1.0,0.0,0.0,14.5343,20.9699,76686.96169408041,1693.0885842504,1615.2272154,10
206,206,82912.3889,0.8,0.8,1,60,1.0,2,1,0,0,1,1,1,0,1,1,0,42.65789717438397,22.23217719124155,23.833988178978082,522.8108380721883,0.0,0.0,0.0,0.0,0.0,0.0,1.0,0.0,0.6507000798850506,10.0949,16.6513,20633.723825232868,370.3899413233,1031.1814088,6
207,207,-85775.7791,0.8,0.9,1,50,0.9,2,1,0,0,1,1,1,0,1,1,0,93.95580437364977,73.21278627441858,31.566172411149363,754.947812388122,1.0,1.0,1.0,0.0,1.0,0.0,0.0,0.0,0.021171106525994837,10.2078,21.0319,66437.40301829888,1443.1226502013,1605.3793996,10
208,208,-370963.6704,0.9,0.9,1,40,0.9,2,1,0,0,1,1,1,0,1,1,0,74.16922257802803,53.48743295677207,35.28432697222317,1051.11043055582,1.0,0.0,1.0,0.0,1.0,1.0,1.0,0.0,0.0,9.1314,30.4459,45985.46142065535,1478.8778559549,1261.5837518,4
209,209,-148498.622,0.9,0.7,1,40,1.0,2,1,0,0,1,1,1,0,1,1,0,70.0948800315655,50.383194312951744,29.36598739161709,829.739070012045,1.0,1.0,0.0,0.0,0.0,1.0,1.0,0.0,0.0,10.1566,19.4592,46282.60625922085,941.427731739,1354.225122,4
210,210,-55373.3775,0.9,0.7,1,50,1.0,2,1,0,0,1,1,1,0,1,1,0,77.18416164460177,55.55851516076487,34.523983615354815,1017.5171148257248,1.0,1.0,0.0,0.0,1.0,0.0,1.0,0.0,0.059411537853374746,9.1292,19.8533,53295.17107772262,1114.0821116538,1297.8686786,2
211,211,64807.181,0.8,0.8,1,60,1.0,2,1,0,0,1,1,1,0,1,1,0,89.96969321411373,69.26647955228262,36.62592348097705,1049.2454166563587,1.0,1.0,1.0,0.0,1.0,0.0,1.0,0.0,0.34425819680837066,15.1479,17.5913,68888.36864591745,1270.3603302527,1788.6517697,10
212,212,28234.4817,1.0,0.7,1,50,1.0,2,1,0,0,1,1,1,0,1,1,0,48.96742535742242,29.95085332552178,24.457156940102376,611.9883617487939,0.0,0.0,0.0,0.0,0.0,1.0,0.0,0.0,0.27812477978534705,8.9201,18.2463,25486.426975298647,493.8476295997,1218.6847193,10
213,213,-451544.2486,1.0,0.9,1,30,1.0,2,1,0,0,1,1,1,0,1,1,0,92.86245853393115,73.34165798580302,38.595837119817425,1068.7785303864193,1.0,1.0,1.0,0.0,1.0,1.0,1.0,0.0,0.0,9.2625,23.1647,59925.79871856216,1458.755096253,1691.9237781,8
214,214,-325957.3412,0.7,0.9,1,30,1.0,2,1,0,0,1,1,1,0,1,1,0,66.89240711164369,49.865784712913765,27.89887236208785,727.3284142206677,0.0,1.0,1.0,0.0,1.0,0.0,0.0,0.0,0.0,10.1376,22.9997,41888.27621488035,1008.0013474231,1423.7520457,6
215,215,-157414.8264,0.9,1.0,1,30,0.9,2,1,0,0,1,1,1,0,1,1,0,52.2633492809137,35.518764115163265,31.267046799903532,970.3519351906161,0.0,0.0,0.0,0.0,1.0,1.0,1.0,0.0,0.0,8.4157,17.0221,30485.589086060907,558.2329543043,950.7979136,4
216,216,-85329.3498,0.9,0.7,1,50,0.9,2,1,0,0,1,1,1,0,1,1,0,79.35935263442134,57.73452738015001,34.8663922424262,840.0637225696456,0.0,1.0,1.0,0.0,1.0,1.0,1.0,0.0,0.02664475544280715,11.1354,18.6543,60165.600862431675,1179.056227798,1184.5225103,4
217,217,-85475.0781,1.0,0.9,1,40,1.0,2,1,0,0,1,1,1,0,1,1,0,54.85276651066785,37.057256995173645,32.50630443081503,1134.5135138243622,0.0,0.0,0.0,0.0,1.0,1.0,1.0,0.0,0.0,10.9391,16.0067,34379.26665153349,593.2926629002,1136.9133056,2
218,218,-117473.3295,0.9,0.9,1,50,1.0,2,1,0,0,1,1,1,0,1,1,0,68.59638308227463,48.10412060112648,28.314171796290577,617.4738167973092,0.0,1.0,1.0,0.0,1.0,0.0,0.0,0.0,0.0,10.6897,23.7034,45591.76881844687,1128.1243485358,1322.7153435,4
219,219,-201191.2278,0.7,0.7,1,40,0.9,2,1,0,0,1,1,1,0,1,1,0,83.44709710540485,65.66088066700414,33.044663632178406,899.1612751987471,1.0,1.0,1.0,0.0,1.0,1.0,0.0,0.0,0.0,8.4056,20.2452,63167.760561652176,1334.220065398,1186.8494561,2
220,220,-362475.5276,0.8,1.0,1,30,1.0,2,1,0,0,1,1,1,0,1,1,0,63.072810430340404,44.772899274608136,31.27464213715156,810.6457685025727,0.0,1.0,0.0,0.0,1.0,1.0,1.0,0.0,0.0,9.1834,24.1154,39710.22811789306,1010.1245227417,1202.3665636,2
221,221,-51065.1734,1.0,0.7,1,50,1.0,2,1,0,0,1,1,1,0,1,1,0,70.68039911411664,53.206635997346766,31.289290352514374,866.7961717069121,1.0,1.0,0.0,0.0,1.0,1.0,0.0,0.0,0.0453797768777277,11.5662,20.2721,45433.779841680764,967.1796272717,1568.244687,10
222,222,-36699.9127,0.8,0.9,1,60,0.9,2,1,0,0,1,1,1,0,1,1,0,90.58623371829734,70.22679115998098,36.750626032965094,1068.984746481221,1.0,1.0,1.0,0.0,1.0,1.0,1.0,0.0,0.1461415363096984,9.7447,21.9986,71934.58373779074,1659.467979192,1228.6783513,2
223,223,-264256.7227,0.9,0.7,1,40,0.9,2,1,0,0,1,1,1,0,1,1,0,80.28706020232431,61.1632039836802,33.60347309535775,907.7955196098848,1.0,0.0,1.0,0.0,1.0,0.0,1.0,0.0,0.0,8.8354,23.3317,57059.89479783251,1392.2843619046,1224.7443619,4
224,224,-58854.2139,1.0,0.8,1,40,0.9,2,1,0,0,1,1,1,0,1,1,0,46.239923924318354,27.464044467442548,26.193595913156486,763.7039646237187,0.0,0.0,0.0,0.0,0.0,1.0,1.0,0.0,0.0,8.7754,17.5896,25201.284593159995,476.1195804829,893.0224169,2
225,225,-133194.8665,0.8,0.7,1,50,1.0,2,1,0,0,1,1,1,0,1,1,0,69.22436425514081,52.716135975097124,33.08893463363091,1023.6395141736047,1.0,0.0,0.0,0.0,1.0,1.0,1.0,0.0,0.0,12.221,21.1441,51714.77624611343,1156.0215968359,1307.0709849,4
226,226,-131526.9423,0.8,0.8,1,40,1.0,2,1,0,0,1,1,1,0,1,1,0,67.6953848836802,47.108168102586795,29.88629908434976,687.2777694574252,0.0,0.0,1.0,0.0,0.0,1.0,1.0,0.0,0.0,9.6429,18.895,45775.068795121515,908.1756563615,1199.9151136,2
227,227,-5688.1694,1.0,0.7,1,50,1.0,2,1,0,0,1,1,1,0,1,1,0,45.69364624300143,25.1540370211536,25.791778364842777,633.4091960030134,0.0,0.0,0.0,0.0,0.0,1.0,1.0,0.0,0.14373835764112766,9.9959,18.6743,22575.930875162652,453.3446205644,1055.6732581,6
228,228,-114188.3991,0.8,0.7,1,40,1.0,2,1,0,0,1,1,1,0,1,1,0,71.21243760275671,53.89536149901146,30.825623294343103,804.7082944718576,0.0,1.0,1.0,0.0,1.0,0.0,0.0,0.0,0.0,10.0655,17.6683,50630.74132749434,937.1391636766,1329.2681926,4
229,229,-4242.8824,0.7,0.9,1,50,1.0,2,1,0,0,1,1,1,0,1,1,0,99.42241937181655,75.11967041188761,33.57521233330462,714.7336816299188,1.0,1.0,1.0,0.0,0.0,0.0,1.0,0.0,0.17799155927501922,8.3349,18.6433,73920.30935691661,1426.2217654334,1434.3139738,4
230,230,63418.4457,1.0,0.7,1,60,0.9,2,1,0,0,1,1,1,0,1,1,0,56.784117760551794,36.69952800716486,33.61554698155216,968.0214613728416,0.0,0.0,0.0,0.0,1.0,1.0,1.0,0.0,0.4472743686448304,10.9534,15.4486,38311.0027679826,638.3076757094,945.6647988,2
231,231,-157647.0091,1.0,0.9,1,50,1.0,2,1,0,0,1,1,1,0,1,1,0,68.80108968065164,48.60582254984534,25.090221102178408,674.0270056090449,1.0,0.0,1.0,0.0,0.0,1.0,0.0,0.0,0.0,12.701,25.2585,45207.37783757385,1184.5957121528,1498.5047996,6
232,232,22501.3438,1.0,1.0,1,60,0.9,2,1,0,0,1,1,1,0,1,1,0,74.42469199327687,56.20478820962609,28.990291361947875,846.2194547861706,1.0,0.0,1.0,0.0,0.0,1.0,1.0,0.0,0.2545292944902947,13.0125,20.0086,55726.03816275762,1160.2636912233,1333.3931582,6
233,233,-216657.792,0.8,0.9,1,50,0.9,2,1,0,0,1,1,1,0,1,1,0,80.63276524478204,61.517030641302554,29.856688011983067,863.6185899272804,1.0,1.0,1.0,0.0,0.0,1.0,1.0,0.0,0.0,12.7664,25.613,56341.828667262205,1497.637792122,1551.8549039,8
234,234,-162444.171,0.7,0.8,1,50,1.0,2,1,0,0,1,1,1,0,1,1,0,75.42841963948246,56.51299770997126,32.76675473311741,897.6702051096821,0.0,1.0,1.0,0.0,1.0,0.0,1.0,0.0,0.0,12.2281,24.325,50487.60366505034,1285.8293154643,1583.5374302,10
235,235,-230813.6586,0.7,0.7,1,50,0.9,2,1,0,0,1,1,1,0,1,1,0,82.87931632500968,63.33120268530652,32.28492424673197,897.6019540007305,1.0,1.0,1.0,0.0,1.0,1.0,0.0,0.0,0.0,12.6773,26.2896,55436.66074125429,1517.0964003967,1640.8147845,10
236,236,-266720.5757,1.0,0.9,1,30,1.0,2,1,0,0,1,1,1,0,1,1,0,59.79665400962351,41.482371263375455,31.837092787552514,995.522212108035,0.0,0.0,0.0,0.0,1.0,1.0,1.0,0.0,0.0,9.4493,20.4735,36482.532521819754,793.8015897241,1196.9339187,4
237,237,-461521.9944,0.8,0.7,1,40,1.0,2,1,0,0,1,1,1,0,1,1,0,73.57365141739628,55.14558119104289,33.60243850092148,1068.2659011214037,1.0,1.0,1.0,0.0,1.0,1.0,1.0,0.0,0.0,11.0087,31.1978,49871.18813920732,1637.14947323,1423.0291889,2
238,238,39273.5399,0.7,1.0,1,50,1.0,2,1,0,0,1,1,1,0,1,1,0,44.632345499129414,25.45649269235815,26.321481453698297,652.483806347552,0.0,0.0,0.0,0.0,1.0,0.0,0.0,0.0,0.3965829206555674,10.6209,14.4133,24074.365213377496,374.3751320565,1029.9743792,4
239,239,47429.951,0.9,0.9,1,60,1.0,2,1,0,0,1,1,1,0,1,1,0,78.57884507929874,59.250570213149416,32.55060920549835,879.1829288644445,1.0,0.0,1.0,0.0,1.0,1.0,0.0,0.0,0.3273582355915416,16.292,17.5562,58992.26694289139,1083.1039931985,1670.7323611,10
240,240,92250.1597,0.7,0.8,1,60,1.0,2,1,0,0,1,1,1,0,1,1,0,46.87093187442727,28.3451431158607,27.06197787402125,632.8904436916607,0.0,0.0,0.0,0.0,0.0,1.0,1.0,0.0,0.6360164186681704,12.1649,14.8529,28412.96272385089,454.3458178761,1033.1130548,2
241,241,-278959.0589,1.0,0.7,1,30,0.9,2,1,0,0,1,1,1,0,1,1,0,69.6384149845599,47.62824169027888,31.403296378668376,711.384639186398,0.0,0.0,1.0,0.0,1.0,0.0,1.0,0.0,0.0,7.9209,22.6241,40220.911929488204,956.0250300144,1152.3845494,6
242,242,-329861.3402,0.9,0.7,1,40,1.0,2,1,0,0,1,1,1,0,1,1,0,83.3813271073995,64.49361822430937,32.91497104048234,897.5399182497366,1.0,1.0,1.0,0.0,1.0,1.0,0.0,0.0,0.0,10.6488,23.9137,60899.23057587027,1518.633672587,1481.4239372,4
243,243,52133.541,1.0,0.9,1,60,1.0,2,1,0,0,1,1,1,0,1,1,0,70.34014479825055,47.816673581082114,30.864216830425732,814.9931777621215,0.0,0.0,1.0,0.0,0.0,1.0,1.0,0.0,0.35191426300074363,13.9399,18.435,47919.34782319837,927.8468324231,1401.896467,8
244,244,-197034.5157,0.7,0.8,1,30,1.0,2,1,0,0,1,1,1,0,1,1,0,59.603668435886135,38.42261722581083,32.503550918972785,781.4021731219187,0.0,0.0,0.0,0.0,0.0,1.0,1.0,0.0,0.0,9.0971,18.0442,34205.609791332354,657.940051203,1146.3869773,6
245,245,-208981.5836,0.9,0.8,1,40,0.9,2,1,0,0,1,1,1,0,1,1,0,68.71424511206462,48.77232337069889,32.28960995416775,874.4098575558149,1.0,0.0,0.0,0.0,1.0,0.0,1.0,0.0,0.0,8.5706,23.9699,42035.25025033335,1061.6652175906,1190.5956832,8
246,246,-113207.5548,0.8,1.0,1,40,1.0,2,1,0,0,1,1,1,0,1,1,0,54.928119854299965,35.34462320783827,32.409938888954734,968.7382707451694,0.0,0.0,0.0,0.0,1.0,1.0,1.0,0.0,0.0,10.2649,18.566,31855.85711406054,636.3128975746,1124.4290176,8
247,247,16940.5792,0.8,0.7,1,50,0.9,2,1,0,0,1,1,1,0,1,1,0,50.36508240294801,28.612174718862374,28.292510509368995,759.3697521803936,0.0,0.0,0.0,0.0,0.0,1.0,1.0,0.0,0.27609769375629833,9.9114,15.7508,28172.39189105644,477.2947513867,908.9281475,6
248,248,-131233.7593,0.7,0.7,1,40,0.9,2,1,0,0,1,1,1,0,1,1,0,73.61158676880568,54.051302604188564,32.636712039533904,892.419381262627,1.0,1.0,0.0,0.0,1.0,0.0,1.0,0.0,0.0,8.0255,18.6433,50873.83470820165,995.9185830906,1105.0934054,2
249,249,111422.5843,0.7,0.9,1,60,1.0,2,1,0,0,1,1,1,0,1,1,0,103.54807472740117,84.03268791136719,37.50279471420682,1072.3774261544072,1.0,1.0,1.0,0.0,1.0,1.0,1.0,0.0,0.41732774175740606,14.2621,16.2092,86792.72356973312,1468.3527049963,1791.296466,10
250,250,-54065.1312,1.0,0.9,1,40,1.0,2,1,0,0,1,1,1,0,1,1,0,45.24897906400597,27.560824257202047,25.725040564339267,763.4415592275302,0.0,0.0,0.0,0.0,0.0,1.0,1.0,0.0,0.0,10.2431,16.9519,24554.381271486618,446.4459935235,1066.9212956,4
251,251,-242841.4026,0.8,0.8,1,40,1.0,2,1,0,0,1,1,1,0,1,1,0,60.14396656577783,41.16712092152545,26.259306724771363,669.9934016092137,1.0,0.0,1.0,0.0,0.0,1.0,0.0,0.0,0.0,11.135,28.5766,34193.648470910455,1027.5495275116,1493.3474483,6
252,252,-33311.5876,1.0,0.9,1,50,1.0,2,1,0,0,1,1,1,0,1,1,0,93.166386421998,71.32666972624816,30.02241457136299,624.4787557059805,1.0,1.0,1.0,0.0,0.0,0.0,1.0,0.0,0.1184969215208743,8.8398,19.5533,69948.9882969269,1412.4185676214,1440.6742304,4
253,253,-51361.6901,0.8,0.7,1,40,0.9,2,1,0,0,1,1,1,0,1,1,0,49.3750892139835,30.93799682420521,29.16362269569985,826.5293839484966,0.0,0.0,0.0,0.0,1.0,0.0,1.0,0.0,0.0,8.6123,16.4195,27494.898116909,485.531762704,935.5579418,10
254,254,-92329.8088,0.9,1.0,1,50,0.9,2,1,0,0,1,1,1,0,1,1,0,70.93591683922621,50.07188277621894,29.178154933848578,591.729153464959,0.0,1.0,1.0,0.0,0.0,0.0,1.0,0.0,0.0,11.1183,23.0597,46186.77328061126,1113.8863364862,1313.5994555,8
255,255,-224987.5271,0.8,1.0,1,40,1.0,2,1,0,0,1,1,1,0,1,1,0,77.90807601717252,59.370597147312445,35.57476969122366,1036.3864586796165,1.0,1.0,0.0,0.0,1.0,1.0,1.0,0.0,0.0,9.8186,22.0617,50446.089899253035,1174.2299291935,1497.2733314,8
256,256,-50527.6879,0.8,0.8,1,40,0.9,2,1,0,0,1,1,1,0,1,1,0,49.802153999094,29.18105310720724,29.187883481818155,795.8436562033114,0.0,0.0,0.0,0.0,1.0,1.0,0.0,0.0,0.0,7.4919,17.4086,24932.536979470453,468.0870772833,926.3769593,10
257,257,109259.0818,0.8,0.8,1,60,1.0,2,1,0,0,1,1,1,0,1,1,0,51.245406423776906,31.949111506015452,30.49742881190158,656.768048412865,0.0,0.0,0.0,0.0,1.0,0.0,1.0,0.0,0.7224984223535691,11.8312,13.5074,31636.972016597974,461.0155992368,1067.398611,10
258,258,-153439.5958,0.9,0.7,1,50,1.0,2,1,0,0,1,1,1,0,1,1,0,85.24392355153095,58.599581711056956,38.5313766862707,1029.9507910565349,1.0,1.0,0.0,0.0,1.0,1.0,1.0,0.0,0.0,12.3669,20.1023,62551.635294842534,1329.2359567074,1369.9468729,4
259,259,-381525.6798,1.0,1.0,1,30,0.9,2,1,0,0,1,1,1,0,1,1,0,81.1833343186612,59.45096754604802,36.226730481890385,984.7210023633293,0.0,1.0,1.0,0.0,1.0,1.0,0.0,0.0,0.0,8.0207,24.0288,50196.86506362831,1269.9051090442,1311.2749075,8
260,260,-27530.2991,0.7,0.8,1,60,0.9,2,1,0,0,1,1,1,0,1,1,0,89.35155330637696,69.58231147965043,36.122334968970456,1069.2772569950791,1.0,1.0,1.0,0.0,1.0,1.0,1.0,0.0,0.16426168169940888,15.392,19.3471,71413.66516254096,1448.555767674,1632.8231426,10
261,261,-279171.6995,0.7,1.0,1,30,0.9,2,1,0,0,1,1,1,0,1,1,0,80.7978899958004,61.15466744473912,30.55383800800828,733.8671291989983,0.0,1.0,1.0,0.0,1.0,1.0,0.0,0.0,0.0,7.6329,19.1817,54372.61295352116,1084.2246627835,1242.801309,6
262,262,-124315.2531,0.8,1.0,1,40,1.0,2,1,0,0,1,1,1,0,1,1,0,69.70835471668562,48.524033628474385,31.550087826428047,850.8879591240104,0.0,0.0,1.0,0.0,1.0,1.0,0.0,0.0,0.0,10.1302,18.2093,45625.06611017369,872.8761844544,1283.498458,4
263,263,59902.7713,0.9,0.7,1,60,0.9,2,1,0,0,1,1,1,0,1,1,0,81.8528342168527,64.1923624551128,31.16246549122515,862.3604936007596,1.0,1.0,1.0,0.0,0.0,1.0,1.0,0.0,0.32080440332506377,11.0788,19.6659,63877.44615973395,1307.6939848464,1302.6610072,4
264,264,110359.4075,1.0,0.9,1,60,0.9,2,1,0,0,1,1,1,0,1,1,0,43.14475679091522,24.789328721742017,24.57698537636522,618.8391905643742,0.0,0.0,0.0,0.0,0.0,0.0,1.0,0.0,0.8085810518521354,9.7115,14.5683,24450.68858383289,383.9338953436,855.0079021,2
265,265,-49247.5303,0.9,0.8,1,40,1.0,2,1,0,0,1,1,1,0,1,1,0,46.895298583137965,27.988889058115802,26.699034748657482,761.7099599986099,0.0,0.0,0.0,0.0,0.0,1.0,1.0,0.0,0.0,9.5818,16.9104,24531.68380348826,445.5421728043,1084.473028,8
266,266,-123784.7861,0.7,0.7,1,40,0.9,2,1,0,0,1,1,1,0,1,1,0,66.27854306615865,48.11825700748925,26.273420881059806,692.5836882474041,0.0,1.0,1.0,0.0,0.0,0.0,1.0,0.0,0.0,9.4174,19.3655,44718.390095364484,902.7618248943,1165.3080298,4
267,267,-179892.1647,0.7,0.7,1,50,0.9,2,1,0,0,1,1,1,0,1,1,0,81.94402948074811,61.766460997252864,30.465074942727174,861.839602836895,1.0,1.0,1.0,0.0,0.0,1.0,1.0,0.0,0.0,11.1128,23.5103,61306.573536485615,1496.0989539699,1307.0157288,4
268,268,70266.5084,0.8,0.9,1,60,0.9,2,1,0,0,1,1,1,0,1,1,0,81.33330128491929,63.09182092910157,32.72657980941025,896.0161472093707,1.0,1.0,0.0,0.0,1.0,0.0,1.0,0.0,0.34681209263549373,11.3532,18.3975,64812.94941828435,1248.5962266898,1237.6360604,6
269,269,73003.0543,0.9,0.7,1,60,1.0,2,1,0,0,1,1,1,0,1,1,0,56.86584254690085,36.33356210183438,33.49626264145667,967.8580517688056,0.0,0.0,0.0,0.0,1.0,1.0,1.0,0.0,0.5019192732535912,14.1326,14.0979,39041.15969128649,593.0720835403,1111.2813956,2
270,270,-47882.1318,0.8,0.7,1,60,0.9,2,1,0,0,1,1,1,0,1,1,0,76.86951045778133,56.75680785434341,27.58550214244684,689.916396834041,1.0,1.0,1.0,0.0,0.0,1.0,0.0,0.0,0.0942162341740705,13.7509,24.4803,53460.481921787985,1357.2620095298,1533.5306955,8
271,271,-334123.5314,1.0,0.8,1,30,1.0,2,1,0,0,1,1,1,0,1,1,0,86.87258772162498,68.14132267709782,34.57041423121113,843.7147642308812,0.0,1.0,1.0,0.0,1.0,1.0,1.0,0.0,0.0,8.8428,19.6135,58222.605219049336,1191.7556884988,1567.4847495,10
272,272,-183863.3063,1.0,0.7,1,40,1.0,2,1,0,0,1,1,1,0,1,1,0,80.93121456744085,62.160321765007495,34.12459622648685,907.3749853590929,1.0,0.0,1.0,0.0,1.0,0.0,1.0,0.0,0.0,10.714,20.2371,52610.97644842196,1115.8369088641,1652.8936266,10
273,273,-111214.5503,0.8,0.7,1,40,1.0,2,1,0,0,1,1,1,0,1,1,0,55.4286863646646,35.33892399453122,32.57855232757446,969.8377028414982,0.0,0.0,0.0,0.0,1.0,1.0,1.0,0.0,0.0,10.1688,18.5219,32060.56976224732,638.6216089797,1120.4080177,6
274,274,85715.4911,0.8,0.7,1,50,1.0,2,1,0,0,1,1,1,0,1,1,0,38.30283754494468,21.166648811387635,22.080464631911383,446.3815020780204,0.0,0.0,0.0,0.0,0.0,0.0,0.0,0.0,0.8158431049612955,9.3443,11.3796,20181.87938507669,248.3824122328,979.8468247,4
275,275,-91241.647,0.7,0.9,1,50,1.0,2,1,0,0,1,1,1,0,1,1,0,61.78837102831677,42.509474354454746,23.495415802763908,517.9630241211089,0.0,1.0,1.0,0.0,0.0,0.0,0.0,0.0,0.0,12.2298,23.51,40189.59323966778,984.1992148784,1409.4522125,6
276,276,-129031.1183,0.9,1.0,1,50,1.0,2,1,0,0,1,1,1,0,1,1,0,74.6889671587224,53.558652636175026,31.99546562160898,868.0668285736521,0.0,1.0,1.0,0.0,1.0,1.0,0.0,0.0,0.0,10.5645,22.2104,53287.024701141396,1238.2808580327,1280.6633953,2
277,277,-245873.2255,1.0,0.8,1,40,0.9,2,1,0,0,1,1,1,0,1,1,0,80.4956282729826,59.68792499370416,29.91307132612401,716.1531883874435,1.0,1.0,1.0,0.0,0.0,0.0,1.0,0.0,0.0,7.9232,23.4348,57769.651820442516,1407.1478003684,1151.5485246,2
278,278,-235467.2098,0.7,0.7,1,40,0.9,2,1,0,0,1,1,1,0,1,1,0,66.8402130708928,49.024801827370844,29.056520812013492,720.4163011443941,1.0,1.0,0.0,0.0,1.0,0.0,0.0,0.0,0.0,10.0576,24.57,42450.970729693574,1092.227787662,1298.8176937,8
279,279,-185875.5881,0.7,1.0,1,40,1.0,2,1,0,0,1,1,1,0,1,1,0,69.29411457402566,48.50070153133457,27.92460197041361,659.8692566402166,0.0,1.0,1.0,0.0,0.0,1.0,0.0,0.0,0.0,9.5052,21.6161,47761.87516348221,1078.5064733011,1233.5413229,2
280,280,-24227.0995,1.0,0.9,1,50,1.0,2,1,0,0,1,1,1,0,1,1,0,55.98730241919962,36.53837907658482,33.17592627037029,967.8085975737818,0.0,0.0,0.0,0.0,1.0,1.0,1.0,0.0,0.1157236517120672,11.7606,16.5765,35659.34446922294,637.0073897371,1123.3978215,8
281,281,-152133.0487,0.8,0.9,1,50,0.9,2,1,0,0,1,1,1,0,1,1,0,84.38135034019857,66.68740235222792,33.461257014294944,872.893900497678,1.0,1.0,1.0,0.0,1.0,1.0,1.0,0.0,0.0,13.7702,19.6216,69196.90033909168,1418.0530298856,1423.0785855,6
282,282,13209.3344,0.8,0.7,1,60,0.9,2,1,0,0,1,1,1,0,1,1,0,73.10821665145784,53.02494704379018,30.13806121760677,835.8712002946319,0.0,1.0,1.0,0.0,0.0,1.0,1.0,0.0,0.23352041853949915,10.6721,21.3014,54721.77959766031,1220.2439519978,1103.5664601,2
283,283,-250525.1197,0.9,0.7,1,40,1.0,2,1,0,0,1,1,1,0,1,1,0,70.0518266593356,51.84813668362044,30.645211513160636,866.1530060639186,1.0,1.0,0.0,0.0,1.0,1.0,0.0,0.0,0.0,10.14,22.6523,49980.94742230476,1186.594481009,1276.0309087,2
284,284,-562394.0438,0.8,0.9,1,30,0.9,2,1,0,0,1,1,1,0,1,1,0,84.3497049756199,67.41685831841541,33.74353675273597,871.235565048125,1.0,1.0,1.0,0.0,1.0,1.0,1.0,0.0,0.0,9.4957,28.878,53788.45813996265,1622.0785687771,1524.9547822,8
285,285,-182635.1478,1.0,0.9,1,40,1.0,2,1,0,0,1,1,1,0,1,1,0,83.32324551789256,63.64285976068945,37.537943094923065,1205.1941406129308,0.0,1.0,1.0,0.0,1.0,1.0,1.0,0.0,0.0,9.4102,20.5198,52935.51157086615,1146.709108658,1595.4100067,10
286,286,-156045.1814,0.8,0.9,1,50,1.0,2,1,0,0,1,1,1,0,1,1,0,85.6592403264747,65.7618029532814,33.87013873037738,925.491883807598,1.0,1.0,1.0,0.0,1.0,0.0,1.0,0.0,0.0,13.2073,22.4412,58636.39760947859,1372.4273398009,1811.7097847,10
287,287,-81028.0616,0.7,0.8,1,30,0.9,2,1,0,0,1,1,1,0,1,1,0,42.09763601473734,24.40063437055675,23.991925415838203,617.7942755656073,0.0,0.0,0.0,0.0,0.0,0.0,1.0,0.0,0.0,8.2537,14.7497,22926.92861710053,363.2785769239,867.4360149,4
288,288,-5263.1807,1.0,0.8,1,50,1.0,2,1,0,0,1,1,1,0,1,1,0,69.68353258125269,49.42714444172236,32.996400084820365,874.0266605447498,1.0,0.0,0.0,0.0,1.0,0.0,1.0,0.0,0.18137066159473655,10.4543,16.8117,49140.51846848605,872.1549801026,1222.3330253,2
289,289,-729.8468,1.0,0.9,1,50,0.9,2,1,0,0,1,1,1,0,1,1,0,51.601837886850035,31.970972978716116,25.95596975076068,640.1225038119618,0.0,0.0,0.0,0.0,0.0,0.0,1.0,0.0,0.17088172231916685,7.7195,19.4872,30031.66006592181,621.0858873608,921.8724478,2
290,290,-145758.6094,1.0,1.0,1,60,1.0,2,1,0,0,1,1,1,0,1,1,0,54.406108229023324,36.340201272264125,24.54903551081873,685.7272212088749,1.0,1.0,0.0,0.0,0.0,0.0,1.0,0.0,0.0,15.6222,32.9057,30727.30683739249,1061.690439219,1620.7770205,10
291,291,-413262.0036,0.8,1.0,1,30,0.9,2,1,0,0,1,1,1,0,1,1,0,82.39458769032072,63.699860805994035,31.277801895073537,862.8384620847933,1.0,1.0,1.0,0.0,0.0,1.0,1.0,0.0,0.0,9.7299,24.0095,52423.345085910885,1311.4088275464,1534.8649404,8
292,292,-84524.6291,1.0,1.0,1,40,1.0,2,1,0,0,1,1,1,0,1,1,0,53.454961451838486,34.71029556753214,31.55804205277292,971.849057775165,0.0,0.0,0.0,0.0,1.0,1.0,1.0,0.0,0.0,10.4268,17.0907,30820.061661633223,566.046026127,1131.8617075,10
293,293,92252.7134,0.8,0.9,1,60,0.9,2,1,0,0,1,1,1,0,1,1,0,50.56321340254095,29.437061117581624,29.64314270530821,654.6648601231307,0.0,0.0,0.0,0.0,1.0,0.0,1.0,0.0,0.6629817471392427,11.2644,13.5308,31144.248213847233,454.4481781714,882.6136804,2
294,294,-195807.476,1.0,0.8,1,40,1.0,2,1,0,0,1,1,1,0,1,1,0,100.43154551491749,81.13783836580055,35.88491768665233,1017.6396683200416,1.0,1.0,1.0,0.0,1.0,1.0,0.0,0.0,0.0,7.6246,18.9909,78943.12000899759,1559.9454497762,1378.7566013,2
295,295,-104584.8698,1.0,0.8,1,40,1.0,2,1,0,0,1,1,1,0,1,1,0,54.10496038147231,37.244238636852245,32.530354048425984,969.1328828536097,0.0,0.0,0.0,0.0,1.0,1.0,1.0,0.0,0.0,11.0927,16.9612,34718.65984793556,634.0593628749,1114.9854947,4
296,296,-278181.9475,1.0,0.9,1,30,0.9,2,1,0,0,1,1,1,0,1,1,0,68.65631030365378,48.73447702074449,31.248410832069297,851.4801509140054,0.0,0.0,1.0,0.0,1.0,1.0,0.0,0.0,0.0,8.0809,22.7991,39471.15897280107,945.9444847965,1226.0941557,8
297,297,-177815.7656,1.0,0.9,1,30,1.0,2,1,0,0,1,1,1,0,1,1,0,58.92285808296981,38.70999969288094,34.87849185954156,1130.6836823124895,0.0,0.0,0.0,0.0,1.0,1.0,1.0,0.0,0.0,9.4923,16.2015,35510.4287339248,620.8532522151,1145.7078434,8
298,298,-1898.9119,0.7,0.7,1,50,1.0,2,1,0,0,1,1,1,0,1,1,0,57.07990942478543,38.20514653149907,33.7589297355842,1133.164672954217,0.0,0.0,0.0,0.0,1.0,1.0,1.0,0.0,0.19539356488943754,11.7037,15.3264,37616.18003820334,622.3457597983,1136.818397,2
299,299,-49675.1093,0.7,1.0,1,40,0.9,2,1,0,0,1,1,1,0,1,1,0,58.57862989545639,38.02449310398398,34.7518683483771,965.8814143108937,0.0,0.0,0.0,0.0,1.0,1.0,1.0,0.0,0.007893373898597069,9.3794,13.9033,37592.79343359361,564.4290009502,954.7391948,8
300,300,-108440.3747,1.0,0.7,1,50,0.9,2,1,0,0,1,1,1,0,1,1,0,75.27367296715008,57.24151228481303,26.822240314634243,720.495160924366,1.0,1.0,1.0,0.0,0.0,0.0,1.0,0.0,0.0,11.9066,22.0144,53707.19151820217,1225.2142802982,1416.6099554,6
301,301,61302.7042,1.0,0.9,1,60,0.9,2,1,0,0,1,1,1,0,1,1,0,51.02237848374822,32.74776921345126,30.316800857441727,769.2427388515346,0.0,0.0,0.0,0.0,1.0,1.0,1.0,0.0,0.46763770481076755,12.1585,14.8943,34469.58661608541,552.1083938741,918.0324729,4
302,302,66172.6667,0.7,0.8,1,60,1.0,2,1,0,0,1,1,1,0,1,1,0,47.6053102407844,26.56133944241062,26.63067687746301,762.0905754261817,0.0,0.0,0.0,0.0,0.0,1.0,1.0,0.0,0.5217293418273343,13.1636,15.782,26281.226556769,445.8543972486,1075.8819708,6
303,303,46.7049,0.8,0.8,1,50,1.0,2,1,0,0,1,1,1,0,1,1,0,57.81056038719738,39.31875698031722,30.868058155167247,938.4443819570159,0.0,0.0,0.0,0.0,1.0,1.0,0.0,0.0,0.17695279270886313,9.6735,17.9514,36087.2081086087,689.7161404701,1165.4026524,4
304,304,27795.4594,0.8,0.9,1,50,0.9,2,1,0,0,1,1,1,0,1,1,0,60.1496125178417,37.93181781865378,35.433450599567124,963.8938159336769,0.0,0.0,0.0,0.0,1.0,1.0,1.0,0.0,0.3351147208962796,10.7353,12.8599,40460.93301131707,561.968156435,949.6455273,6
305,305,-105269.3887,0.9,0.7,1,50,1.0,2,1,0,0,1,1,1,0,1,1,0,80.48727109181831,63.267865019012476,31.233571170162275,760.4368168292247,1.0,1.0,1.0,0.0,1.0,0.0,1.0,0.0,0.0,13.2164,20.5186,56874.50405629052,1213.6733150395,1709.7937148,8
306,306,25955.5859,1.0,0.7,1,50,0.9,2,1,0,0,1,1,1,0,1,1,0,79.26519090000954,60.67679443689944,33.90406179324008,827.8135073941091,0.0,0.0,1.0,0.0,1.0,1.0,1.0,0.0,0.288855812183783,11.6922,14.4972,63147.32343105756,960.072571884,1215.5297598,8
307,307,-483050.1806,0.9,0.9,1,30,1.0,2,1,0,0,1,1,1,0,1,1,0,83.49059327541082,62.67864311624578,31.188127385010695,971.720584718191,1.0,1.0,1.0,0.0,0.0,1.0,1.0,0.0,0.0,9.0612,24.6621,59199.8765005652,1518.2873128398,1387.4521116,2
308,308,-305031.6099,0.8,0.7,1,40,0.9,2,1,0,0,1,1,1,0,1,1,0,75.23420607099496,55.87476402073361,26.741171736310466,689.7163279677793,1.0,1.0,1.0,0.0,0.0,1.0,0.0,0.0,0.0,10.755,26.0742,50075.51334703335,1353.683333821,1407.9338455,6
309,309,-82551.92,1.0,0.7,1,40,1.0,2,1,0,0,1,1,1,0,1,1,0,67.96246732971868,44.98581957881825,30.78768068094348,696.3721988442936,0.0,1.0,0.0,0.0,1.0,1.0,0.0,0.0,0.0,8.6373,17.672,39866.25841612764,740.2213138768,1280.6142706,8
310,310,85083.8842,1.0,0.7,1,60,0.9,2,1,0,0,1,1,1,0,1,1,0,44.60147855938848,20.09207998383056,24.167447362911684,586.2031028045568,0.0,0.0,0.0,0.0,0.0,1.0,0.0,0.0,0.7283591030718106,3.4523,18.9365,15497.377661344071,318.267715198,844.426828,2
311,311,-384445.262,0.8,0.8,1,30,1.0,2,1,0,0,1,1,1,0,1,1,0,74.64638038274563,53.6952071282283,35.77780379503575,1017.7696438748903,1.0,0.0,0.0,0.0,1.0,1.0,1.0,0.0,0.0,8.7962,23.8332,45861.41505364083,1157.1477372269,1378.9797919,8
312,312,88193.5301,0.8,1.0,1,60,0.9,2,1,0,0,1,1,1,0,1,1,0,79.1184641423463,59.53199059059174,36.09570768115245,1034.7837913877313,1.0,1.0,0.0,0.0,1.0,1.0,1.0,0.0,0.4151167175113942,11.9086,16.5638,61303.106127756255,1073.9237561188,1252.6129539,6
313,313,-53284.4107,0.9,0.7,1,60,0.9,2,1,0,0,1,1,1,0,1,1,0,73.27553837458257,54.88086882130405,31.436953395909192,989.3726733309799,0.0,1.0,1.0,0.0,1.0,1.0,0.0,0.0,0.10658188582508515,16.2701,21.2206,56626.68430695807,1259.7865490753,1432.248462,10
314,314,11938.5766,1.0,0.9,1,50,0.9,2,1,0,0,1,1,1,0,1,1,0,51.62507862020869,29.34511633354138,30.007680866307297,794.2466515052829,0.0,0.0,0.0,0.0,1.0,1.0,0.0,0.0,0.2725073255798274,12.7242,13.6567,31928.954783389432,469.7906011857,916.6590819,8
315,315,-368646.5258,0.8,0.9,1,40,0.9,2,1,0,0,1,1,1,0,1,1,0,91.14229757104027,71.33161390762018,37.524981265656265,1067.4233468377934,1.0,1.0,1.0,0.0,1.0,1.0,1.0,0.0,0.0,9.9729,25.3756,62348.9632024768,1658.1586375225,1515.1634147,8
316,316,-461721.6841,0.8,1.0,1,30,1.0,2,1,0,0,1,1,1,0,1,1,0,86.04128701971479,70.62935875951091,34.993784812370116,1073.8665295115466,1.0,1.0,1.0,0.0,1.0,1.0,1.0,0.0,0.0,9.3854,23.1072,60144.41567883783,1456.0154917849,1519.5905212,4
317,317,69785.751,1.0,0.9,1,60,1.0,2,1,0,0,1,1,1,0,1,1,0,48.68201989016304,28.28523686102559,28.376520735002575,656.8295296833553,0.0,0.0,0.0,0.0,1.0,0.0,1.0,0.0,0.5408714903951823,13.0947,14.7076,28695.275758446303,453.8882368728,1046.882531,2
318,318,-14314.2152,0.8,1.0,1,60,1.0,2,1,0,0,1,1,1,0,1,1,0,68.2282724543985,48.11804491525339,34.034812610642085,1008.416219286462,0.0,1.0,0.0,0.0,1.0,1.0,1.0,0.0,0.17879823627203076,14.0428,19.3157,51075.48004290933,1047.764971849,1261.38396,4
319,319,-334543.1636,1.0,0.8,1,30,1.0,2,1,0,0,1,1,1,0,1,1,0,71.46158087373036,53.88037343522164,33.76234512810789,1011.7643479787346,0.0,1.0,0.0,0.0,1.0,1.0,1.0,0.0,0.0,8.3851,21.3015,46809.803768648504,1052.5870086675,1290.2001814,6
320,320,-124502.6727,0.7,0.9,1,50,0.9,2,1,0,0,1,1,1,0,1,1,0,61.89594398441926,46.586959861470504,27.89610639616314,716.5891358778533,0.0,0.0,1.0,0.0,1.0,1.0,0.0,0.0,0.0,11.9549,24.2442,40919.86402643037,1040.1648072825,1293.1402129,10
321,321,-107618.2549,0.9,0.8,1,40,1.0,2,1,0,0,1,1,1,0,1,1,0,53.53651445515074,36.440728563312206,32.035815828625054,971.5506602271558,0.0,0.0,0.0,0.0,1.0,1.0,1.0,0.0,0.0,10.0595,18.6889,31831.57975597465,640.2880339725,1130.7990399,10
322,322,27448.5582,1.0,0.7,1,50,1.0,2,1,0,0,1,1,1,0,1,1,0,62.36476718990592,40.09525296235007,36.926639866981006,965.0899404653107,0.0,0.0,0.0,0.0,1.0,1.0,1.0,0.0,0.3096256349946722,10.0376,13.9901,39710.80379803024,600.8189961863,1115.2460745,8
323,323,-161645.7344,0.8,1.0,1,50,0.9,2,1,0,0,1,1,1,0,1,1,0,76.36465603279478,57.14949200581533,30.983349064498146,743.2232136895296,1.0,0.0,1.0,0.0,1.0,0.0,1.0,0.0,0.0,11.1412,22.9196,57244.6876902598,1368.6912648644,1216.9790963,4
324,324,-346906.8849,1.0,0.9,1,40,0.9,2,1,0,0,1,1,1,0,1,1,0,84.13516335473456,65.824955330524,33.33875616868689,926.4640083722725,1.0,1.0,1.0,0.0,1.0,0.0,1.0,0.0,0.0,9.8707,25.5871,58795.75944580383,1569.0213699153,1413.2386982,6
325,325,-130396.9621,0.9,0.8,1,30,1.0,2,1,0,0,1,1,1,0,1,1,0,48.948489836873094,29.186082669585215,27.579206331577627,871.145567726177,0.0,0.0,0.0,0.0,0.0,1.0,1.0,0.0,0.0,9.3191,16.5985,26162.48304014451,465.4266803572,1107.8555155,10
326,326,38380.2719,1.0,0.7,1,60,0.9,2,1,0,0,1,1,1,0,1,1,0,85.02031309187535,63.73505631992839,35.91157131439075,1051.2463307240714,1.0,0.0,1.0,0.0,1.0,1.0,1.0,0.0,0.29067249274247714,9.7276,18.9659,65403.84528122493,1303.1081140856,1174.1761852,2
327,327,-10214.1669,0.9,1.0,1,50,1.0,2,1,0,0,1,1,1,0,1,1,0,48.85273266095792,31.325453290320134,29.07623945415475,827.5044081657369,0.0,0.0,0.0,0.0,1.0,0.0,1.0,0.0,0.137670297223075,10.6707,18.038,28141.05678826874,546.2774237245,1100.547325,10
328,328,-80506.2111,1.0,0.8,1,40,1.0,2,1,0,0,1,1,1,0,1,1,0,48.67015933693533,31.791985970766525,29.105361695785433,826.0453740323388,0.0,0.0,0.0,0.0,1.0,0.0,1.0,0.0,0.0,10.9442,17.1395,29370.690369606164,540.6276731623,1078.5736282,4
329,329,59286.5641,1.0,0.7,1,60,1.0,2,1,0,0,1,1,1,0,1,1,0,82.19682003410183,62.456321820500015,32.23536523467901,830.8647676879154,1.0,1.0,1.0,0.0,1.0,0.0,0.0,0.0,0.3282815616898456,14.1716,19.0275,57766.07697996094,1144.9741054305,1790.9214893,10
330,330,-165885.8675,0.9,0.7,1,30,1.0,2,1,0,0,1,1,1,0,1,1,0,51.16055712498846,27.700163709373797,29.3420057030541,654.7332762751869,0.0,0.0,0.0,0.0,1.0,0.0,1.0,0.0,0.0,9.4639,18.7827,25492.003808168807,514.1744229684,1046.7221785,2
331,331,-585.7532,0.9,0.7,1,50,0.9,2,1,0,0,1,1,1,0,1,1,0,61.78372494222878,43.711295010725934,30.80029819889363,836.0009232609247,0.0,1.0,0.0,0.0,1.0,1.0,0.0,0.0,0.19690461744417648,11.4894,16.3634,43465.8800433703,752.8748653608,1085.3143533,6
332,332,-279299.965,0.9,1.0,1,40,1.0,2,1,0,0,1,1,1,0,1,1,0,75.63524627674767,54.07761084214346,32.33559414601337,869.1225612024426,0.0,1.0,1.0,0.0,1.0,1.0,0.0,0.0,0.0,10.2184,25.6876,46238.72629635853,1243.8868958809,1513.0142559,8
333,333,-232989.659,0.7,1.0,1,30,0.9,2,1,0,0,1,1,1,0,1,1,0,78.98048304329936,61.61986510736103,31.5557623047147,867.9830148446443,1.0,1.0,0.0,0.0,1.0,1.0,0.0,0.0,0.0,7.8689,17.0118,54892.54317171542,975.8921070519,1235.969376,6
334,334,-75468.632,0.8,0.8,1,40,0.9,2,1,0,0,1,1,1,0,1,1,0,46.49542651333197,28.651172376299062,27.492799559902025,658.821317066682,0.0,0.0,0.0,0.0,1.0,0.0,1.0,0.0,0.0,8.4295,19.2572,24680.866198471107,511.3671136193,916.6090201,10
335,335,-206921.4496,1.0,0.7,1,30,1.0,2,1,0,0,1,1,1,0,1,1,0,54.34571013282711,36.61409086330096,32.54690436492834,970.9350979844182,0.0,0.0,0.0,0.0,1.0,1.0,1.0,0.0,0.0,9.9298,18.2501,32586.11847758756,639.4388066542,1120.1305095,6
336,336,4667.9689,0.8,0.9,1,50,0.9,2,1,0,0,1,1,1,0,1,1,0,50.86676267803367,35.81591201181877,23.43263596508852,632.9685493455039,0.0,1.0,0.0,0.0,0.0,1.0,0.0,0.0,0.18661954047503995,10.8647,18.5606,31861.350499192635,621.8726529946,1144.9434672,8
337,337,-255759.3414,0.7,0.9,1,40,0.9,2,1,0,0,1,1,1,0,1,1,0,78.51535204313828,61.842353194317795,30.506243263281696,753.4799702428675,1.0,1.0,1.0,0.0,1.0,0.0,0.0,0.0,0.0,11.6378,22.934,52209.793151773025,1246.0960034413,1616.307145,10
338,338,-73084.2598,1.0,0.7,1,50,1.0,2,1,0,0,1,1,1,0,1,1,0,58.40573618351494,40.08213240800699,32.589392819847774,993.2637232937059,0.0,0.0,0.0,0.0,1.0,1.0,1.0,0.0,0.0,13.2735,18.7219,39306.52734854302,787.3337067559,1211.231555,6
339,339,-64241.124,0.9,1.0,1,50,0.9,2,1,0,0,1,1,1,0,1,1,0,78.88490959591007,60.356283462534925,30.12594258453978,834.9580545411407,1.0,1.0,1.0,0.0,1.0,0.0,0.0,0.0,0.05616389962009818,9.1632,20.2411,59977.63828793126,1262.6211956748,1165.841302,2
340,340,-312714.8435,0.7,0.7,1,30,0.9,2,1,0,0,1,1,1,0,1,1,0,82.1103360764995,64.08785728679347,35.10354022141408,852.3542775275938,1.0,0.0,1.0,0.0,1.0,1.0,1.0,0.0,0.0,8.2983,19.2811,57306.01959557411,1157.8595518286,1222.7496161,4
341,341,-150241.6459,0.9,1.0,1,30,1.0,2,1,0,0,1,1,1,0,1,1,0,53.4161075529372,32.65501004891301,31.255597354414,949.0297742662835,0.0,0.0,0.0,0.0,1.0,0.0,1.0,0.0,0.0,9.1809,16.6468,29651.87243774536,529.8986160216,1107.3729105,8
342,342,-342795.6458,0.9,0.7,1,30,1.0,2,1,0,0,1,1,1,0,1,1,0,70.5478248131029,51.35723853616343,36.46746773590885,1187.6376116688061,0.0,0.0,1.0,0.0,1.0,1.0,1.0,0.0,0.0,8.9251,22.885,44951.05488709095,1095.9646859167,1294.6526106,2
343,343,-382741.0068,0.9,1.0,1,40,1.0,2,1,0,0,1,1,1,0,1,1,0,66.92641267411362,43.96109133006951,29.393199439274007,840.6588937436891,1.0,0.0,1.0,0.0,0.0,1.0,1.0,0.0,0.0,11.1209,36.6916,34013.416710819845,1309.083804919,1620.3022358,8
344,344,92008.0088,0.8,0.7,1,60,0.9,2,1,0,0,1,1,1,0,1,1,0,55.10934909770448,36.53666579398711,32.70925654861021,968.8457986434488,0.0,0.0,0.0,0.0,1.0,1.0,1.0,0.0,0.5903042967517145,11.8894,13.664,38282.72292404883,563.7621711583,958.0068879,8
345,345,-246975.6148,1.0,0.8,1,50,1.0,2,1,0,0,1,1,1,0,1,1,0,86.72421540855828,69.15219575052387,34.845774927343655,1071.950068528498,1.0,1.0,1.0,0.0,1.0,1.0,1.0,0.0,0.0,13.8019,23.0887,68632.43015258425,1657.798127884,1625.4996923,6
346,346,-165430.8795,1.0,0.8,1,40,1.0,2,1,0,0,1,1,1,0,1,1,0,62.50943946627847,45.136269510733534,32.04350453693018,995.8804290574956,0.0,0.0,0.0,0.0,1.0,1.0,1.0,0.0,0.0,9.7418,20.3859,40727.3439724527,880.2712400148,1212.0686739,6
347,347,-329841.2083,0.8,0.8,1,40,0.9,2,1,0,0,1,1,1,0,1,1,0,74.83084026287042,56.76684541486638,34.505041121703506,1069.1285574295662,1.0,1.0,1.0,0.0,1.0,1.0,1.0,0.0,0.0,9.3063,26.7511,50942.24968021581,1436.0498392326,1235.1281354,2
348,348,-22654.1565,0.9,0.9,1,50,0.9,2,1,0,0,1,1,1,0,1,1,0,61.31213450841825,42.511989148183275,25.779889602883483,674.4040634604985,0.0,0.0,1.0,0.0,0.0,0.0,1.0,0.0,0.11102496925225566,11.1389,20.0409,36919.840548938955,774.5021704284,1304.0525316,10
349,349,-442004.814,0.8,0.9,1,30,1.0,2,1,0,0,1,1,1,0,1,1,0,78.92469589734986,58.586041610843864,32.58558937178014,877.9312154993486,1.0,0.0,1.0,0.0,1.0,1.0,0.0,0.0,0.0,9.5538,25.8629,49649.15471498752,1343.5284256632,1490.9424111,6
350,350,23179.5782,0.7,0.8,1,60,1.0,2,1,0,0,1,1,1,0,1,1,0,57.67580355144719,38.52381907270241,32.32206529353414,846.2415681029757,0.0,0.0,0.0,0.0,1.0,0.0,1.0,0.0,0.2671822565804795,12.5208,19.0418,38441.1731918319,782.4960447112,1168.3822107,6
351,351,-165742.7869,1.0,0.7,1,50,1.0,2,1,0,0,1,1,1,0,1,1,0,80.99224180743825,60.30829521765267,33.768062514865605,906.6859385321783,1.0,0.0,1.0,0.0,1.0,0.0,1.0,0.0,0.0,12.884,22.0967,60199.6259034558,1391.0959473997,1491.1890284,6
352,352,-401939.161,0.8,0.8,1,30,0.9,2,1,0,0,1,1,1,0,1,1,0,66.2663978143042,47.05015808729959,29.21353181427837,751.1449684221459,1.0,1.0,1.0,0.0,1.0,0.0,0.0,0.0,0.0,8.8562,27.4569,42722.71150875719,1230.9285937549,1159.5204055,2
353,353,-30680.9151,0.7,0.7,1,50,0.9,2,1,0,0,1,1,1,0,1,1,0,80.37163010750118,60.39013765548364,35.55680660404996,1041.674970537293,0.0,1.0,1.0,0.0,1.0,1.0,1.0,0.0,0.14278002633639839,10.4188,16.7845,62926.01020600214,1112.4252374678,1145.5798968,2
354,354,-451191.9867,0.9,0.7,1,30,1.0,2,1,0,0,1,1,1,0,1,1,0,82.92940976345304,64.67814153120285,32.703480462630075,897.527257697554,1.0,1.0,1.0,0.0,1.0,1.0,0.0,0.0,0.0,10.2288,26.3224,48226.06388142997,1328.0155671956,1816.2389972,10
355,355,-112345.2653,0.8,1.0,1,50,0.9,2,1,0,0,1,1,1,0,1,1,0,82.83383719242138,65.8302276698181,35.53217414145274,1052.9757208837716,1.0,0.0,1.0,0.0,1.0,1.0,1.0,0.0,0.0,13.8447,18.1343,68380.3222147878,1304.5129659609,1410.2323923,8
356,356,102268.6453,1.0,0.9,1,60,0.9,2,1,0,0,1,1,1,0,1,1,0,87.15130122386802,63.69193911418897,37.24527265909574,1029.3762335865406,1.0,0.0,1.0,0.0,1.0,0.0,1.0,0.0,0.44983678115970605,10.7582,17.7293,61272.103469615344,1142.5199052973,1382.2370537,8
357,357,-120868.3961,1.0,0.8,1,30,1.0,2,1,0,0,1,1,1,0,1,1,0,46.13145938563169,24.91820841642058,26.829891975333837,731.9853706028964,0.0,0.0,0.0,0.0,1.0,0.0,0.0,0.0,0.0,9.7203,16.0944,23982.171088445062,414.95405973,1050.5903313,6
358,358,-461645.4402,0.8,0.9,1,30,1.0,2,1,0,0,1,1,1,0,1,1,0,77.27523224553077,59.25737774863397,35.969599193558764,1233.529163708969,1.0,1.0,1.0,0.0,1.0,1.0,1.0,0.0,0.0,10.155,26.4938,47805.50077513379,1339.991642005,1645.702575,6
359,359,-331453.5544,0.7,1.0,1,30,1.0,2,1,0,0,1,1,1,0,1,1,0,66.06184130092377,47.39882680349105,34.03706942288587,1183.9701275858258,1.0,0.0,0.0,0.0,1.0,1.0,1.0,0.0,0.0,9.1418,24.3723,37370.69664117768,969.6838850637,1459.2974945,10
360,360,-284875.3388,0.9,1.0,1,30,1.0,2,1,0,0,1,1,1,0,1,1,0,73.92694171867952,54.951092316235915,25.760359263888347,596.8870599700174,0.0,1.0,1.0,0.0,0.0,1.0,0.0,0.0,0.0,8.3729,19.0957,54506.91166419132,1079.3936659659,1224.8967238,2
361,361,-226101.066,0.9,0.7,1,50,1.0,2,1,0,0,1,1,1,0,1,1,0,59.26877714665694,41.60323655486893,30.199056709835173,821.564659629637,1.0,0.0,0.0,0.0,1.0,1.0,1.0,0.0,0.0,11.6925,31.9273,32842.87863349486,1108.7779665165,1455.7725464,10
362,362,-286755.857,1.0,1.0,1,30,0.9,2,1,0,0,1,1,1,0,1,1,0,56.562236812478254,37.652017556682154,27.054676904314064,922.9048848502515,1.0,0.0,0.0,0.0,0.0,1.0,1.0,0.0,0.0,8.2686,28.2466,27642.611985927928,823.7385512185,1249.8480843,8
363,363,-87432.6695,0.9,0.7,1,50,0.9,2,1,0,0,1,1,1,0,1,1,0,61.68229803564496,45.97755638148651,27.470889230239198,925.9390419785104,1.0,0.0,0.0,0.0,0.0,1.0,1.0,0.0,0.0,10.0842,22.3168,43218.32786864676,1010.7740212449,1119.2915381,4
364,364,-192982.4317,0.7,0.8,1,40,0.9,2,1,0,0,1,1,1,0,1,1,0,66.66397303006549,48.86820013159391,28.859780466436714,720.573384280016,1.0,1.0,0.0,0.0,1.0,0.0,0.0,0.0,0.0,8.1888,22.4506,46540.50854974582,1093.9380760533,1063.3978375,2
365,365,-506644.0345,0.8,1.0,1,30,1.0,2,1,0,0,1,1,1,0,1,1,0,101.54366942745924,85.08057683168173,36.89132024833683,1074.3429992749311,1.0,1.0,1.0,0.0,1.0,1.0,1.0,0.0,0.0,8.7458,22.8646,70381.33166601995,1678.2879032352,1790.2350705,10
366,366,122917.8611,0.7,0.7,1,60,0.9,2,1,0,0,1,1,1,0,1,1,0,70.3694108796605,54.91909615344531,33.641434838903294,1013.3673375832856,0.0,1.0,0.0,0.0,1.0,1.0,1.0,0.0,0.52138962402541,10.9666,15.7141,56538.48367334221,941.2471611322,1084.8143105,4
367,367,62290.432,0.9,0.9,1,60,1.0,2,1,0,0,1,1,1,0,1,1,0,54.88032299469609,36.80184082829273,32.49137606496271,1134.3993220025727,0.0,0.0,0.0,0.0,1.0,1.0,1.0,0.0,0.4388976081342062,12.956,15.701,36630.128755301965,620.3816034882,1137.0396957,2
368,368,15658.3742,0.7,0.8,1,50,0.9,2,1,0,0,1,1,1,0,1,1,0,53.69611640363395,32.35914210928466,31.693570039575494,653.8976555536564,0.0,0.0,0.0,0.0,1.0,0.0,1.0,0.0,0.2859404821176145,10.9475,13.856,34725.32033059706,518.3155843415,889.1002744,6
369,369,66612.123,0.7,0.8,1,60,0.9,2,1,0,0,1,1,1,0,1,1,0,52.86794980191216,35.54739418605291,31.539169542338954,970.5831187702977,0.0,0.0,0.0,0.0,1.0,1.0,1.0,0.0,0.476895359143108,12.7646,14.7235,37191.91734989059,589.4365502776,965.4276905,10
370,370,86604.4766,0.8,0.7,1,60,1.0,2,1,0,0,1,1,1,0,1,1,0,40.9491842793152,22.95385420697001,23.043545776985745,619.3679490948939,0.0,0.0,0.0,0.0,0.0,0.0,1.0,0.0,0.6749890751842795,10.0735,16.4847,20457.257206524228,362.8450548696,1073.2060356,10
371,371,-48363.2046,1.0,0.7,1,50,1.0,2,1,0,0,1,1,1,0,1,1,0,58.01519485640125,40.81691384326679,27.342361670297798,805.1985953343884,0.0,1.0,0.0,0.0,0.0,1.0,1.0,0.0,0.026409926944055678,10.8289,21.2161,35621.652499600394,796.2855529392,1327.8100603,8
372,372,-345594.0602,0.8,0.9,1,30,0.9,2,1,0,0,1,1,1,0,1,1,0,84.06615539642246,64.35587182538234,31.914657591104806,972.0332726191092,1.0,1.0,1.0,0.0,0.0,1.0,1.0,0.0,0.0,9.2036,20.7166,56106.381008373915,1210.6591337967,1429.8986494,6
373,373,-79127.5466,1.0,0.7,1,50,1.0,2,1,0,0,1,1,1,0,1,1,0,58.01472323295853,40.37800715940686,24.00632087164656,581.1438125999579,0.0,0.0,1.0,0.0,0.0,0.0,1.0,0.0,0.0,11.0871,22.5562,39730.581539456645,936.4712769598,1181.9037976,2
374,374,-1151.8754,1.0,0.8,1,50,0.9,2,1,0,0,1,1,1,0,1,1,0,63.64577898755513,43.14238793782303,28.272191043751466,683.617745998651,1.0,0.0,0.0,0.0,0.0,1.0,1.0,0.0,0.19016648039453277,9.3256,17.7042,42625.83090353968,792.7181680094,1022.8665436,2
375,375,-249241.5792,0.9,1.0,1,30,0.9,2,1,0,0,1,1,1,0,1,1,0,61.82781420416764,43.430270922960005,30.697869055595557,697.2121406361387,0.0,1.0,0.0,0.0,1.0,0.0,1.0,0.0,0.0,7.7163,21.23,36889.77001509665,826.8046815352,1072.0692438,6
376,376,-44579.1702,0.9,0.8,1,50,1.0,2,1,0,0,1,1,1,0,1,1,0,52.757148808971706,34.92507683947925,31.36820453477484,969.8675607638866,0.0,0.0,0.0,0.0,1.0,1.0,1.0,0.0,0.04443009259057882,13.4248,17.0421,34473.8815341622,631.7251071804,1131.829865,10
377,377,-175840.7249,0.9,0.8,1,50,1.0,2,1,0,0,1,1,1,0,1,1,0,58.41640430992851,42.03783105447936,26.521668675894606,838.132389722736,0.0,1.0,1.0,0.0,0.0,1.0,1.0,0.0,0.0,13.2406,27.9103,36254.469566407926,1063.079054764,1476.8156747,6
378,378,-187934.3888,1.0,0.9,1,50,0.9,2,1,0,0,1,1,1,0,1,1,0,83.00969976984237,65.36212812610944,35.499391774907906,1053.1831427650393,1.0,0.0,1.0,0.0,1.0,1.0,1.0,0.0,0.0,13.8308,20.8522,67788.14760673752,1486.3598966555,1414.0293893,8
379,379,-53150.9495,0.7,0.7,1,40,1.0,2,1,0,0,1,1,1,0,1,1,0,52.103295743295426,32.60941232085221,30.814334919710202,823.511447533135,0.0,0.0,0.0,0.0,1.0,0.0,1.0,0.0,0.0,10.0408,15.4714,30465.8852043066,507.0753430344,1071.1968764,2
380,380,-93948.0428,0.9,1.0,1,50,0.9,2,1,0,0,1,1,1,0,1,1,0,75.1952506268257,56.00037373987058,36.718245331239125,1017.5673232574957,1.0,0.0,0.0,0.0,1.0,1.0,1.0,0.0,0.010181696052701009,11.446,18.6174,58621.139239069926,1159.5967409478,1154.7191284,6
381,381,-200463.0184,0.7,0.8,1,40,1.0,2,1,0,0,1,1,1,0,1,1,0,72.83896205664317,57.05492845367569,31.808538129575243,901.3563865953414,0.0,1.0,1.0,0.0,1.0,0.0,1.0,0.0,0.0,10.3162,20.7072,52295.438110495146,1134.0717550055,1366.3119947,4
382,382,-340241.1834,0.9,0.7,1,30,1.0,2,1,0,0,1,1,1,0,1,1,0,68.32341604973712,47.92865768783709,35.56565106383879,1015.7574067689504,1.0,0.0,0.0,0.0,1.0,1.0,1.0,0.0,0.0,9.084,23.2772,41115.15822282804,1018.9758481451,1300.0449425,4
383,383,-100980.2493,0.8,0.7,1,40,0.9,2,1,0,0,1,1,1,0,1,1,0,70.30922813505067,52.02529038457505,32.6467224669781,880.5430140809458,0.0,0.0,1.0,0.0,1.0,0.0,1.0,0.0,0.0,8.9812,16.7096,51599.254310904624,907.5761479644,1057.4127736,2
384,384,-71429.5287,1.0,1.0,1,50,0.9,2,1,0,0,1,1,1,0,1,1,0,88.4126720998857,68.77272406900931,35.943766237887424,867.3278236973306,1.0,1.0,1.0,0.0,1.0,1.0,1.0,0.0,0.06783481450348902,12.6998,17.217,71269.15888639272,1285.2426995931,1402.6624678,6
385,385,-212922.4867,0.9,0.8,1,30,1.0,2,1,0,0,1,1,1,0,1,1,0,53.83737213744871,35.22050205906239,31.82042357763042,969.5108047842714,0.0,0.0,0.0,0.0,1.0,1.0,1.0,0.0,0.0,10.1907,18.5849,31786.500747533835,634.2090384083,1116.3560796,4
386,386,22183.2869,0.9,1.0,1,50,1.0,2,1,0,0,1,1,1,0,1,1,0,45.661667185993515,25.692359176173312,25.81314820896706,633.5283175674001,0.0,0.0,0.0,0.0,0.0,1.0,1.0,0.0,0.2881618387672479,10.0129,16.5111,23019.287631537554,409.2419605606,1067.9430332,8
387,387,120036.8904,0.9,1.0,1,60,0.9,2,1,0,0,1,1,1,0,1,1,0,86.28649282801275,69.18469822788697,30.36127862938876,851.1004238256323,1.0,0.0,1.0,0.0,0.0,1.0,1.0,0.0,0.43809905905625557,7.8713,18.8948,68698.36227013588,1345.4843879146,1130.1614234,2
388,388,-194629.317,0.8,0.7,1,50,1.0,2,1,0,0,1,1,1,0,1,1,0,89.17733645675935,70.22115724354488,36.31322180329644,1069.6033831454051,1.0,1.0,1.0,0.0,1.0,1.0,1.0,0.0,0.0,10.4262,22.7172,69687.33724991248,1658.507754506,1414.7033726,2
389,389,73872.917,0.8,1.0,1,60,1.0,2,1,0,0,1,1,1,0,1,1,0,60.269933576573564,39.882320288757384,35.64914363128615,1131.4672210284357,0.0,0.0,0.0,0.0,1.0,1.0,1.0,0.0,0.4750205670057389,13.9095,14.5291,42929.85107559068,674.1573002314,1144.8034339,8
390,390,-511011.1523,0.9,1.0,1,30,1.0,2,1,0,0,1,1,1,0,1,1,0,80.64670929229702,63.25680752164604,33.84757260017755,1056.497053279718,1.0,0.0,1.0,0.0,1.0,1.0,1.0,0.0,0.0,9.566,27.3916,51817.23704622621,1488.4440883226,1528.2495583,6
391,391,-226203.7466,0.9,0.8,1,40,0.9,2,1,0,0,1,1,1,0,1,1,0,94.21578284906994,76.95570557366925,31.290968689072017,868.3008881034568,1.0,1.0,1.0,0.0,0.0,1.0,1.0,0.0,0.0,9.0475,20.1386,72904.15307559885,1517.5923142977,1412.1176794,6
392,392,-44885.2005,0.9,0.8,1,60,1.0,2,1,0,0,1,1,1,0,1,1,0,61.11318264452298,41.2558459282004,26.441598233352416,698.722353346823,1.0,0.0,1.0,0.0,0.0,0.0,1.0,0.0,0.061924390719090665,15.0908,26.3964,35014.751142872265,969.1658096675,1718.8248231,10
393,393,-109837.4232,1.0,0.7,1,40,0.9,2,1,0,0,1,1,1,0,1,1,0,98.55455558944499,80.36079741188064,34.96654288044193,899.2389904068029,1.0,1.0,1.0,0.0,1.0,1.0,0.0,0.0,0.0,8.9789,16.6734,70889.48499181155,1228.5230512859,1593.1180179,10
394,394,-82340.8702,0.9,0.9,1,50,0.9,2,1,0,0,1,1,1,0,1,1,0,76.24827819346783,59.133746857453275,31.451546418425536,881.8014487405961,1.0,0.0,1.0,0.0,1.0,1.0,0.0,0.0,0.02134772874384801,12.3728,19.3348,58583.98440913669,1183.4070815959,1317.3067426,6
395,395,109577.5659,1.0,0.8,1,60,1.0,2,1,0,0,1,1,1,0,1,1,0,37.51344203646308,17.547358073273255,20.98620454628198,410.2384555432952,0.0,0.0,0.0,0.0,0.0,0.0,0.0,0.0,1.0153396199744116,7.9085,13.9209,16134.1398816532,243.318615904,999.6314753,6
396,396,11162.5903,0.7,1.0,1,50,0.9,2,1,0,0,1,1,1,0,1,1,0,55.29717102808921,36.36622461176685,32.87044127483343,967.9069763073574,0.0,0.0,0.0,0.0,1.0,1.0,1.0,0.0,0.2669236289981238,12.0338,13.3741,38880.13004060854,560.4267199429,945.5336107,2
397,397,90914.0203,0.7,0.9,1,60,0.9,2,1,0,0,1,1,1,0,1,1,0,51.25714308905717,32.08780532662995,30.324264007724523,825.0526920301937,0.0,0.0,0.0,0.0,1.0,0.0,1.0,0.0,0.6169215503158418,12.2769,14.0177,33773.27901338656,509.8491199575,925.976316,8
398,398,-34887.3006,1.0,0.9,1,60,1.0,2,1,0,0,1,1,1,0,1,1,0,68.91446242985579,50.192776856114506,28.798810402592824,830.1400533708082,1.0,1.0,0.0,0.0,0.0,1.0,1.0,0.0,0.10748233153476669,12.6463,23.5679,47412.96133225572,1166.5133245398,1436.486782,6
399,399,-35437.8895,0.7,0.9,1,60,1.0,2,1,0,0,1,1,1,0,1,1,0,78.91971920311687,58.10472526710748,34.62069773202046,1022.8352105039255,0.0,1.0,1.0,0.0,1.0,0.0,1.0,0.0,0.1356373213041883,14.6153,21.6475,57743.69446875483,1313.4506822514,1581.854496,10
