,ID,D_ActivacionIncrem_Nar,D_ActivacionIncrem_Unr,Opt_CalculoRagaliasIncrementales_Nar,Opt_CalculoRagaliasIncrementales_Unr,Unc_MultPreciobaseValorGas,Opt_EscCAPEX_Perforacion,Opt_EscVentaCrudo,Unc_MultCAPEXPerfo_UGEUnr,Unc_MultOPEX_UGEUnr,Unc_MultCAPEXFacilidades_Nar,E_Brent,Total_VPN,volumen_Mbls,Capex,opex,flat
0,0.0,1.0,1.0,1.0,1.0,1.0,3.0,2.0,1.0,1.0,0.7,40.0,-312.3842425014976,23.078289705525684,604.9366148563663,552.2048910064627,4.0
1,1.0,1.0,1.0,1.0,1.0,1.0,3.0,2.0,0.7,0.9,0.8,40.0,-263.14943654081463,23.078289705525684,540.6031312644187,519.8071787078861,4.0
2,2.0,1.0,1.0,1.0,1.0,1.0,2.0,2.0,0.7,0.9,0.7,60.0,-199.43007912509867,23.078289705525684,599.9814548563663,633.9210627182342,6.0
3,3.0,1.0,1.0,1.0,1.0,1.0,3.0,1.0,1.0,0.9,0.7,60.0,-243.48693993877794,23.078289705525684,604.9366148563663,633.9210627182342,6.0
4,4.0,1.0,1.0,1.0,1.0,1.0,3.0,1.0,0.8,1.0,1.0,30.0,-439.9325885657687,4.435883168136524,650.2231640805235,136.71170986157688,8.0
5,5.0,1.0,1.0,1.0,1.0,1.0,1.0,2.0,0.7,1.0,0.9,60.0,-271.5509924013577,23.078289705525684,703.0346476724711,666.3187750168108,6.0
6,6.0,1.0,1.0,1.0,1.0,1.0,2.0,1.0,1.0,0.9,0.9,30.0,-494.9049095110289,4.435883168136524,744.1768476724711,130.80380415115704,8.0
7,7.0,1.0,1.0,1.0,1.0,1.0,3.0,1.0,0.8,0.9,0.7,30.0,-378.52547130206,4.435883168136524,536.8546148563664,150.21196734050164,10.0
8,8.0,1.0,1.0,1.0,1.0,1.0,2.0,2.0,0.8,0.9,0.9,50.0,-325.9134097927544,23.078289705525684,698.432607672471,633.9210627182342,6.0
9,9.0,1.0,1.0,1.0,1.0,1.0,2.0,1.0,0.9,1.0,0.7,40.0,-378.58142473620137,15.616849859709033,645.7256948563663,345.73330841108884,4.0
10,10.0,1.0,1.0,1.0,1.0,1.0,2.0,1.0,0.9,0.9,1.0,40.0,-465.8769630085626,9.617224844721495,759.0942440805235,235.98188941621245,6.0
11,11.0,1.0,1.0,1.0,1.0,1.0,3.0,2.0,0.7,0.9,0.8,40.0,-229.86017367207145,23.078289705525684,540.6031312644187,405.69329469753785,2.0
12,12.0,1.0,1.0,1.0,1.0,1.0,2.0,1.0,1.0,1.0,0.7,30.0,-442.4045452164875,4.435883168136524,668.5978148563663,117.30354667223224,6.0
13,13.0,1.0,1.0,1.0,1.0,1.0,2.0,2.0,0.8,1.0,0.9,30.0,-431.50498130791476,9.617224844721495,698.432607672471,205.98698603477175,4.0
14,14.0,1.0,1.0,1.0,1.0,1.0,1.0,1.0,0.8,0.9,0.8,40.0,-425.6111337344219,9.617224844721495,692.0421312644187,235.98188941621245,6.0
15,15.0,1.0,1.0,1.0,1.0,1.0,3.0,2.0,0.9,0.9,0.7,40.0,-364.25489838388893,4.435883168136524,570.8956148563664,150.21196734050164,10.0
16,16.0,1.0,1.0,1.0,1.0,1.0,2.0,2.0,1.0,1.0,1.0,50.0,-319.87975880541165,23.078289705525684,781.9663640805235,438.0910069961145,2.0
17,17.0,1.0,1.0,1.0,1.0,1.0,1.0,1.0,0.9,0.9,0.9,30.0,-502.624271136172,4.435883168136524,756.6286476724712,130.80380415115704,8.0
18,18.0,1.0,1.0,1.0,1.0,1.0,2.0,1.0,0.9,0.9,0.8,30.0,-468.11592987919215,4.435883168136524,683.5152112644187,150.21196734050164,10.0
19,19.0,1.0,1.0,1.0,1.0,1.0,2.0,1.0,0.9,1.0,1.0,30.0,-476.5227322156796,4.435883168136524,759.0942440805235,78.48722029354303,2.0
20,20.0,1.0,1.0,1.0,1.0,1.0,3.0,2.0,0.8,0.9,1.0,50.0,-361.6033555123809,16.76690825196367,650.2231640805235,585.1085856123715,10.0
21,21.0,1.0,1.0,1.0,1.0,1.0,3.0,2.0,0.7,1.0,0.7,30.0,-337.548538211093,4.435883168136524,502.8136148563663,136.71170986157688,8.0
22,22.0,1.0,1.0,1.0,1.0,1.0,1.0,2.0,1.0,1.0,0.8,60.0,-232.18848540313877,23.078289705525684,745.6361312644187,438.0910069961145,2.0
23,23.0,1.0,1.0,1.0,1.0,1.0,1.0,1.0,1.0,0.9,0.8,50.0,-363.3212767505198,23.078289705525684,745.6361312644187,519.8071787078861,4.0
24,24.0,1.0,1.0,1.0,1.0,1.0,3.0,2.0,1.0,0.9,0.9,50.0,-348.0895189728456,22.29896888868372,680.515647672471,716.5823377216565,8.0
25,25.0,1.0,1.0,1.0,1.0,1.0,3.0,1.0,1.0,1.0,0.7,50.0,-286.6401249767529,23.078289705525684,604.9366148563663,552.2048910064627,4.0
26,26.0,1.0,1.0,1.0,1.0,1.0,2.0,2.0,0.8,0.9,0.8,50.0,-303.1319134811044,23.078289705525684,660.6430912644187,633.9210627182342,6.0
27,27.0,1.0,1.0,1.0,1.0,1.0,2.0,1.0,0.9,1.0,0.8,30.0,-461.17855820795086,4.435883168136524,683.5152112644187,136.71170986157688,8.0
28,28.0,1.0,1.0,1.0,1.0,1.0,1.0,2.0,0.7,0.9,1.0,50.0,-384.8653400636028,22.29896888868372,740.8241640805232,716.5823377216565,8.0
29,29.0,1.0,1.0,1.0,1.0,1.0,3.0,1.0,0.8,1.0,1.0,40.0,-406.9631828695739,4.971077571091431,650.2231640805235,130.61760539633434,6.0
30,30.0,1.0,1.0,1.0,1.0,1.0,1.0,1.0,0.9,0.9,0.9,60.0,-302.7602367418303,23.078289705525684,756.6286476724712,519.8071787078861,4.0
31,31.0,1.0,1.0,1.0,1.0,1.0,1.0,1.0,1.0,0.9,0.8,50.0,-363.3212767505198,23.078289705525684,745.6361312644187,519.8071787078861,4.0
32,32.0,1.0,1.0,1.0,1.0,1.0,3.0,2.0,1.0,0.9,0.7,50.0,-334.86804627827104,16.76690825196367,604.9366148563663,585.1085856123715,10.0
33,33.0,1.0,1.0,1.0,1.0,1.0,3.0,2.0,0.9,1.0,0.7,40.0,-367.3904662511713,4.435883168136524,570.8956148563664,156.1198730509215,10.0
34,34.0,1.0,1.0,1.0,1.0,1.0,2.0,1.0,0.8,0.9,0.7,40.0,-383.4520512149022,9.617224844721495,622.8535748563663,235.98188941621245,6.0
35,35.0,1.0,1.0,1.0,1.0,1.0,1.0,2.0,1.0,1.0,1.0,60.0,-310.5510892483469,23.078289705525684,821.2151640805233,552.2048910064627,4.0
36,36.0,1.0,1.0,1.0,1.0,1.0,2.0,2.0,1.0,0.9,1.0,40.0,-443.80560507953373,18.312927771802244,781.9663640805235,477.4621501895063,6.0
37,37.0,1.0,1.0,1.0,1.0,1.0,1.0,2.0,0.8,1.0,1.0,60.0,-310.8351098477018,23.078289705525684,767.6211640805233,666.3187750168108,6.0
38,38.0,1.0,1.0,1.0,1.0,1.0,1.0,1.0,0.9,0.9,1.0,30.0,-505.25988837077426,4.435883168136524,794.4181640805233,91.98747777246781,4.0
39,39.0,1.0,1.0,1.0,1.0,1.0,1.0,2.0,1.0,0.9,0.7,40.0,-399.68309890442094,18.312927771802244,707.8466148563664,477.4621501895063,6.0
40,40.0,1.0,1.0,1.0,1.0,1.0,3.0,2.0,0.7,0.9,0.8,40.0,-296.5486374816211,18.312927771802244,540.6031312644187,477.4621501895063,6.0
41,41.0,1.0,1.0,1.0,1.0,1.0,2.0,2.0,1.0,0.9,0.9,30.0,-471.5969984031996,4.435883168136524,744.1768476724711,111.39564096181242,6.0
42,42.0,1.0,1.0,1.0,1.0,1.0,3.0,1.0,0.8,0.9,0.9,40.0,-402.24827272607445,4.435883168136524,612.4336476724711,150.21196734050164,10.0
43,43.0,1.0,1.0,1.0,1.0,1.0,1.0,2.0,0.9,0.9,0.9,60.0,-261.66443908093,23.078289705525684,756.6286476724712,519.8071787078861,4.0
44,44.0,1.0,1.0,1.0,1.0,1.0,1.0,1.0,0.7,0.9,0.7,40.0,-412.28878458272175,4.435883168136524,627.4556148563663,150.21196734050164,10.0
45,45.0,1.0,1.0,1.0,1.0,1.0,3.0,2.0,0.7,1.0,0.8,30.0,-350.2570949842193,4.435883168136524,540.6031312644187,117.30354667223224,6.0
46,46.0,1.0,1.0,1.0,1.0,1.0,2.0,1.0,1.0,1.0,0.9,30.0,-508.1134169168351,4.435883168136524,744.1768476724711,156.1198730509215,10.0
47,47.0,1.0,1.0,1.0,1.0,1.0,2.0,2.0,1.0,0.9,1.0,30.0,-514.5243737918971,4.435883168136524,781.9663640805235,150.21196734050164,10.0
48,48.0,1.0,1.0,1.0,1.0,1.0,1.0,2.0,1.0,1.0,0.7,40.0,-451.69724428478116,4.435883168136524,707.8466148563664,156.1198730509215,10.0
49,49.0,1.0,1.0,1.0,1.0,1.0,1.0,2.0,0.7,0.9,0.7,40.0,-399.0538130134162,4.435883168136524,627.4556148563663,150.21196734050164,10.0
50,50.0,1.0,1.0,1.0,1.0,1.0,1.0,1.0,0.9,1.0,0.9,30.0,-485.61395992640695,4.435883168136524,756.6286476724712,97.89538348288765,4.0
51,51.0,1.0,1.0,1.0,1.0,1.0,1.0,1.0,1.0,0.9,0.9,30.0,-529.1998318093899,4.435883168136524,783.425647672471,150.21196734050164,10.0
52,52.0,1.0,1.0,1.0,1.0,1.0,2.0,1.0,0.7,0.9,0.8,60.0,-230.0181102289058,23.078289705525684,637.7709712644187,519.8071787078861,4.0
53,53.0,1.0,1.0,1.0,1.0,1.0,3.0,1.0,1.0,1.0,0.8,30.0,-446.0517151818325,4.435883168136524,642.7261312644187,156.1198730509215,10.0
54,54.0,1.0,1.0,1.0,1.0,1.0,3.0,1.0,0.7,1.0,1.0,30.0,-388.9091800997773,4.435883168136524,616.1821640805234,78.48722029354303,2.0
55,55.0,1.0,1.0,1.0,1.0,1.0,2.0,1.0,0.8,0.9,0.9,50.0,-399.2883256256386,16.098655575530614,698.432607672471,484.48717528777075,8.0
56,56.0,1.0,1.0,1.0,1.0,1.0,2.0,1.0,0.7,1.0,1.0,40.0,-466.813453453068,4.435883168136524,713.3500040805234,156.1198730509215,10.0
57,57.0,1.0,1.0,1.0,1.0,1.0,3.0,2.0,0.9,0.9,0.7,50.0,-215.1372047443594,23.078289705525684,570.8956148563664,519.8071787078861,4.0
58,58.0,1.0,1.0,1.0,1.0,1.0,3.0,2.0,0.8,1.0,0.9,60.0,-185.07973814721666,23.078289705525684,612.4336476724711,552.2048910064627,4.0
59,59.0,1.0,1.0,1.0,1.0,1.0,3.0,2.0,0.9,1.0,0.8,40.0,-373.84287341721813,9.617224844721495,608.6851312644187,290.3096560096349,8.0
60,60.0,1.0,1.0,1.0,1.0,1.0,3.0,2.0,0.7,0.9,0.9,40.0,-285.93093285246454,23.078289705525684,578.3926476724711,519.8071787078861,4.0
61,61.0,1.0,1.0,1.0,1.0,1.0,1.0,1.0,1.0,1.0,0.8,60.0,-306.0838942859474,23.078289705525684,745.6361312644187,552.2048910064627,4.0
62,62.0,1.0,1.0,1.0,1.0,1.0,3.0,1.0,0.7,1.0,0.8,30.0,-383.63794563057235,4.435883168136524,540.6031312644187,156.1198730509215,10.0
63,63.0,1.0,1.0,1.0,1.0,1.0,3.0,2.0,0.9,1.0,0.7,60.0,-257.76761088601654,23.078289705525684,570.8956148563664,894.5465430375071,10.0
64,64.0,1.0,1.0,1.0,1.0,1.0,1.0,1.0,1.0,0.9,0.7,40.0,-374.0904327557719,23.078289705525684,707.8466148563664,405.69329469753785,2.0
65,65.0,1.0,1.0,1.0,1.0,1.0,1.0,2.0,0.7,1.0,0.9,40.0,-404.7949916242225,16.098655575530614,703.0346476724711,431.73428251103377,6.0
66,66.0,1.0,1.0,1.0,1.0,1.0,2.0,2.0,1.0,0.9,0.9,40.0,-421.0241087678837,18.312927771802244,744.1768476724711,477.4621501895063,6.0
67,67.0,1.0,1.0,1.0,1.0,1.0,2.0,2.0,0.7,0.9,0.7,60.0,-232.71934199384185,23.078289705525684,599.9814548563663,748.0349467285823,8.0
68,68.0,1.0,1.0,1.0,1.0,1.0,3.0,1.0,0.7,1.0,0.8,40.0,-361.7977544312868,4.435883168136524,540.6031312644187,156.1198730509215,10.0
69,69.0,1.0,1.0,1.0,1.0,1.0,2.0,1.0,0.8,0.9,0.7,40.0,-321.7076042785137,23.078289705525684,622.8535748563663,405.69329469753785,2.0
70,70.0,1.0,1.0,1.0,1.0,1.0,3.0,2.0,0.9,0.9,0.9,30.0,-361.34349458874,21.34758413565328,646.4746476724711,368.20023131139914,2.0
71,71.0,1.0,1.0,1.0,1.0,1.0,3.0,1.0,0.9,0.9,0.9,50.0,-301.79599502856,23.078289705525684,646.4746476724711,519.8071787078861,4.0
72,72.0,1.0,1.0,1.0,1.0,1.0,3.0,2.0,1.0,0.9,0.7,30.0,-406.8996794335945,4.435883168136524,604.9366148563663,150.21196734050164,10.0
73,73.0,1.0,1.0,1.0,1.0,1.0,1.0,2.0,0.7,0.9,0.9,30.0,-456.3840572974781,4.435883168136524,703.0346476724711,130.80380415115704,8.0
74,74.0,1.0,1.0,1.0,1.0,1.0,2.0,1.0,0.9,1.0,0.7,40.0,-345.39055985829714,23.078289705525684,645.7256948563663,438.0910069961145,2.0
75,75.0,1.0,1.0,1.0,1.0,1.0,3.0,1.0,0.7,1.0,0.9,30.0,-386.2735628651749,4.435883168136524,578.3926476724711,117.30354667223224,6.0
76,76.0,1.0,1.0,1.0,1.0,1.0,2.0,2.0,0.9,0.9,0.7,30.0,-393.29705384258534,12.063173059093632,645.7256948563663,245.1329821477563,4.0
77,77.0,1.0,1.0,1.0,1.0,1.0,3.0,2.0,0.9,0.9,0.8,40.0,-367.0338508030443,12.063173059093632,608.6851312644187,352.1861672983064,8.0
78,78.0,1.0,1.0,1.0,1.0,1.0,2.0,1.0,0.8,1.0,0.7,30.0,-394.09782042201914,4.435883168136524,622.8535748563663,78.48722029354303,2.0
79,79.0,1.0,1.0,1.0,1.0,1.0,2.0,2.0,0.9,0.9,0.7,30.0,-422.0265224597129,4.435883168136524,645.7256948563663,130.80380415115704,8.0
80,80.0,1.0,1.0,1.0,1.0,1.0,2.0,1.0,0.9,0.9,0.9,40.0,-458.98429545303287,4.435883168136524,721.304727672471,130.80380415115704,8.0
81,81.0,1.0,1.0,1.0,1.0,1.0,2.0,1.0,1.0,0.9,0.9,50.0,-328.59152743358936,23.078289705525684,744.1768476724711,405.69329469753785,2.0
82,82.0,1.0,1.0,1.0,1.0,1.0,2.0,1.0,0.7,1.0,0.7,50.0,-348.2642670666269,14.616883262425365,599.9814548563663,453.1712795827561,8.0
83,83.0,1.0,1.0,1.0,1.0,1.0,2.0,2.0,0.8,0.9,1.0,30.0,-476.2905885359524,4.435883168136524,736.2221240805234,130.80380415115704,8.0
84,84.0,1.0,1.0,1.0,1.0,1.0,2.0,2.0,1.0,0.9,0.8,30.0,-430.15897301294575,12.063173059093632,706.3873312644187,245.1329821477563,4.0
85,85.0,1.0,1.0,1.0,1.0,1.0,1.0,2.0,0.7,1.0,0.7,30.0,-413.95663254146035,4.435883168136524,627.4556148563663,136.71170986157688,8.0
86,86.0,1.0,1.0,1.0,1.0,1.0,1.0,2.0,0.8,0.9,0.7,60.0,-176.13034011545815,23.078289705525684,654.2526148563663,405.69329469753785,2.0
87,87.0,1.0,1.0,1.0,1.0,1.0,1.0,1.0,0.7,1.0,0.7,30.0,-437.2645436492897,4.435883168136524,627.4556148563663,156.1198730509215,10.0
88,88.0,1.0,1.0,1.0,1.0,1.0,3.0,2.0,0.9,1.0,0.9,60.0,-203.83290044926082,23.078289705525684,646.4746476724711,552.2048910064627,4.0
89,89.0,1.0,1.0,1.0,1.0,1.0,2.0,2.0,0.7,0.9,1.0,30.0,-452.1372261387181,4.435883168136524,713.3500040805234,111.39564096181242,6.0
90,90.0,1.0,1.0,1.0,1.0,1.0,2.0,2.0,0.8,0.9,0.9,40.0,-392.8632630504627,18.312927771802244,698.432607672471,477.4621501895063,6.0
91,91.0,1.0,1.0,1.0,1.0,1.0,3.0,1.0,0.9,0.9,1.0,30.0,-423.64232642949,8.126778234860332,684.2641640805234,128.32602250183683,2.0
92,92.0,1.0,1.0,1.0,1.0,1.0,3.0,1.0,0.7,1.0,0.8,60.0,-152.40978239025367,23.078289705525684,540.6031312644187,438.0910069961145,2.0
93,93.0,1.0,1.0,1.0,1.0,1.0,3.0,1.0,0.9,1.0,1.0,60.0,-300.6293717443806,23.078289705525684,684.2641640805234,666.3187750168108,6.0
94,94.0,1.0,1.0,1.0,1.0,1.0,1.0,2.0,1.0,0.9,0.7,50.0,-266.15471990922623,23.078289705525684,707.8466148563664,405.69329469753785,2.0
95,95.0,1.0,1.0,1.0,1.0,1.0,1.0,1.0,0.7,1.0,0.8,50.0,-290.1266831987668,23.078289705525684,665.2451312644187,438.0910069961145,2.0
96,96.0,1.0,1.0,1.0,1.0,1.0,3.0,1.0,0.8,0.9,1.0,30.0,-416.6511416214387,4.435883168136524,650.2231640805235,91.98747777246781,4.0
97,97.0,1.0,1.0,1.0,1.0,1.0,2.0,1.0,0.8,0.9,0.9,40.0,-444.90387259432237,4.435883168136524,698.432607672471,130.80380415115704,8.0
98,98.0,1.0,1.0,1.0,1.0,1.0,2.0,1.0,0.9,0.9,1.0,50.0,-337.29260088652876,23.078289705525684,759.0942440805235,405.69329469753785,2.0
99,99.0,1.0,1.0,1.0,1.0,1.0,1.0,2.0,1.0,1.0,0.7,60.0,-308.78512605088326,23.078289705525684,707.8466148563664,780.4326590271588,8.0
100,100.0,1.0,1.0,1.0,1.0,1.0,3.0,2.0,0.7,0.9,0.8,30.0,-367.26740619398436,4.435883168136524,540.6031312644187,150.21196734050164,10.0
101,101.0,1.0,1.0,1.0,1.0,1.0,3.0,2.0,0.7,1.0,0.9,50.0,-228.69355038789217,23.078289705525684,578.3926476724711,552.2048910064627,4.0
102,102.0,1.0,1.0,1.0,1.0,1.0,3.0,2.0,1.0,1.0,0.9,60.0,-290.8459304909933,23.078289705525684,680.515647672471,780.4326590271588,8.0
103,103.0,1.0,1.0,1.0,1.0,1.0,2.0,2.0,0.9,1.0,0.7,30.0,-435.2350298655191,4.435883168136524,645.7256948563663,156.1198730509215,10.0
104,104.0,1.0,1.0,1.0,1.0,1.0,1.0,1.0,1.0,1.0,0.7,30.0,-446.48064889927724,4.435883168136524,707.8466148563664,78.48722029354303,2.0
105,105.0,1.0,1.0,1.0,1.0,1.0,3.0,1.0,1.0,1.0,1.0,40.0,-421.7261311065092,15.616849859709033,718.3051640805235,345.73330841108884,4.0
106,106.0,1.0,1.0,1.0,1.0,1.0,3.0,2.0,0.9,1.0,0.7,30.0,-379.15771791193316,4.435883168136524,570.8956148563664,136.71170986157688,8.0
107,107.0,1.0,1.0,1.0,1.0,1.0,2.0,2.0,0.8,1.0,0.9,40.0,-401.92002655104693,16.098655575530614,698.432607672471,431.73428251103377,6.0
108,108.0,1.0,1.0,1.0,1.0,1.0,1.0,1.0,0.9,1.0,1.0,50.0,-435.5991886707232,20.369443467053202,794.4181640805233,570.7189213763774,6.0
109,109.0,1.0,1.0,1.0,1.0,1.0,1.0,2.0,0.9,1.0,1.0,50.0,-327.5991204305546,23.078289705525684,794.4181640805233,438.0910069961145,2.0
110,110.0,1.0,1.0,1.0,1.0,1.0,2.0,2.0,0.7,1.0,1.0,40.0,-410.6211000039865,16.098655575530614,713.3500040805234,431.73428251103377,6.0
111,111.0,1.0,1.0,1.0,1.0,1.0,3.0,1.0,0.7,0.9,0.7,60.0,-181.0731703875178,23.078289705525684,502.8136148563663,633.9210627182342,6.0
112,112.0,1.0,1.0,1.0,1.0,1.0,1.0,1.0,0.8,0.9,0.9,50.0,-353.0975307927814,23.078289705525684,729.8316476724711,519.8071787078861,4.0
113,113.0,1.0,1.0,1.0,1.0,1.0,1.0,2.0,0.7,0.9,0.9,60.0,-295.23772254902786,23.078289705525684,703.0346476724711,748.0349467285823,8.0
114,114.0,1.0,1.0,1.0,1.0,1.0,2.0,2.0,0.8,1.0,0.8,40.0,-405.76682297356984,9.617224844721495,660.6430912644187,290.3096560096349,8.0
115,115.0,1.0,1.0,1.0,1.0,1.0,3.0,1.0,0.8,0.9,1.0,40.0,-371.17677815064354,17.228584059626538,650.2231640805235,364.40830255723347,4.0
116,116.0,1.0,1.0,1.0,1.0,1.0,1.0,1.0,1.0,0.9,0.7,40.0,-451.7237084482805,4.435883168136524,707.8466148563664,130.80380415115704,8.0
117,117.0,1.0,1.0,1.0,1.0,1.0,2.0,1.0,0.9,1.0,0.8,50.0,-368.2364115635698,20.369443467053202,683.5152112644187,570.7189213763774,6.0
118,118.0,1.0,1.0,1.0,1.0,1.0,1.0,1.0,1.0,1.0,0.9,50.0,-362.4160429144993,23.078289705525684,783.425647672471,438.0910069961145,2.0
119,119.0,1.0,1.0,1.0,1.0,1.0,2.0,2.0,0.8,1.0,0.7,50.0,-323.4917631590864,20.369443467053202,622.8535748563663,668.4105627781189,8.0
120,120.0,1.0,1.0,1.0,1.0,1.0,1.0,2.0,0.9,0.9,0.8,60.0,-272.1722056380231,23.078289705525684,718.8391312644187,633.9210627182342,6.0
121,121.0,1.0,1.0,1.0,1.0,1.0,1.0,2.0,0.9,0.9,1.0,60.0,-251.15667252383665,23.078289705525684,794.4181640805233,405.69329469753785,2.0
122,122.0,1.0,1.0,1.0,1.0,1.0,3.0,1.0,0.7,1.0,0.7,50.0,-288.81156066814566,14.616883262425365,502.8136148563663,453.1712795827561,8.0
123,123.0,1.0,1.0,1.0,1.0,1.0,2.0,1.0,1.0,1.0,0.8,50.0,-382.31683442228024,20.369443467053202,706.3873312644187,570.7189213763774,6.0
124,124.0,1.0,1.0,1.0,1.0,1.0,2.0,1.0,0.9,0.9,0.9,30.0,-490.89742619084217,4.435883168136524,721.304727672471,150.21196734050164,10.0
125,125.0,1.0,1.0,1.0,1.0,1.0,3.0,1.0,0.7,1.0,1.0,40.0,-326.1214966773448,23.078289705525684,616.1821640805234,438.0910069961145,2.0
126,126.0,1.0,1.0,1.0,1.0,1.0,2.0,2.0,0.9,1.0,0.7,40.0,-413.3948386662335,4.435883168136524,645.7256948563663,156.1198730509215,10.0
127,127.0,1.0,1.0,1.0,1.0,1.0,3.0,1.0,0.7,0.9,0.7,40.0,-325.8077507138305,4.435883168136524,502.8136148563663,130.80380415115704,8.0
128,128.0,1.0,1.0,1.0,1.0,1.0,3.0,2.0,0.9,1.0,0.9,30.0,-434.79365007375696,4.435883168136524,646.4746476724711,156.1198730509215,10.0
129,129.0,1.0,1.0,1.0,1.0,1.0,1.0,2.0,0.8,0.9,0.9,60.0,-311.74034368372213,23.078289705525684,729.8316476724711,748.0349467285823,8.0
130,130.0,1.0,1.0,1.0,1.0,1.0,3.0,2.0,1.0,0.9,0.7,50.0,-235.94179459477948,23.078289705525684,604.9366148563663,519.8071787078861,4.0
131,131.0,1.0,1.0,1.0,1.0,1.0,1.0,1.0,0.9,1.0,0.8,30.0,-482.97834269180447,4.435883168136524,718.8391312644187,136.71170986157688,8.0
132,132.0,1.0,1.0,1.0,1.0,1.0,2.0,2.0,0.9,1.0,0.7,60.0,-270.48272043233555,23.078289705525684,645.7256948563663,780.4326590271588,8.0
133,133.0,1.0,1.0,1.0,1.0,1.0,2.0,1.0,0.9,1.0,0.9,40.0,-462.1198633203153,4.435883168136524,721.304727672471,136.71170986157688,8.0
134,134.0,1.0,1.0,1.0,1.0,1.0,2.0,1.0,0.9,1.0,0.8,30.0,-461.17855820795086,4.435883168136524,683.5152112644187,136.71170986157688,8.0
135,135.0,1.0,1.0,1.0,1.0,1.0,2.0,2.0,0.8,1.0,1.0,60.0,-258.16826077108874,23.078289705525684,736.2221240805234,552.2048910064627,4.0
136,136.0,1.0,1.0,1.0,1.0,1.0,2.0,2.0,0.8,0.9,1.0,60.0,-348.43351665624544,23.078289705525684,736.2221240805234,862.1488307389305,10.0
137,137.0,1.0,1.0,1.0,1.0,1.0,1.0,1.0,0.7,1.0,1.0,40.0,-435.72045588561645,15.616849859709033,740.8241640805232,345.73330841108884,4.0
138,138.0,1.0,1.0,1.0,1.0,1.0,2.0,1.0,0.7,0.9,0.9,40.0,-430.8234497356119,4.435883168136524,675.560487672471,130.80380415115704,8.0
139,139.0,1.0,1.0,1.0,1.0,1.0,2.0,2.0,1.0,0.9,1.0,60.0,-376.5943623736664,23.078289705525684,781.9663640805235,862.1488307389305,10.0
140,140.0,1.0,1.0,1.0,1.0,1.0,1.0,1.0,0.9,0.9,0.8,30.0,-479.84277482452205,4.435883168136524,718.8391312644187,130.80380415115704,8.0
141,141.0,1.0,1.0,1.0,1.0,1.0,3.0,1.0,0.9,0.9,0.8,50.0,-245.72523584816668,23.078289705525684,608.6851312644187,405.69329469753785,2.0
142,142.0,1.0,1.0,1.0,1.0,1.0,1.0,1.0,1.0,0.9,0.9,50.0,-386.1027730621698,23.078289705525684,783.425647672471,519.8071787078861,4.0
143,143.0,1.0,1.0,1.0,1.0,1.0,3.0,1.0,0.8,0.9,0.9,50.0,-346.55978621886686,16.098655575530614,612.4336476724711,484.48717528777075,8.0
144,144.0,1.0,1.0,1.0,1.0,1.0,1.0,2.0,0.7,0.9,1.0,50.0,-284.99134544009354,23.078289705525684,740.8241640805232,405.69329469753785,2.0
145,145.0,1.0,1.0,1.0,1.0,1.0,2.0,2.0,0.9,1.0,1.0,60.0,-338.8272093672855,23.078289705525684,759.0942440805235,780.4326590271588,8.0
146,146.0,1.0,1.0,1.0,1.0,1.0,1.0,1.0,0.9,0.9,0.8,50.0,-439.07412837610246,10.457588273626918,718.8391312644187,349.1238657952245,10.0
147,147.0,1.0,1.0,1.0,1.0,1.0,2.0,1.0,0.8,0.9,0.8,40.0,-344.4891005901637,23.078289705525684,660.6430912644187,405.69329469753785,2.0
148,148.0,1.0,1.0,1.0,1.0,1.0,2.0,1.0,0.7,1.0,0.8,50.0,-395.3981770398987,8.126778234860332,637.7709712644187,280.6095780711895,10.0
149,149.0,1.0,1.0,1.0,1.0,1.0,2.0,1.0,0.9,0.9,0.8,50.0,-291.72960826322884,23.078289705525684,683.5152112644187,405.69329469753785,2.0
150,150.0,1.0,1.0,1.0,1.0,1.0,3.0,1.0,1.0,1.0,0.9,40.0,-446.99302029419687,4.435883168136524,680.515647672471,156.1198730509215,10.0
151,151.0,1.0,1.0,1.0,1.0,1.0,2.0,1.0,1.0,0.9,0.9,30.0,-460.9456253916127,8.126778234860332,744.1768476724711,128.32602250183683,2.0
152,152.0,1.0,1.0,1.0,1.0,1.0,3.0,1.0,0.9,0.9,0.9,50.0,-301.79599502856,23.078289705525684,646.4746476724711,519.8071787078861,4.0
153,153.0,1.0,1.0,1.0,1.0,1.0,3.0,1.0,0.8,1.0,0.7,50.0,-245.03094527591267,23.078289705525684,536.8546148563664,552.2048910064627,4.0
154,154.0,1.0,1.0,1.0,1.0,1.0,2.0,1.0,0.8,0.9,0.7,60.0,-189.67031687064195,23.078289705525684,622.8535748563663,405.69329469753785,2.0
155,155.0,1.0,1.0,1.0,1.0,1.0,3.0,2.0,0.7,0.9,0.7,50.0,-272.4542767270109,16.76690825196367,502.8136148563663,585.1085856123715,10.0
156,156.0,1.0,1.0,1.0,1.0,1.0,1.0,2.0,0.8,0.9,0.7,60.0,-176.13034011545815,23.078289705525684,654.2526148563663,405.69329469753785,2.0
157,157.0,1.0,1.0,1.0,1.0,1.0,3.0,2.0,1.0,1.0,0.8,40.0,-335.1657388131475,23.078289705525684,642.7261312644187,552.2048910064627,4.0
158,158.0,1.0,1.0,1.0,1.0,1.0,2.0,2.0,0.7,0.9,0.8,40.0,-356.00134388010235,18.312927771802244,637.7709712644187,477.4621501895063,6.0
159,159.0,1.0,1.0,1.0,1.0,1.0,3.0,2.0,0.8,1.0,0.8,40.0,-260.2672962435644,23.078289705525684,574.6441312644188,438.0910069961145,2.0
160,160.0,1.0,1.0,1.0,1.0,1.0,3.0,1.0,1.0,1.0,0.9,60.0,-265.36320241440745,23.078289705525684,680.515647672471,552.2048910064627,4.0
161,161.0,1.0,1.0,1.0,1.0,1.0,3.0,1.0,0.9,0.9,0.9,50.0,-268.5067321598167,23.078289705525684,646.4746476724711,405.69329469753785,2.0
162,162.0,1.0,1.0,1.0,1.0,1.0,1.0,1.0,0.8,1.0,1.0,60.0,-318.6416446398588,23.078289705525684,767.6211640805233,552.2048910064627,4.0
163,163.0,1.0,1.0,1.0,1.0,1.0,3.0,1.0,1.0,0.9,0.9,30.0,-455.62470408767626,4.435883168136524,680.515647672471,130.80380415115704,8.0
164,164.0,1.0,1.0,1.0,1.0,1.0,2.0,1.0,0.9,0.9,0.8,60.0,-291.46821881507,23.078289705525684,683.5152112644187,633.9210627182342,6.0
165,165.0,1.0,1.0,1.0,1.0,1.0,2.0,2.0,0.8,0.9,1.0,40.0,-464.52333687519064,4.435883168136524,736.2221240805234,150.21196734050164,10.0
166,166.0,1.0,1.0,1.0,1.0,1.0,1.0,1.0,0.9,0.9,0.9,30.0,-482.4783920591245,4.435883168136524,756.6286476724712,91.98747777246781,4.0
167,167.0,1.0,1.0,1.0,1.0,1.0,1.0,1.0,0.8,0.9,1.0,40.0,-443.28290376528497,17.228584059626538,767.6211640805233,364.40830255723347,4.0
168,168.0,1.0,1.0,1.0,1.0,1.0,3.0,2.0,1.0,1.0,0.9,60.0,-224.26740475350704,23.078289705525684,680.515647672471,552.2048910064627,4.0
169,169.0,1.0,1.0,1.0,1.0,1.0,2.0,2.0,0.7,1.0,0.9,30.0,-452.6371767713981,4.435883168136524,675.560487672471,156.1198730509215,10.0
170,170.0,1.0,1.0,1.0,1.0,1.0,1.0,2.0,0.7,1.0,1.0,60.0,-360.9110144504937,23.078289705525684,740.8241640805232,894.5465430375071,10.0
171,171.0,1.0,1.0,1.0,1.0,1.0,1.0,2.0,0.7,1.0,0.9,40.0,-338.6522970351616,23.078289705525684,703.0346476724711,438.0910069961145,2.0
172,172.0,1.0,1.0,1.0,1.0,1.0,3.0,1.0,0.7,0.9,1.0,40.0,-378.2634108926604,9.617224844721495,616.1821640805234,235.98188941621245,6.0
173,173.0,1.0,1.0,1.0,1.0,1.0,2.0,1.0,0.7,1.0,1.0,50.0,-416.6087560015769,14.616883262425365,713.3500040805234,453.1712795827561,8.0
174,174.0,1.0,1.0,1.0,1.0,1.0,2.0,1.0,1.0,1.0,1.0,30.0,-520.8219736899614,4.435883168136524,781.9663640805235,136.71170986157688,8.0
175,175.0,1.0,1.0,1.0,1.0,1.0,2.0,1.0,0.9,0.9,0.8,40.0,-436.20279914138285,4.435883168136524,683.5152112644187,130.80380415115704,8.0
176,176.0,1.0,1.0,1.0,1.0,1.0,1.0,2.0,0.9,1.0,0.9,30.0,-482.4519278956251,4.435883168136524,756.6286476724712,117.30354667223224,6.0
177,177.0,1.0,1.0,1.0,1.0,1.0,2.0,1.0,0.7,1.0,0.7,60.0,-250.1284095070719,23.078289705525684,599.9814548563663,666.3187750168108,6.0
178,178.0,1.0,1.0,1.0,1.0,1.0,1.0,2.0,0.7,1.0,0.7,30.0,-413.95663254146035,4.435883168136524,627.4556148563663,136.71170986157688,8.0
179,179.0,1.0,1.0,1.0,1.0,1.0,1.0,2.0,1.0,1.0,0.9,60.0,-254.4803300679537,23.078289705525684,783.425647672471,438.0910069961145,2.0
180,180.0,1.0,1.0,1.0,1.0,1.0,1.0,1.0,0.9,0.9,0.7,50.0,-324.03715930417565,23.078289705525684,681.0496148563664,519.8071787078861,4.0
181,181.0,1.0,1.0,1.0,1.0,1.0,3.0,2.0,0.7,0.9,1.0,60.0,-274.90038739905367,23.078289705525684,616.1821640805234,862.1488307389305,10.0
182,182.0,1.0,1.0,1.0,1.0,1.0,1.0,1.0,0.8,1.0,0.8,30.0,-446.3298424800627,4.435883168136524,692.0421312644187,97.89538348288765,4.0
183,183.0,1.0,1.0,1.0,1.0,1.0,2.0,2.0,0.8,0.9,0.7,50.0,-213.77189143196796,23.078289705525684,622.8535748563663,405.69329469753785,2.0
184,184.0,1.0,1.0,1.0,1.0,1.0,2.0,2.0,0.8,0.9,0.7,50.0,-213.77189143196796,23.078289705525684,622.8535748563663,405.69329469753785,2.0
185,185.0,1.0,1.0,1.0,1.0,1.0,2.0,2.0,0.8,1.0,0.9,60.0,-268.67602732818204,23.078289705525684,698.432607672471,666.3187750168108,6.0
186,186.0,1.0,1.0,1.0,1.0,1.0,1.0,1.0,0.8,1.0,0.7,40.0,-350.6877232074564,23.078289705525684,654.2526148563663,438.0910069961145,2.0
187,187.0,1.0,1.0,1.0,1.0,1.0,2.0,1.0,0.7,0.9,0.7,40.0,-341.4804057637548,17.228584059626538,599.9814548563663,364.40830255723347,4.0
188,188.0,1.0,1.0,1.0,1.0,1.0,1.0,1.0,0.9,0.9,0.7,50.0,-416.2926320644525,10.457588273626918,681.0496148563664,349.1238657952245,10.0
189,189.0,1.0,1.0,1.0,1.0,1.0,1.0,1.0,1.0,0.9,0.7,50.0,-340.5397804388698,23.078289705525684,707.8466148563664,519.8071787078861,4.0
190,190.0,1.0,1.0,1.0,1.0,1.0,2.0,1.0,0.9,0.9,0.8,40.0,-446.2757386799066,4.435883168136524,683.5152112644187,150.21196734050164,10.0
191,191.0,1.0,1.0,1.0,1.0,1.0,1.0,2.0,0.7,1.0,0.8,50.0,-249.0308855378664,23.078289705525684,665.2451312644187,438.0910069961145,2.0
192,192.0,1.0,1.0,1.0,1.0,1.0,2.0,2.0,1.0,0.9,0.7,30.0,-375.8652972392126,21.34758413565328,668.5978148563663,368.20023131139914,2.0
193,193.0,1.0,1.0,1.0,1.0,1.0,3.0,2.0,0.8,1.0,1.0,50.0,-272.2796365499623,23.078289705525684,650.2231640805235,552.2048910064627,4.0
194,194.0,1.0,1.0,1.0,1.0,1.0,3.0,2.0,1.0,1.0,1.0,40.0,-456.5395450365413,4.435883168136524,718.3051640805235,156.1198730509215,10.0
195,195.0,1.0,1.0,1.0,1.0,1.0,3.0,1.0,0.8,1.0,0.7,40.0,-338.61869393462393,4.971077571091431,536.8546148563664,130.61760539633434,6.0
196,196.0,1.0,1.0,1.0,1.0,1.0,1.0,2.0,1.0,0.9,0.7,50.0,-398.3702344614608,16.76690825196367,707.8466148563664,585.1085856123715,10.0
197,197.0,1.0,1.0,1.0,1.0,1.0,3.0,1.0,0.7,1.0,0.7,50.0,-257.84136313601755,20.369443467053202,502.8136148563663,570.7189213763774,6.0
198,198.0,1.0,1.0,1.0,1.0,1.0,3.0,2.0,0.9,1.0,0.8,40.0,-347.21458068304526,16.098655575530614,608.6851312644187,431.73428251103377,6.0
199,199.0,1.0,1.0,1.0,1.0,1.0,1.0,1.0,0.7,1.0,0.8,40.0,-438.2058487616542,4.435883168136524,665.2451312644187,156.1198730509215,10.0
200,200.0,1.0,1.0,1.0,1.0,1.0,2.0,1.0,0.9,1.0,0.9,60.0,-357.14151071653595,23.078289705525684,721.304727672471,780.4326590271588,8.0
201,201.0,1.0,1.0,1.0,1.0,1.0,2.0,2.0,0.9,0.9,1.0,40.0,-478.6037597339011,4.435883168136524,759.0942440805235,150.21196734050164,10.0
202,202.0,1.0,1.0,1.0,1.0,1.0,1.0,2.0,0.9,1.0,1.0,60.0,-294.0484681136527,23.078289705525684,794.4181640805233,552.2048910064627,4.0
203,203.0,1.0,1.0,1.0,1.0,1.0,2.0,2.0,1.0,1.0,0.7,60.0,-190.6502755512264,23.078289705525684,668.5978148563663,438.0910069961145,2.0
204,204.0,1.0,1.0,1.0,1.0,1.0,1.0,2.0,1.0,0.9,0.7,50.0,-366.0287145327355,22.29896888868372,707.8466148563664,716.5823377216565,8.0
205,205.0,1.0,1.0,1.0,1.0,1.0,2.0,1.0,0.8,0.9,1.0,50.0,-448.75691365683844,10.457588273626918,736.2221240805234,349.1238657952245,10.0
206,206.0,1.0,1.0,1.0,1.0,1.0,3.0,2.0,0.8,1.0,0.8,60.0,-193.16599160976017,23.078289705525684,574.6441312644188,666.3187750168108,6.0
207,207.0,1.0,1.0,1.0,1.0,1.0,1.0,1.0,0.9,0.9,0.8,50.0,-439.07412837610246,10.457588273626918,718.8391312644187,349.1238657952245,10.0
208,208.0,1.0,1.0,1.0,1.0,1.0,2.0,2.0,0.9,0.9,0.9,40.0,-373.5444849683668,23.078289705525684,721.304727672471,519.8071787078861,4.0
209,209.0,1.0,1.0,1.0,1.0,1.0,1.0,1.0,0.7,1.0,0.9,40.0,-412.93895957396643,15.616849859709033,703.0346476724711,345.73330841108884,4.0
210,210.0,1.0,1.0,1.0,1.0,1.0,2.0,1.0,0.7,1.0,0.9,50.0,-295.95279157853065,23.078289705525684,675.560487672471,438.0910069961145,2.0
211,211.0,1.0,1.0,1.0,1.0,1.0,3.0,2.0,0.8,1.0,0.8,60.0,-259.74451734724653,23.078289705525684,574.6441312644188,894.5465430375071,10.0
212,212.0,1.0,1.0,1.0,1.0,1.0,3.0,2.0,0.7,1.0,1.0,50.0,-349.1065929454112,15.319057170482901,616.1821640805234,547.4306891452019,10.0
213,213.0,1.0,1.0,1.0,1.0,1.0,2.0,2.0,0.9,1.0,1.0,30.0,-493.50657926194526,4.435883168136524,759.0942440805235,136.71170986157688,8.0
214,214.0,1.0,1.0,1.0,1.0,1.0,1.0,2.0,0.9,1.0,0.7,30.0,-436.88893527232506,4.435883168136524,681.0496148563664,117.30354667223224,6.0
215,215.0,1.0,1.0,1.0,1.0,1.0,1.0,1.0,1.0,0.9,0.9,30.0,-498.98101319381857,4.435883168136524,783.425647672471,91.98747777246781,4.0
216,216.0,1.0,1.0,1.0,1.0,1.0,1.0,1.0,0.7,0.9,0.9,50.0,-336.59490965808726,23.078289705525684,703.0346476724711,519.8071787078861,4.0
217,217.0,1.0,1.0,1.0,1.0,1.0,1.0,2.0,0.9,1.0,1.0,40.0,-394.4390356162,23.078289705525684,794.4181640805233,438.0910069961145,2.0
218,218.0,1.0,1.0,1.0,1.0,1.0,2.0,1.0,0.9,1.0,0.9,50.0,-357.402900164695,23.078289705525684,721.304727672471,552.2048910064627,4.0
219,219.0,1.0,1.0,1.0,1.0,1.0,2.0,1.0,0.7,0.9,0.7,40.0,-307.62718141980326,23.078289705525684,599.9814548563663,405.69329469753785,2.0
220,220.0,1.0,1.0,1.0,1.0,1.0,3.0,1.0,1.0,1.0,0.8,30.0,-405.75995702773747,4.435883168136524,642.7261312644187,78.48722029354303,2.0
221,221.0,1.0,1.0,1.0,1.0,1.0,3.0,1.0,0.7,1.0,1.0,50.0,-381.50846326471736,8.126778234860332,616.1821640805234,280.6095780711895,10.0
222,222.0,1.0,1.0,1.0,1.0,1.0,1.0,2.0,0.9,0.9,0.8,60.0,-209.9424678791657,23.078289705525684,718.8391312644187,405.69329469753785,2.0
223,223.0,1.0,1.0,1.0,1.0,1.0,2.0,2.0,0.7,0.9,0.9,40.0,-345.38363925094586,23.078289705525684,675.560487672471,519.8071787078861,4.0
224,224.0,1.0,1.0,1.0,1.0,1.0,3.0,1.0,0.8,0.9,1.0,40.0,-337.32355380669196,23.078289705525684,650.2231640805235,405.69329469753785,2.0
225,225.0,1.0,1.0,1.0,1.0,1.0,3.0,2.0,0.7,1.0,0.8,50.0,-205.91205407624219,23.078289705525684,540.6031312644187,552.2048910064627,4.0
226,226.0,1.0,1.0,1.0,1.0,1.0,3.0,2.0,0.8,1.0,0.8,40.0,-260.2672962435644,23.078289705525684,574.6441312644188,438.0910069961145,2.0
227,227.0,1.0,1.0,1.0,1.0,1.0,2.0,1.0,0.7,1.0,1.0,50.0,-385.6385584694488,20.369443467053202,713.3500040805234,570.7189213763774,6.0
228,228.0,1.0,1.0,1.0,1.0,1.0,3.0,2.0,0.7,1.0,0.8,40.0,-272.75196926188744,23.078289705525684,540.6031312644187,552.2048910064627,4.0
229,229.0,1.0,1.0,1.0,1.0,1.0,3.0,2.0,0.9,1.0,0.7,50.0,-224.73973746543226,23.078289705525684,570.8956148563664,552.2048910064627,4.0
230,230.0,1.0,1.0,1.0,1.0,1.0,1.0,2.0,0.7,0.9,1.0,60.0,-220.83376904369266,23.078289705525684,740.8241640805232,405.69329469753785,2.0
231,231.0,1.0,1.0,1.0,1.0,1.0,1.0,1.0,0.9,1.0,1.0,50.0,-435.5991886707232,20.369443467053202,794.4181640805233,570.7189213763774,6.0
232,232.0,1.0,1.0,1.0,1.0,1.0,1.0,2.0,1.0,0.9,1.0,60.0,-334.2378193960173,23.078289705525684,821.2151640805233,633.9210627182342,6.0
233,233.0,1.0,1.0,1.0,1.0,1.0,2.0,2.0,0.9,0.9,0.8,50.0,-350.50780522583767,22.29896888868372,683.5152112644187,716.5823377216565,8.0
234,234.0,1.0,1.0,1.0,1.0,1.0,1.0,2.0,0.8,1.0,0.7,50.0,-373.6728194755228,15.319057170482901,654.2526148563663,547.4306891452019,10.0
235,235.0,1.0,1.0,1.0,1.0,1.0,1.0,1.0,0.7,0.9,0.7,50.0,-383.2873897950641,10.457588273626918,627.4556148563663,349.1238657952245,10.0
236,236.0,1.0,1.0,1.0,1.0,1.0,1.0,2.0,0.9,1.0,1.0,30.0,-490.16668496212867,9.617224844721495,794.4181640805233,205.98698603477175,4.0
237,237.0,1.0,1.0,1.0,1.0,1.0,1.0,2.0,0.7,1.0,0.8,40.0,-315.87080072351165,23.078289705525684,665.2451312644187,438.0910069961145,2.0
238,238.0,1.0,1.0,1.0,1.0,1.0,3.0,2.0,1.0,1.0,0.7,50.0,-245.54432731585237,23.078289705525684,604.9366148563663,552.2048910064627,4.0
239,239.0,1.0,1.0,1.0,1.0,1.0,1.0,1.0,0.9,1.0,0.9,60.0,-412.0125134447606,18.312927771802244,756.6286476724712,673.6067643528023,10.0
240,240.0,1.0,1.0,1.0,1.0,1.0,2.0,1.0,0.8,1.0,0.7,60.0,-197.63030662829604,23.078289705525684,622.8535748563663,438.0910069961145,2.0
241,241.0,1.0,1.0,1.0,1.0,1.0,3.0,2.0,0.7,0.9,1.0,30.0,-392.68451974023685,4.435883168136524,616.1821640805234,111.39564096181242,6.0
242,242.0,1.0,1.0,1.0,1.0,1.0,2.0,2.0,0.7,1.0,0.9,40.0,-354.9861719720188,23.078289705525684,675.560487672471,552.2048910064627,4.0
243,243.0,1.0,1.0,1.0,1.0,1.0,2.0,2.0,0.9,1.0,1.0,60.0,-338.8272093672855,23.078289705525684,759.0942440805235,780.4326590271588,8.0
244,244.0,1.0,1.0,1.0,1.0,1.0,1.0,1.0,0.8,1.0,0.7,30.0,-433.62128570693636,4.435883168136524,654.2526148563663,117.30354667223224,6.0
245,245.0,1.0,1.0,1.0,1.0,1.0,1.0,1.0,0.8,0.9,0.9,40.0,-464.28145880219216,4.435883168136524,729.8316476724711,130.80380415115704,8.0
246,246.0,1.0,1.0,1.0,1.0,1.0,3.0,1.0,1.0,1.0,0.8,40.0,-414.13858444402314,4.435883168136524,642.7261312644187,136.71170986157688,8.0
247,247.0,1.0,1.0,1.0,1.0,1.0,3.0,1.0,0.7,0.9,0.8,50.0,-270.73106697014055,22.29896888868372,540.6031312644187,607.2803770234786,6.0
248,248.0,1.0,1.0,1.0,1.0,1.0,1.0,1.0,0.7,0.9,0.7,40.0,-324.5825693516893,23.078289705525684,627.4556148563663,405.69329469753785,2.0
249,249.0,1.0,1.0,1.0,1.0,1.0,1.0,1.0,0.9,1.0,0.7,60.0,-366.4495208214606,18.312927771802244,681.0496148563664,673.6067643528023,10.0
250,250.0,1.0,1.0,1.0,1.0,1.0,2.0,1.0,0.9,1.0,1.0,40.0,-446.92591367115136,15.616849859709033,759.0942440805235,345.73330841108884,4.0
251,251.0,1.0,1.0,1.0,1.0,1.0,2.0,2.0,0.8,1.0,0.8,40.0,-379.1385302393969,16.098655575530614,660.6430912644187,431.73428251103377,6.0
252,252.0,1.0,1.0,1.0,1.0,1.0,3.0,1.0,0.9,1.0,1.0,50.0,-334.1800240612828,23.078289705525684,684.2641640805234,552.2048910064627,4.0
253,253.0,1.0,1.0,1.0,1.0,1.0,3.0,1.0,0.7,0.9,0.8,40.0,-358.66218656400434,4.435883168136524,540.6031312644187,150.21196734050164,10.0
254,254.0,1.0,1.0,1.0,1.0,1.0,2.0,1.0,1.0,0.9,0.9,50.0,-427.44917134305956,16.098655575530614,744.1768476724711,484.48717528777075,8.0
255,255.0,1.0,1.0,1.0,1.0,1.0,3.0,1.0,1.0,1.0,0.8,40.0,-414.13858444402314,4.435883168136524,642.7261312644187,136.71170986157688,8.0
256,256.0,1.0,1.0,1.0,1.0,1.0,1.0,1.0,0.8,0.9,0.8,40.0,-451.5729020290659,4.435883168136524,692.0421312644187,150.21196734050164,10.0
257,257.0,1.0,1.0,1.0,1.0,1.0,3.0,2.0,0.8,1.0,0.8,60.0,-259.74451734724653,23.078289705525684,574.6441312644188,894.5465430375071,10.0
258,258.0,1.0,1.0,1.0,1.0,1.0,3.0,1.0,0.7,1.0,0.9,50.0,-269.7893480487927,23.078289705525684,578.3926476724711,552.2048910064627,4.0
259,259.0,1.0,1.0,1.0,1.0,1.0,1.0,2.0,1.0,0.9,1.0,30.0,-528.6734170132105,4.435883168136524,821.2151640805233,130.80380415115704,8.0
260,260.0,1.0,1.0,1.0,1.0,1.0,2.0,2.0,0.8,0.9,0.7,60.0,-280.0890277212955,23.078289705525684,622.8535748563663,862.1488307389305,10.0
261,261.0,1.0,1.0,1.0,1.0,1.0,3.0,1.0,1.0,0.9,0.7,30.0,-399.9887719258525,4.435883168136524,604.9366148563663,111.39564096181242,6.0
262,262.0,1.0,1.0,1.0,1.0,1.0,3.0,2.0,1.0,1.0,0.8,40.0,-335.1657388131475,23.078289705525684,642.7261312644187,552.2048910064627,4.0
263,263.0,1.0,1.0,1.0,1.0,1.0,3.0,2.0,0.7,0.9,0.9,60.0,-159.4986837976262,23.078289705525684,578.3926476724711,519.8071787078861,4.0
264,264.0,1.0,1.0,1.0,1.0,1.0,2.0,2.0,0.9,0.9,1.0,60.0,-230.79561635579412,23.078289705525684,759.0942440805235,405.69329469753785,2.0
265,265.0,1.0,1.0,1.0,1.0,1.0,1.0,2.0,0.8,1.0,0.9,40.0,-447.9259054930896,9.617224844721495,729.8316476724711,290.3096560096349,8.0
266,266.0,1.0,1.0,1.0,1.0,1.0,1.0,1.0,0.7,0.9,0.7,40.0,-358.4357936956408,17.228584059626538,627.4556148563663,364.40830255723347,4.0
267,267.0,1.0,1.0,1.0,1.0,1.0,1.0,2.0,0.7,0.9,0.7,50.0,-249.93611937388675,23.078289705525684,627.4556148563663,519.8071787078861,4.0
268,268.0,1.0,1.0,1.0,1.0,1.0,1.0,1.0,0.9,0.9,0.8,60.0,-313.2680032989235,23.078289705525684,718.8391312644187,633.9210627182342,6.0
269,269.0,1.0,1.0,1.0,1.0,1.0,2.0,2.0,0.7,1.0,0.9,60.0,-193.40996573111096,23.078289705525684,675.560487672471,438.0910069961145,2.0
270,270.0,1.0,1.0,1.0,1.0,1.0,2.0,1.0,0.7,0.9,0.8,60.0,-296.5966359663923,23.078289705525684,637.7709712644187,748.0349467285823,8.0
271,271.0,1.0,1.0,1.0,1.0,1.0,2.0,2.0,0.8,1.0,1.0,30.0,-489.4990959417585,4.435883168136524,736.2221240805234,156.1198730509215,10.0
272,272.0,1.0,1.0,1.0,1.0,1.0,1.0,1.0,0.7,1.0,1.0,40.0,-483.76884138495404,4.435883168136524,740.8241640805232,156.1198730509215,10.0
273,273.0,1.0,1.0,1.0,1.0,1.0,2.0,2.0,0.7,1.0,0.8,40.0,-365.05810738068647,16.098655575530614,637.7709712644187,431.73428251103377,6.0
274,274.0,1.0,1.0,1.0,1.0,1.0,3.0,1.0,0.7,1.0,0.8,50.0,-247.00785173714266,23.078289705525684,540.6031312644187,552.2048910064627,4.0
275,275.0,1.0,1.0,1.0,1.0,1.0,3.0,1.0,0.9,1.0,0.7,50.0,-299.45054283685766,20.369443467053202,570.8956148563664,570.7189213763774,6.0
276,276.0,1.0,1.0,1.0,1.0,1.0,2.0,2.0,1.0,1.0,0.9,50.0,-297.09826249376164,23.078289705525684,744.1768476724711,438.0910069961145,2.0
277,277.0,1.0,1.0,1.0,1.0,1.0,1.0,2.0,0.8,0.9,1.0,40.0,-368.333881760433,23.078289705525684,767.6211640805233,405.69329469753785,2.0
278,278.0,1.0,1.0,1.0,1.0,1.0,1.0,2.0,0.7,0.9,0.7,40.0,-379.05126912092163,12.063173059093632,627.4556148563663,352.1861672983064,8.0
279,279.0,1.0,1.0,1.0,1.0,1.0,2.0,1.0,1.0,1.0,0.7,40.0,-359.47098271700753,23.078289705525684,668.5978148563663,438.0910069961145,2.0
280,280.0,1.0,1.0,1.0,1.0,1.0,1.0,2.0,0.9,1.0,1.0,50.0,-427.7164594366003,20.369443467053202,794.4181640805233,668.4105627781189,8.0
281,281.0,1.0,1.0,1.0,1.0,1.0,2.0,1.0,0.9,0.9,0.8,50.0,-358.34461908604277,22.29896888868372,683.5152112644187,607.2803770234786,6.0
282,282.0,1.0,1.0,1.0,1.0,1.0,2.0,1.0,0.7,0.9,0.8,60.0,-197.45136827351317,23.078289705525684,637.7709712644187,405.69329469753785,2.0
283,283.0,1.0,1.0,1.0,1.0,1.0,3.0,2.0,0.7,1.0,0.9,40.0,-262.2442027047942,23.078289705525684,578.3926476724711,438.0910069961145,2.0
284,284.0,1.0,1.0,1.0,1.0,1.0,2.0,2.0,0.9,0.9,0.8,30.0,-444.80801877136287,4.435883168136524,683.5152112644187,130.80380415115704,8.0
285,285.0,1.0,1.0,1.0,1.0,1.0,3.0,1.0,0.9,1.0,1.0,40.0,-448.96992675542685,4.435883168136524,684.2641640805234,156.1198730509215,10.0
286,286.0,1.0,1.0,1.0,1.0,1.0,2.0,1.0,0.9,1.0,0.8,50.0,-423.55902275731967,8.126778234860332,683.5152112644187,280.6095780711895,10.0
287,287.0,1.0,1.0,1.0,1.0,1.0,2.0,2.0,0.8,0.9,0.7,30.0,-379.21663098387484,12.063173059093632,622.8535748563663,245.1329821477563,4.0
288,288.0,1.0,1.0,1.0,1.0,1.0,3.0,2.0,0.8,1.0,1.0,50.0,-238.9903736812191,23.078289705525684,650.2231640805235,438.0910069961145,2.0
289,289.0,1.0,1.0,1.0,1.0,1.0,1.0,2.0,0.9,0.9,1.0,50.0,-317.9965877094819,23.078289705525684,794.4181640805233,405.69329469753785,2.0
290,290.0,1.0,1.0,1.0,1.0,1.0,1.0,1.0,1.0,1.0,1.0,60.0,-451.2966308911047,18.312927771802244,821.2151640805233,673.6067643528023,10.0
291,291.0,1.0,1.0,1.0,1.0,1.0,3.0,2.0,1.0,0.9,0.8,30.0,-419.60823620672073,4.435883168136524,642.7261312644187,130.80380415115704,8.0
292,292.0,1.0,1.0,1.0,1.0,1.0,3.0,2.0,1.0,1.0,1.0,40.0,-456.5395450365413,4.435883168136524,718.3051640805235,156.1198730509215,10.0
293,293.0,1.0,1.0,1.0,1.0,1.0,3.0,1.0,0.9,0.9,0.8,60.0,-181.49910117698158,23.078289705525684,608.6851312644187,405.69329469753785,2.0
294,294.0,1.0,1.0,1.0,1.0,1.0,1.0,1.0,0.8,1.0,1.0,40.0,-419.03221214240637,23.078289705525684,767.6211640805233,438.0910069961145,2.0
295,295.0,1.0,1.0,1.0,1.0,1.0,1.0,2.0,0.8,1.0,1.0,40.0,-411.22567735024893,23.078289705525684,767.6211640805233,552.2048910064627,4.0
296,296.0,1.0,1.0,1.0,1.0,1.0,1.0,2.0,0.9,0.9,1.0,30.0,-512.1707958785164,4.435883168136524,794.4181640805233,130.80380415115704,8.0
297,297.0,1.0,1.0,1.0,1.0,1.0,1.0,2.0,0.9,1.0,1.0,30.0,-515.3063637457988,4.435883168136524,794.4181640805233,136.71170986157688,8.0
298,298.0,1.0,1.0,1.0,1.0,1.0,3.0,2.0,0.7,1.0,0.7,50.0,-151.92906792727788,23.078289705525684,502.8136148563663,438.0910069961145,2.0
299,299.0,1.0,1.0,1.0,1.0,1.0,3.0,2.0,1.0,0.9,0.7,40.0,-365.05694434181447,12.063173059093632,604.9366148563663,352.1861672983064,8.0
300,300.0,1.0,1.0,1.0,1.0,1.0,3.0,2.0,0.7,0.9,1.0,50.0,-275.1617768472126,23.078289705525684,616.1821640805234,633.9210627182342,6.0
301,301.0,1.0,1.0,1.0,1.0,1.0,3.0,2.0,0.9,0.9,1.0,60.0,-216.6417784936643,23.078289705525684,684.2641640805234,519.8071787078861,4.0
302,302.0,1.0,1.0,1.0,1.0,1.0,1.0,1.0,0.8,1.0,0.7,60.0,-283.5864185736521,23.078289705525684,654.2526148563663,666.3187750168108,6.0
303,303.0,1.0,1.0,1.0,1.0,1.0,1.0,1.0,0.8,1.0,0.8,50.0,-339.9185672022043,23.078289705525684,692.0421312644187,552.2048910064627,4.0
304,304.0,1.0,1.0,1.0,1.0,1.0,1.0,2.0,0.9,0.9,0.8,50.0,-339.0121208236684,23.078289705525684,718.8391312644187,633.9210627182342,6.0
305,305.0,1.0,1.0,1.0,1.0,1.0,3.0,2.0,0.7,1.0,0.9,50.0,-295.5216265251946,20.369443467053202,578.3926476724711,668.4105627781189,8.0
306,306.0,1.0,1.0,1.0,1.0,1.0,2.0,1.0,0.7,0.9,1.0,50.0,-407.989399078578,16.098655575530614,713.3500040805234,484.48717528777075,8.0
307,307.0,1.0,1.0,1.0,1.0,1.0,1.0,1.0,0.9,1.0,0.9,30.0,-475.5410203878831,4.435883168136524,756.6286476724712,78.48722029354303,2.0
308,308.0,1.0,1.0,1.0,1.0,1.0,1.0,1.0,0.7,0.9,0.8,40.0,-409.1085125997277,9.617224844721495,665.2451312644187,235.98188941621245,6.0
309,309.0,1.0,1.0,1.0,1.0,1.0,3.0,1.0,0.7,1.0,1.0,40.0,-397.28780751606297,4.435883168136524,616.1821640805234,136.71170986157688,8.0
310,310.0,1.0,1.0,1.0,1.0,1.0,2.0,1.0,0.7,0.9,1.0,60.0,-242.29183998346264,23.078289705525684,713.3500040805234,405.69329469753785,2.0
311,311.0,1.0,1.0,1.0,1.0,1.0,1.0,1.0,0.8,1.0,0.8,30.0,-466.47572155711026,4.435883168136524,692.0421312644187,136.71170986157688,8.0
312,312.0,1.0,1.0,1.0,1.0,1.0,2.0,1.0,1.0,0.9,0.8,60.0,-305.5486416737804,23.078289705525684,706.3873312644187,633.9210627182342,6.0
313,313.0,1.0,1.0,1.0,1.0,1.0,1.0,1.0,0.7,0.9,0.9,60.0,-369.9109799456196,19.95577521581524,703.0346476724711,720.0221203166622,10.0
314,314.0,1.0,1.0,1.0,1.0,1.0,1.0,1.0,0.9,0.9,1.0,50.0,-457.9500292798525,16.098655575530614,794.4181640805233,484.48717528777075,8.0
315,315.0,1.0,1.0,1.0,1.0,1.0,2.0,1.0,0.9,0.9,0.8,40.0,-436.20279914138285,4.435883168136524,683.5152112644187,130.80380415115704,8.0
316,316.0,1.0,1.0,1.0,1.0,1.0,2.0,2.0,1.0,1.0,0.8,30.0,-436.88433071368564,9.617224844721495,706.3873312644187,205.98698603477175,4.0
317,317.0,1.0,1.0,1.0,1.0,1.0,3.0,1.0,0.9,1.0,1.0,60.0,-234.0508460068943,23.078289705525684,684.2641640805234,438.0910069961145,2.0
318,318.0,1.0,1.0,1.0,1.0,1.0,2.0,2.0,1.0,1.0,0.8,60.0,-240.7661138652096,23.078289705525684,706.3873312644187,552.2048910064627,4.0
319,319.0,1.0,1.0,1.0,1.0,1.0,2.0,2.0,0.8,1.0,1.0,30.0,-469.35321686471104,4.435883168136524,736.2221240805234,117.30354667223224,6.0
320,320.0,1.0,1.0,1.0,1.0,1.0,2.0,2.0,0.9,0.9,0.7,50.0,-360.06782884291323,16.76690825196367,645.7256948563663,585.1085856123715,10.0
321,321.0,1.0,1.0,1.0,1.0,1.0,3.0,2.0,0.8,1.0,0.9,40.0,-392.1488690240513,4.435883168136524,612.4336476724711,156.1198730509215,10.0
322,322.0,1.0,1.0,1.0,1.0,1.0,3.0,1.0,0.7,1.0,1.0,50.0,-357.15604960309565,14.616883262425365,616.1821640805234,453.1712795827561,8.0
323,323.0,1.0,1.0,1.0,1.0,1.0,2.0,2.0,1.0,0.9,0.8,50.0,-298.00349632978225,23.078289705525684,706.3873312644187,519.8071787078861,4.0
324,324.0,1.0,1.0,1.0,1.0,1.0,1.0,2.0,0.9,0.9,1.0,40.0,-451.5249667046767,18.312927771802244,794.4181640805233,477.4621501895063,6.0
325,325.0,1.0,1.0,1.0,1.0,1.0,2.0,2.0,0.8,1.0,0.9,30.0,-466.7175996301086,4.435883168136524,698.432607672471,156.1198730509215,10.0
326,326.0,1.0,1.0,1.0,1.0,1.0,3.0,1.0,0.7,0.9,1.0,60.0,-184.93188875887722,23.078289705525684,616.1821640805234,405.69329469753785,2.0
327,327.0,1.0,1.0,1.0,1.0,1.0,2.0,1.0,1.0,1.0,0.9,50.0,-460.4209419276801,8.126778234860332,744.1768476724711,280.6095780711895,10.0
328,328.0,1.0,1.0,1.0,1.0,1.0,2.0,2.0,0.8,1.0,1.0,40.0,-391.8480911423792,23.078289705525684,736.2221240805234,552.2048910064627,4.0
329,329.0,1.0,1.0,1.0,1.0,1.0,2.0,2.0,0.7,1.0,1.0,60.0,-343.9556265186077,23.078289705525684,713.3500040805234,894.5465430375071,10.0
330,330.0,1.0,1.0,1.0,1.0,1.0,1.0,2.0,0.7,1.0,0.9,30.0,-406.0888139877145,18.312927771802244,703.0346476724711,330.1829304114267,2.0
331,331.0,1.0,1.0,1.0,1.0,1.0,2.0,1.0,0.7,0.9,0.9,50.0,-352.9652696802719,22.29896888868372,675.560487672471,607.2803770234786,6.0
332,332.0,1.0,1.0,1.0,1.0,1.0,2.0,2.0,1.0,1.0,0.9,40.0,-456.70916500264076,9.617224844721495,744.1768476724711,290.3096560096349,8.0
333,333.0,1.0,1.0,1.0,1.0,1.0,1.0,1.0,1.0,0.9,0.7,30.0,-463.49096010904236,4.435883168136524,707.8466148563664,111.39564096181242,6.0
334,334.0,1.0,1.0,1.0,1.0,1.0,1.0,1.0,0.8,0.9,0.8,40.0,-451.5729020290659,4.435883168136524,692.0421312644187,150.21196734050164,10.0
335,335.0,1.0,1.0,1.0,1.0,1.0,3.0,2.0,0.7,1.0,1.0,30.0,-395.8200876075192,4.435883168136524,616.1821640805234,117.30354667223224,6.0
336,336.0,1.0,1.0,1.0,1.0,1.0,1.0,1.0,0.9,0.9,0.8,50.0,-412.3870366565526,16.098655575530614,718.8391312644187,484.48717528777075,8.0
337,337.0,1.0,1.0,1.0,1.0,1.0,1.0,1.0,0.9,0.9,0.7,40.0,-445.29402685211016,4.435883168136524,681.0496148563664,150.21196734050164,10.0
338,338.0,1.0,1.0,1.0,1.0,1.0,3.0,1.0,0.7,1.0,1.0,50.0,-326.18585207096754,20.369443467053202,616.1821640805234,570.7189213763774,6.0
339,339.0,1.0,1.0,1.0,1.0,1.0,1.0,1.0,1.0,0.9,0.9,50.0,-352.8135101934265,23.078289705525684,783.425647672471,405.69329469753785,2.0
340,340.0,1.0,1.0,1.0,1.0,1.0,1.0,1.0,0.7,0.9,0.7,30.0,-403.91015716643597,4.435883168136524,627.4556148563663,91.98747777246781,4.0
341,341.0,1.0,1.0,1.0,1.0,1.0,3.0,1.0,1.0,1.0,0.9,30.0,-458.76027195495874,4.435883168136524,680.515647672471,136.71170986157688,8.0
342,342.0,1.0,1.0,1.0,1.0,1.0,3.0,1.0,0.7,1.0,0.9,30.0,-366.12768378812734,4.435883168136524,578.3926476724711,78.48722029354303,2.0
343,343.0,1.0,1.0,1.0,1.0,1.0,3.0,1.0,1.0,1.0,0.9,40.0,-436.9200807556732,4.435883168136524,680.515647672471,136.71170986157688,8.0
344,344.0,1.0,1.0,1.0,1.0,1.0,3.0,2.0,0.7,0.9,0.8,60.0,-196.04813190701043,23.078289705525684,540.6031312644187,748.0349467285823,8.0
345,345.0,1.0,1.0,1.0,1.0,1.0,1.0,2.0,0.8,1.0,1.0,50.0,-377.67502503334697,23.078289705525684,767.6211640805233,666.3187750168108,6.0
346,346.0,1.0,1.0,1.0,1.0,1.0,2.0,2.0,0.8,1.0,1.0,40.0,-424.701522862697,16.098655575530614,736.2221240805234,431.73428251103377,6.0
347,347.0,1.0,1.0,1.0,1.0,1.0,1.0,1.0,0.8,0.9,0.8,40.0,-363.8666867980335,23.078289705525684,692.0421312644187,405.69329469753785,2.0
348,348.0,1.0,1.0,1.0,1.0,1.0,3.0,2.0,0.9,0.9,0.9,50.0,-359.6264490511509,16.76690825196367,646.4746476724711,585.1085856123715,10.0
349,349.0,1.0,1.0,1.0,1.0,1.0,3.0,1.0,0.9,1.0,0.8,30.0,-405.10124625436487,4.435883168136524,608.6851312644187,117.30354667223224,6.0
350,350.0,1.0,1.0,1.0,1.0,1.0,2.0,1.0,0.8,1.0,0.7,60.0,-264.2088323657823,23.078289705525684,622.8535748563663,666.3187750168108,6.0
351,351.0,1.0,1.0,1.0,1.0,1.0,2.0,1.0,0.7,1.0,1.0,50.0,-385.6385584694488,20.369443467053202,713.3500040805234,570.7189213763774,6.0
352,352.0,1.0,1.0,1.0,1.0,1.0,1.0,1.0,0.8,0.9,0.8,30.0,-429.3808695704115,8.126778234860332,692.0421312644187,128.32602250183683,2.0
353,353.0,1.0,1.0,1.0,1.0,1.0,2.0,2.0,0.7,0.9,0.7,50.0,-199.6914685732574,23.078289705525684,599.9814548563663,405.69329469753785,2.0
354,354.0,1.0,1.0,1.0,1.0,1.0,3.0,2.0,0.7,1.0,0.9,30.0,-393.1844703729168,4.435883168136524,578.3926476724711,156.1198730509215,10.0
355,355.0,1.0,1.0,1.0,1.0,1.0,2.0,2.0,1.0,0.9,0.8,50.0,-364.5882280845482,22.29896888868372,706.3873312644187,716.5823377216565,8.0
356,356.0,1.0,1.0,1.0,1.0,1.0,2.0,2.0,0.9,0.9,1.0,60.0,-329.2246766462128,23.078289705525684,759.0942440805235,748.0349467285823,8.0
357,357.0,1.0,1.0,1.0,1.0,1.0,2.0,2.0,0.8,1.0,1.0,30.0,-469.35321686471104,4.435883168136524,736.2221240805234,117.30354667223224,6.0
358,358.0,1.0,1.0,1.0,1.0,1.0,2.0,1.0,0.9,1.0,0.8,30.0,-451.10561866942703,4.435883168136524,683.5152112644187,117.30354667223224,6.0
359,359.0,1.0,1.0,1.0,1.0,1.0,1.0,1.0,1.0,1.0,0.7,30.0,-486.77240705337226,4.435883168136524,707.8466148563664,156.1198730509215,10.0
360,360.0,1.0,1.0,1.0,1.0,1.0,3.0,2.0,1.0,1.0,0.9,30.0,-392.09448920860723,18.312927771802244,680.515647672471,330.1829304114267,2.0
361,361.0,1.0,1.0,1.0,1.0,1.0,2.0,1.0,0.7,1.0,0.9,50.0,-418.1796733515487,8.126778234860332,675.560487672471,280.6095780711895,10.0
362,362.0,1.0,1.0,1.0,1.0,1.0,3.0,1.0,1.0,0.9,1.0,30.0,-478.4062003993263,4.435883168136524,718.3051640805235,130.80380415115704,8.0
363,363.0,1.0,1.0,1.0,1.0,1.0,1.0,2.0,0.7,0.9,0.9,50.0,-295.49911199718684,23.078289705525684,703.0346476724711,519.8071787078861,4.0
364,364.0,1.0,1.0,1.0,1.0,1.0,3.0,1.0,0.8,0.9,0.7,40.0,-268.97906487174197,23.078289705525684,536.8546148563664,405.69329469753785,2.0
365,365.0,1.0,1.0,1.0,1.0,1.0,1.0,2.0,1.0,1.0,0.8,30.0,-496.3189317957169,4.435883168136524,745.6361312644187,156.1198730509215,10.0
366,366.0,1.0,1.0,1.0,1.0,1.0,1.0,2.0,0.7,0.9,0.7,60.0,-186.54573695045437,23.078289705525684,627.4556148563663,519.8071787078861,4.0
367,367.0,1.0,1.0,1.0,1.0,1.0,2.0,2.0,0.9,1.0,0.9,60.0,-218.15763591439116,23.078289705525684,721.304727672471,438.0910069961145,2.0
368,368.0,1.0,1.0,1.0,1.0,1.0,3.0,2.0,0.8,0.9,0.7,50.0,-227.6218777626826,23.078289705525684,536.8546148563664,633.9210627182342,6.0
369,369.0,1.0,1.0,1.0,1.0,1.0,3.0,1.0,0.8,0.9,0.7,60.0,-268.7444828423723,19.95577521581524,536.8546148563664,720.0221203166622,10.0
370,370.0,1.0,1.0,1.0,1.0,1.0,1.0,2.0,0.7,1.0,0.8,60.0,-315.3480218271938,23.078289705525684,665.2451312644187,894.5465430375071,10.0
371,371.0,1.0,1.0,1.0,1.0,1.0,1.0,1.0,0.7,1.0,1.0,50.0,-433.56414393346296,14.616883262425365,740.8241640805232,453.1712795827561,8.0
372,372.0,1.0,1.0,1.0,1.0,1.0,2.0,2.0,0.9,0.9,0.8,30.0,-434.7350792328392,4.435883168136524,683.5152112644187,111.39564096181242,6.0
373,373.0,1.0,1.0,1.0,1.0,1.0,1.0,2.0,0.7,1.0,1.0,50.0,-294.5938781611663,23.078289705525684,740.8241640805232,438.0910069961145,2.0
374,374.0,1.0,1.0,1.0,1.0,1.0,3.0,2.0,0.8,0.9,1.0,50.0,-229.38784096014615,23.078289705525684,650.2231640805235,405.69329469753785,2.0
375,375.0,1.0,1.0,1.0,1.0,1.0,1.0,1.0,1.0,0.9,0.9,30.0,-509.0539527323423,4.435883168136524,783.425647672471,111.39564096181242,6.0
376,376.0,1.0,1.0,1.0,1.0,1.0,2.0,2.0,0.8,1.0,0.9,50.0,-399.85822589095307,15.319057170482901,698.432607672471,547.4306891452019,10.0
377,377.0,1.0,1.0,1.0,1.0,1.0,1.0,1.0,0.8,1.0,0.9,50.0,-396.3150712243791,20.369443467053202,729.8316476724711,570.7189213763774,6.0
378,378.0,1.0,1.0,1.0,1.0,1.0,1.0,1.0,0.9,0.9,1.0,50.0,-457.9500292798525,16.098655575530614,794.4181640805233,484.48717528777075,8.0
379,379.0,1.0,1.0,1.0,1.0,1.0,2.0,2.0,0.7,1.0,0.7,40.0,-276.1339164799756,23.078289705525684,599.9814548563663,438.0910069961145,2.0
380,380.0,1.0,1.0,1.0,1.0,1.0,3.0,2.0,1.0,0.9,0.9,50.0,-314.7940500868228,23.078289705525684,680.515647672471,633.9210627182342,6.0
381,381.0,1.0,1.0,1.0,1.0,1.0,1.0,2.0,0.8,1.0,0.7,40.0,-342.881188415299,23.078289705525684,654.2526148563663,552.2048910064627,4.0
382,382.0,1.0,1.0,1.0,1.0,1.0,1.0,1.0,0.7,1.0,0.9,30.0,-452.60871765701853,4.435883168136524,703.0346476724711,97.89538348288765,4.0
383,383.0,1.0,1.0,1.0,1.0,1.0,2.0,1.0,0.7,0.9,0.8,40.0,-330.40867773145317,23.078289705525684,637.7709712644187,405.69329469753785,2.0
384,384.0,1.0,1.0,1.0,1.0,1.0,1.0,2.0,1.0,0.9,1.0,50.0,-401.0777345816625,23.078289705525684,821.2151640805233,633.9210627182342,6.0
385,385.0,1.0,1.0,1.0,1.0,1.0,2.0,1.0,0.8,1.0,0.9,30.0,-449.7337525838429,4.435883168136524,698.432607672471,97.89538348288765,4.0
386,386.0,1.0,1.0,1.0,1.0,1.0,1.0,1.0,1.0,1.0,0.9,50.0,-460.2905110258957,14.616883262425365,783.425647672471,453.1712795827561,8.0
387,387.0,1.0,1.0,1.0,1.0,1.0,3.0,2.0,1.0,0.9,0.9,60.0,-188.87741077803798,23.078289705525684,680.515647672471,405.69329469753785,2.0
388,388.0,1.0,1.0,1.0,1.0,1.0,2.0,1.0,0.7,1.0,0.8,50.0,-273.1712952668807,23.078289705525684,637.7709712644187,438.0910069961145,2.0
389,389.0,1.0,1.0,1.0,1.0,1.0,3.0,1.0,1.0,1.0,0.8,60.0,-309.16023184024385,23.078289705525684,642.7261312644187,780.4326590271588,8.0
390,390.0,1.0,1.0,1.0,1.0,1.0,2.0,1.0,1.0,1.0,0.9,30.0,-487.9675378397876,4.435883168136524,744.1768476724711,117.30354667223224,6.0
391,391.0,1.0,1.0,1.0,1.0,1.0,2.0,2.0,0.8,0.9,0.9,40.0,-392.8632630504627,18.312927771802244,698.432607672471,477.4621501895063,6.0
392,392.0,1.0,1.0,1.0,1.0,1.0,2.0,1.0,0.8,1.0,0.9,60.0,-376.13230610219654,18.312927771802244,698.432607672471,673.6067643528023,10.0
393,393.0,1.0,1.0,1.0,1.0,1.0,1.0,2.0,0.7,0.9,1.0,40.0,-467.3983019483661,4.435883168136524,740.8241640805232,150.21196734050164,10.0
394,394.0,1.0,1.0,1.0,1.0,1.0,3.0,1.0,0.9,0.9,0.9,50.0,-335.1217429826307,22.29896888868372,646.4746476724711,607.2803770234786,6.0
395,395.0,1.0,1.0,1.0,1.0,1.0,1.0,1.0,0.8,1.0,1.0,60.0,-351.930907508602,23.078289705525684,767.6211640805233,666.3187750168108,6.0
396,396.0,1.0,1.0,1.0,1.0,1.0,2.0,1.0,1.0,0.9,0.7,50.0,-283.02853481028933,23.078289705525684,668.5978148563663,405.69329469753785,2.0
397,397.0,1.0,1.0,1.0,1.0,1.0,3.0,1.0,0.9,0.9,0.7,60.0,-255.97161295710114,23.078289705525684,570.8956148563664,748.0349467285823,8.0
398,398.0,1.0,1.0,1.0,1.0,1.0,1.0,1.0,0.9,1.0,1.0,60.0,-368.43352864329626,23.078289705525684,794.4181640805233,666.3187750168108,6.0
399,399.0,1.0,1.0,1.0,1.0,1.0,3.0,2.0,0.9,1.0,0.7,60.0,-257.76761088601654,23.078289705525684,570.8956148563664,894.5465430375071,10.0
