,ID,D_ActivacionIAV_Mor,D_ActivacionICV_Mor,Opt_CalculoRagaliasIncrementales_Mor,Unc_MultPreciobaseValorGas,Opt_EscCAPEX_Perforacion,Opt_EscVentaCrudo,Unc_MultCAPEXFacilidadesIAV_Mor,Unc_MultCAPEXFacilidadesICV_Mor,Unc_MultCAPEXPerfo_UGE_Mor,Unc_MultOPEX_Mor,E_Brent,Total_VPN,volumen_Mbls,Capex,opex,flat
0,0.0,1.0,1.0,1.0,1.0,3.0,2.0,0.7,0.7,1.0,1.0,40.0,-883.8234859464044,113.81991637288002,2619.6934204236272,2304.311091897589,4.0
1,1.0,1.0,1.0,1.0,1.0,3.0,2.0,0.8,0.8,0.7,0.9,40.0,-658.1855296026305,123.94374175228508,2343.698480484145,2513.422326629025,4.0
2,2.0,1.0,1.0,1.0,1.0,2.0,2.0,0.7,0.7,0.7,0.9,60.0,-307.6313232495384,130.58794234320223,2578.5873004236273,3510.0077990509953,6.0
3,3.0,1.0,1.0,1.0,1.0,3.0,1.0,0.7,0.7,1.0,0.9,60.0,-521.2371033853616,130.58794234320223,2619.6934204236272,3510.0077990509953,6.0
4,4.0,1.0,1.0,1.0,1.0,3.0,1.0,1.0,1.0,0.8,1.0,30.0,-1668.4282350679384,41.50495899604326,2818.734600605181,853.1346878562751,8.0
5,5.0,1.0,1.0,1.0,1.0,1.0,2.0,0.9,0.9,0.7,1.0,60.0,-599.850676339919,130.58794234320223,3153.0405405446627,3639.1268213130256,6.0
6,6.0,1.0,1.0,1.0,1.0,2.0,1.0,0.9,0.9,1.0,0.9,30.0,-2083.7537699055674,41.50495899604326,3518.0799405446633,828.8116260759891,8.0
7,7.0,1.0,1.0,1.0,1.0,3.0,1.0,0.7,0.7,0.8,0.9,30.0,-1496.7765825065646,41.50495899604326,2326.257420423627,981.2876435893429,10.0
8,8.0,1.0,1.0,1.0,1.0,2.0,2.0,0.9,0.9,0.8,0.9,50.0,-901.1834603334297,127.66028995263277,3110.630260544663,3388.8437192038896,6.0
9,9.0,1.0,1.0,1.0,1.0,2.0,1.0,0.7,0.7,0.9,1.0,40.0,-1335.7126036934528,80.09403807473525,2986.036980423627,1332.014446590384,4.0
10,10.0,1.0,1.0,1.0,1.0,2.0,1.0,1.0,1.0,0.9,0.9,40.0,-1703.996431214274,63.93268598001005,3478.514160605181,1167.9792324953817,6.0
11,11.0,1.0,1.0,1.0,1.0,3.0,2.0,0.8,0.8,0.7,0.9,40.0,-450.16821122309875,130.58794234320223,2343.698480484145,1944.7167332558456,2.0
12,12.0,1.0,1.0,1.0,1.0,2.0,1.0,0.7,0.7,1.0,1.0,30.0,-1859.1695276556359,41.50495899604326,3189.7618204236273,700.6586703429214,6.0
13,13.0,1.0,1.0,1.0,1.0,2.0,2.0,0.9,0.9,0.8,1.0,30.0,-1528.7323644563526,68.23891945444271,3110.630260544663,1040.161079404463,4.0
14,14.0,1.0,1.0,1.0,1.0,1.0,1.0,0.8,0.8,0.8,0.9,40.0,-1589.2879441651462,63.93268598001005,3227.768480484145,1167.9792324953817,6.0
15,15.0,1.0,1.0,1.0,1.0,3.0,2.0,0.7,0.7,0.9,0.9,40.0,-1248.8709840779015,52.38197966632623,2472.975420423627,1296.4470010963419,10.0
16,16.0,1.0,1.0,1.0,1.0,2.0,2.0,1.0,1.0,1.0,1.0,50.0,-802.9341575105003,130.58794234320223,3682.2390006051814,2073.835755517876,2.0
17,17.0,1.0,1.0,1.0,1.0,1.0,1.0,0.9,0.9,0.9,0.9,30.0,-2148.0717547288787,41.50495899604326,3630.8145405446635,828.8116260759891,8.0
18,18.0,1.0,1.0,1.0,1.0,2.0,1.0,0.8,0.8,0.9,0.9,30.0,-1963.0617751237855,41.50495899604326,3150.196040484145,981.2876435893429,10.0
19,19.0,1.0,1.0,1.0,1.0,2.0,1.0,1.0,1.0,0.9,1.0,30.0,-1754.139149583313,70.85427533892505,3478.514160605181,793.0567408958491,2.0
20,20.0,1.0,1.0,1.0,1.0,3.0,2.0,1.0,1.0,0.8,0.9,50.0,-1117.251779248294,68.90193226572049,2818.734600605181,1893.561086379984,10.0
21,21.0,1.0,1.0,1.0,1.0,3.0,2.0,0.7,0.7,0.7,1.0,30.0,-1231.9332061124746,41.50495899604326,2179.539420423627,853.1346878562751,8.0
22,22.0,1.0,1.0,1.0,1.0,1.0,2.0,0.8,0.8,1.0,1.0,60.0,-516.4798314422319,130.58794234320223,3705.542480484145,2073.835755517876,2.0
23,23.0,1.0,1.0,1.0,1.0,1.0,1.0,0.8,0.8,1.0,0.9,50.0,-1264.9756245008984,130.58794234320223,3705.542480484145,2727.3622661534205,4.0
24,24.0,1.0,1.0,1.0,1.0,3.0,2.0,0.9,0.9,1.0,0.9,50.0,-1044.482029752252,84.26963300998734,2948.011540544663,2185.7683284579057,8.0
25,25.0,1.0,1.0,1.0,1.0,3.0,1.0,0.7,0.7,1.0,1.0,50.0,-701.0008381408728,130.58794234320223,2619.6934204236272,2856.4812884154503,4.0
26,26.0,1.0,1.0,1.0,1.0,2.0,2.0,0.8,0.8,0.8,0.9,50.0,-827.7285659706018,127.66028995263277,2946.471200484145,3388.8437192038896,6.0
27,27.0,1.0,1.0,1.0,1.0,2.0,1.0,0.8,0.8,0.9,1.0,30.0,-1896.9718907983765,41.50495899604326,3150.196040484145,853.1346878562751,8.0
28,28.0,1.0,1.0,1.0,1.0,1.0,2.0,1.0,1.0,0.7,0.9,50.0,-1239.2496004098766,84.26963300998734,3317.199600605181,2185.7683284579057,8.0
29,29.0,1.0,1.0,1.0,1.0,3.0,1.0,1.0,1.0,0.8,1.0,40.0,-1336.2999098708253,62.443653980531586,2818.734600605181,1169.505689112866,6.0
30,30.0,1.0,1.0,1.0,1.0,1.0,1.0,0.9,0.9,0.9,0.9,60.0,-808.4319481343447,130.58794234320223,3630.8145405446635,2727.3622661534205,4.0
31,31.0,1.0,1.0,1.0,1.0,1.0,1.0,0.8,0.8,1.0,0.9,50.0,-1264.9756245008984,130.58794234320223,3705.542480484145,2727.3622661534205,4.0
32,32.0,1.0,1.0,1.0,1.0,3.0,2.0,0.7,0.7,1.0,0.9,50.0,-1053.8105805406417,68.90193226572049,2619.6934204236272,1893.561086379984,10.0
33,33.0,1.0,1.0,1.0,1.0,3.0,2.0,0.7,0.7,0.9,1.0,40.0,-1265.0196917332878,52.38197966632623,2472.975420423627,1328.469547707779,10.0
34,34.0,1.0,1.0,1.0,1.0,2.0,1.0,0.7,0.7,0.8,0.9,40.0,-1345.7838536195484,63.93268598001005,2782.312140423627,1167.9792324953817,6.0
35,35.0,1.0,1.0,1.0,1.0,1.0,2.0,1.0,1.0,1.0,1.0,60.0,-841.0631794965113,130.58794234320223,4033.8606006051814,2856.4812884154503,4.0
36,36.0,1.0,1.0,1.0,1.0,2.0,2.0,1.0,1.0,1.0,0.9,40.0,-1640.114362760423,77.404691278589,3682.2390006051814,1558.1381383897024,6.0
37,37.0,1.0,1.0,1.0,1.0,1.0,2.0,1.0,1.0,0.8,1.0,60.0,-793.7947364095857,130.58794234320223,3556.0866006051815,3639.1268213130256,6.0
38,38.0,1.0,1.0,1.0,1.0,1.0,1.0,1.0,1.0,0.9,0.9,30.0,-2053.695034031402,52.38197966632623,3794.973600605181,691.5005521402959,4.0
39,39.0,1.0,1.0,1.0,1.0,1.0,2.0,0.7,0.7,1.0,0.9,40.0,-1607.6939653528111,77.404691278589,3541.383420423627,1558.1381383897024,6.0
40,40.0,1.0,1.0,1.0,1.0,3.0,2.0,0.8,0.8,0.7,0.9,40.0,-886.9607813834335,77.404691278589,2343.698480484145,1558.1381383897024,6.0
41,41.0,1.0,1.0,1.0,1.0,2.0,2.0,0.9,0.9,1.0,0.9,30.0,-1874.4986317967696,52.38197966632623,3518.0799405446633,893.1493684589781,6.0
42,42.0,1.0,1.0,1.0,1.0,3.0,1.0,0.9,0.9,0.8,0.9,40.0,-1451.1698146833417,41.50495899604326,2654.5755405446635,981.2876435893429,10.0
43,43.0,1.0,1.0,1.0,1.0,1.0,2.0,0.9,0.9,0.9,0.9,60.0,-616.9677664012436,130.58794234320223,3630.8145405446635,2727.3622661534205,4.0
44,44.0,1.0,1.0,1.0,1.0,1.0,1.0,0.7,0.7,0.7,0.9,40.0,-1582.4961866333142,41.50495899604326,2824.7224204236268,981.2876435893429,10.0
45,45.0,1.0,1.0,1.0,1.0,3.0,2.0,0.8,0.8,0.7,1.0,30.0,-1216.740937037427,52.38197966632623,2343.698480484145,925.1719150704149,6.0
46,46.0,1.0,1.0,1.0,1.0,2.0,1.0,0.9,0.9,1.0,1.0,30.0,-2175.7163353570013,41.50495899604326,3518.0799405446633,1005.6107053696289,10.0
47,47.0,1.0,1.0,1.0,1.0,2.0,2.0,1.0,1.0,1.0,0.9,30.0,-2130.4238507771342,41.50495899604326,3682.2390006051814,981.2876435893429,10.0
48,48.0,1.0,1.0,1.0,1.0,1.0,2.0,0.7,0.7,1.0,1.0,40.0,-1890.6997164857962,52.38197966632623,3541.383420423627,1328.469547707779,10.0
49,49.0,1.0,1.0,1.0,1.0,1.0,2.0,0.7,0.7,0.7,0.9,40.0,-1451.5415448628307,52.38197966632623,2824.7224204236268,1296.4470010963419,10.0
50,50.0,1.0,1.0,1.0,1.0,1.0,1.0,0.9,0.9,0.9,1.0,30.0,-1990.5965627245273,52.38197966632623,3630.8145405446635,723.5230987517327,4.0
51,51.0,1.0,1.0,1.0,1.0,1.0,1.0,0.9,0.9,1.0,0.9,30.0,-2368.101134273161,41.50495899604326,3869.7015405446637,981.2876435893429,10.0
52,52.0,1.0,1.0,1.0,1.0,2.0,1.0,0.8,0.8,0.7,0.9,60.0,-366.38676387773666,130.58794234320223,2742.746360484145,2727.3622661534205,4.0
53,53.0,1.0,1.0,1.0,1.0,3.0,1.0,0.8,0.8,1.0,1.0,30.0,-1763.2604402109687,41.50495899604326,2783.8524804841454,1005.6107053696289,10.0
54,54.0,1.0,1.0,1.0,1.0,3.0,1.0,1.0,1.0,0.7,1.0,30.0,-1279.9509668387877,70.85427533892505,2672.0166006051813,793.0567408958491,2.0
55,55.0,1.0,1.0,1.0,1.0,2.0,1.0,0.9,0.9,0.8,0.9,50.0,-1330.1225275731595,70.85427533892505,3110.630260544663,1667.5929991855721,8.0
56,56.0,1.0,1.0,1.0,1.0,2.0,1.0,1.0,1.0,0.7,1.0,40.0,-1689.4492664476904,41.50495899604326,3071.064480605181,1005.6107053696289,10.0
57,57.0,1.0,1.0,1.0,1.0,3.0,2.0,0.7,0.7,0.9,0.9,50.0,-395.3999597755473,130.58794234320223,2472.975420423627,2727.3622661534205,4.0
58,58.0,1.0,1.0,1.0,1.0,3.0,2.0,0.9,0.9,0.8,1.0,60.0,-159.20646008604348,130.58794234320223,2654.5755405446635,2856.4812884154503,4.0
59,59.0,1.0,1.0,1.0,1.0,3.0,2.0,0.8,0.8,0.9,1.0,40.0,-1238.0163544264196,60.93331026846043,2637.1344804841456,1377.1320590572682,8.0
60,60.0,1.0,1.0,1.0,1.0,3.0,2.0,0.9,0.9,0.7,0.9,40.0,-735.8360538171626,123.94374175228508,2507.857540544663,2513.422326629025,4.0
61,61.0,1.0,1.0,1.0,1.0,1.0,1.0,0.8,0.8,1.0,1.0,60.0,-899.5420077940926,130.58794234320223,3705.542480484145,2856.4812884154503,4.0
62,62.0,1.0,1.0,1.0,1.0,3.0,1.0,0.8,0.8,0.7,1.0,30.0,-1501.8099329422728,41.50495899604326,2343.698480484145,1005.6107053696289,10.0
63,63.0,1.0,1.0,1.0,1.0,3.0,2.0,0.7,0.7,0.9,1.0,60.0,-651.432458041104,87.3084364982703,2472.975420423627,2804.407602699597,10.0
64,64.0,1.0,1.0,1.0,1.0,1.0,1.0,0.7,0.7,1.0,0.9,40.0,-1375.430030999206,130.58794234320223,3541.383420423627,1944.7167332558456,2.0
65,65.0,1.0,1.0,1.0,1.0,1.0,2.0,0.9,0.9,0.7,1.0,40.0,-1374.0128130990913,75.11727595467387,3153.0405405446627,1539.7035389953503,6.0
66,66.0,1.0,1.0,1.0,1.0,2.0,2.0,0.9,0.9,1.0,0.9,40.0,-1560.867183798162,77.404691278589,3518.0799405446633,1558.1381383897024,6.0
67,67.0,1.0,1.0,1.0,1.0,2.0,2.0,0.7,0.7,0.7,0.9,60.0,-504.40771729924006,130.29885231276955,2578.5873004236273,4278.034793040378,8.0
68,68.0,1.0,1.0,1.0,1.0,3.0,1.0,0.8,0.8,0.7,1.0,40.0,-1297.708807194528,41.50495899604326,2343.698480484145,1005.6107053696289,10.0
69,69.0,1.0,1.0,1.0,1.0,2.0,1.0,0.7,0.7,0.8,0.9,40.0,-929.1668101041508,130.58794234320223,2782.312140423627,1944.7167332558456,2.0
70,70.0,1.0,1.0,1.0,1.0,3.0,2.0,0.9,0.9,0.9,0.9,30.0,-1101.032640833321,119.96669715945328,2801.2935405446633,1699.268152240132,2.0
71,71.0,1.0,1.0,1.0,1.0,3.0,1.0,0.9,0.9,0.9,0.9,50.0,-729.0044865830763,130.58794234320223,2801.2935405446633,2727.3622661534205,4.0
72,72.0,1.0,1.0,1.0,1.0,3.0,2.0,0.7,0.7,1.0,0.9,30.0,-1559.4735977065795,41.50495899604326,2619.6934204236272,981.2876435893429,10.0
73,73.0,1.0,1.0,1.0,1.0,1.0,2.0,0.9,0.9,0.7,0.9,30.0,-1754.462122438044,41.50495899604326,3153.0405405446627,828.8116260759891,8.0
74,74.0,1.0,1.0,1.0,1.0,2.0,1.0,0.7,0.7,0.9,1.0,40.0,-1088.1247297753305,130.58794234320223,2986.036980423627,2073.835755517876,2.0
75,75.0,1.0,1.0,1.0,1.0,3.0,1.0,0.9,0.9,0.7,1.0,30.0,-1423.00466212769,41.50495899604326,2507.857540544663,700.6586703429214,6.0
76,76.0,1.0,1.0,1.0,1.0,2.0,2.0,0.7,0.7,0.9,0.9,30.0,-1461.5642863875973,70.24022911054423,2986.036980423627,1038.2681520253648,4.0
77,77.0,1.0,1.0,1.0,1.0,3.0,2.0,0.8,0.8,0.9,0.9,40.0,-1210.5771054292782,63.93268598001005,2637.1344804841456,1432.0305995300369,8.0
78,78.0,1.0,1.0,1.0,1.0,2.0,1.0,0.7,0.7,0.8,1.0,30.0,-1395.926571988588,70.85427533892505,2782.312140423627,793.0567408958491,2.0
79,79.0,1.0,1.0,1.0,1.0,2.0,2.0,0.7,0.7,0.9,0.9,30.0,-1693.1850482939874,41.50495899604326,2986.036980423627,828.8116260759891,8.0
80,80.0,1.0,1.0,1.0,1.0,2.0,1.0,0.9,0.9,0.9,0.9,40.0,-1742.884425016878,52.38197966632623,3314.3551005446634,1094.79818477766,8.0
81,81.0,1.0,1.0,1.0,1.0,2.0,1.0,0.9,0.9,1.0,0.9,50.0,-904.4155620706213,130.58794234320223,3518.0799405446633,1944.7167332558456,2.0
82,82.0,1.0,1.0,1.0,1.0,2.0,1.0,0.7,0.7,0.7,1.0,50.0,-1080.4831719555427,68.90193226572049,2578.5873004236273,1645.1552771195327,8.0
83,83.0,1.0,1.0,1.0,1.0,2.0,2.0,1.0,1.0,0.8,0.9,30.0,-1810.4555444728278,41.50495899604326,3274.7893206051813,828.8116260759891,8.0
84,84.0,1.0,1.0,1.0,1.0,2.0,2.0,0.8,0.8,1.0,0.9,30.0,-1661.2825060578004,70.24022911054423,3353.920880484145,1038.2681520253648,4.0
85,85.0,1.0,1.0,1.0,1.0,1.0,2.0,0.7,0.7,0.7,1.0,30.0,-1608.9041050765345,41.50495899604326,2824.7224204236268,853.1346878562751,8.0
86,86.0,1.0,1.0,1.0,1.0,1.0,2.0,0.7,0.7,0.8,0.9,60.0,-193.98343300748385,130.58794234320223,3063.6094204236274,1944.7167332558456,2.0
87,87.0,1.0,1.0,1.0,1.0,1.0,1.0,0.7,0.7,0.7,1.0,30.0,-1799.5336529440715,41.50495899604326,2824.7224204236268,1005.6107053696289,10.0
88,88.0,1.0,1.0,1.0,1.0,3.0,2.0,0.9,0.9,0.9,1.0,60.0,-232.30068448759718,130.58794234320223,2801.2935405446633,2856.4812884154503,4.0
89,89.0,1.0,1.0,1.0,1.0,2.0,2.0,1.0,1.0,0.7,0.9,30.0,-1592.3326886352029,52.38197966632623,3071.064480605181,893.1493684589781,6.0
90,90.0,1.0,1.0,1.0,1.0,2.0,2.0,0.9,0.9,0.8,0.9,40.0,-1319.925102382277,77.404691278589,3110.630260544663,1558.1381383897024,6.0
91,91.0,1.0,1.0,1.0,1.0,3.0,1.0,1.0,1.0,0.9,0.9,30.0,-1431.3371621798144,75.11727595467387,2965.452600605181,814.2825070039069,2.0
92,92.0,1.0,1.0,1.0,1.0,3.0,1.0,0.8,0.8,0.7,1.0,60.0,-24.436852528333837,130.58794234320223,2343.698480484145,2073.835755517876,2.0
93,93.0,1.0,1.0,1.0,1.0,3.0,1.0,1.0,1.0,0.9,1.0,60.0,-683.1613631337673,130.58794234320223,2965.452600605181,3639.1268213130256,6.0
94,94.0,1.0,1.0,1.0,1.0,1.0,2.0,0.7,0.7,1.0,0.9,50.0,-746.20409276951,130.58794234320223,3541.383420423627,1944.7167332558456,2.0
95,95.0,1.0,1.0,1.0,1.0,1.0,1.0,0.8,0.8,0.7,1.0,50.0,-665.9049231645787,130.58794234320223,2988.881480484145,2073.835755517876,2.0
96,96.0,1.0,1.0,1.0,1.0,3.0,1.0,1.0,1.0,0.8,0.9,30.0,-1481.867994845188,52.38197966632623,2818.734600605181,691.5005521402959,4.0
97,97.0,1.0,1.0,1.0,1.0,2.0,1.0,0.9,0.9,0.8,0.9,40.0,-1622.413384308936,52.38197966632623,3110.630260544663,1094.79818477766,8.0
98,98.0,1.0,1.0,1.0,1.0,2.0,1.0,1.0,1.0,0.9,0.9,50.0,-864.0448263145994,130.58794234320223,3478.514160605181,1944.7167332558456,2.0
99,99.0,1.0,1.0,1.0,1.0,1.0,2.0,0.7,0.7,1.0,1.0,60.0,-1047.1801592635625,122.98836071631062,3541.383420423627,4031.7880686951094,8.0
100,100.0,1.0,1.0,1.0,1.0,3.0,2.0,0.8,0.8,0.7,0.9,30.0,-1377.2702694001448,41.50495899604326,2343.698480484145,981.2876435893429,10.0
101,101.0,1.0,1.0,1.0,1.0,3.0,2.0,0.9,0.9,0.7,1.0,50.0,-409.08203781834794,130.58794234320223,2507.857540544663,2856.4812884154503,4.0
102,102.0,1.0,1.0,1.0,1.0,3.0,2.0,0.9,0.9,1.0,1.0,60.0,-695.1134146652593,122.98836071631062,2948.011540544663,4031.7880686951094,8.0
103,103.0,1.0,1.0,1.0,1.0,2.0,2.0,0.7,0.7,0.9,1.0,30.0,-1785.1476137454215,41.50495899604326,2986.036980423627,1005.6107053696289,10.0
104,104.0,1.0,1.0,1.0,1.0,1.0,1.0,0.7,0.7,1.0,1.0,30.0,-1842.1897928836436,70.85427533892505,3541.383420423627,793.0567408958491,2.0
105,105.0,1.0,1.0,1.0,1.0,3.0,1.0,1.0,1.0,1.0,1.0,40.0,-1360.716465104406,80.09403807473525,3112.170600605181,1332.014446590384,4.0
106,106.0,1.0,1.0,1.0,1.0,3.0,2.0,0.7,0.7,0.9,1.0,30.0,-1406.233544291605,41.50495899604326,2472.975420423627,853.1346878562751,8.0
107,107.0,1.0,1.0,1.0,1.0,2.0,2.0,0.9,0.9,0.8,1.0,40.0,-1350.7590561716142,75.11727595467387,3110.630260544663,1539.7035389953503,6.0
108,108.0,1.0,1.0,1.0,1.0,1.0,1.0,1.0,1.0,0.9,1.0,50.0,-1566.9341931922866,90.2139868922699,3794.973600605181,2056.043416929866,6.0
109,109.0,1.0,1.0,1.0,1.0,1.0,2.0,1.0,1.0,0.9,1.0,50.0,-860.6969132286541,130.58794234320223,3794.973600605181,2073.835755517876,2.0
110,110.0,1.0,1.0,1.0,1.0,2.0,2.0,1.0,1.0,0.7,1.0,40.0,-1309.5351944259328,75.11727595467387,3071.064480605181,1539.7035389953503,6.0
111,111.0,1.0,1.0,1.0,1.0,3.0,1.0,0.7,0.7,0.7,0.9,60.0,-291.1019387904886,130.58794234320223,2179.539420423627,3510.0077990509953,6.0
112,112.0,1.0,1.0,1.0,1.0,1.0,1.0,0.9,0.9,0.8,0.9,50.0,-1062.8506549466067,130.58794234320223,3391.9275405446633,2727.3622661534205,4.0
113,113.0,1.0,1.0,1.0,1.0,1.0,2.0,0.9,0.9,0.7,0.9,60.0,-770.0727056549147,130.29885231276955,3153.0405405446627,4278.034793040378,8.0
114,114.0,1.0,1.0,1.0,1.0,2.0,2.0,0.8,0.8,0.8,1.0,40.0,-1417.433158283872,60.93331026846043,2946.471200484145,1377.1320590572682,8.0
115,115.0,1.0,1.0,1.0,1.0,3.0,1.0,1.0,1.0,0.8,0.9,40.0,-1153.9506420941311,84.26963300998734,2818.734600605181,1380.2978353122498,4.0
116,116.0,1.0,1.0,1.0,1.0,1.0,1.0,0.7,0.7,1.0,0.9,40.0,-1910.1822472794697,52.38197966632623,3541.383420423627,1094.79818477766,8.0
117,117.0,1.0,1.0,1.0,1.0,2.0,1.0,0.8,0.8,0.9,1.0,50.0,-1223.650809736511,90.2139868922699,3150.196040484145,2056.043416929866,6.0
118,118.0,1.0,1.0,1.0,1.0,1.0,1.0,0.9,0.9,1.0,1.0,50.0,-1147.0848971268229,130.58794234320223,3869.7015405446637,2073.835755517876,2.0
119,119.0,1.0,1.0,1.0,1.0,2.0,2.0,0.7,0.7,0.8,1.0,50.0,-1010.4321706243245,80.09403807473525,2782.312140423627,2075.4610081582705,8.0
120,120.0,1.0,1.0,1.0,1.0,1.0,2.0,0.8,0.8,0.9,0.9,60.0,-748.2386554571656,130.58794234320223,3466.655480484145,3510.0077990509953,6.0
121,121.0,1.0,1.0,1.0,1.0,1.0,2.0,1.0,1.0,0.9,0.9,60.0,-496.8375664480798,130.58794234320223,3794.973600605181,1944.7167332558456,2.0
122,122.0,1.0,1.0,1.0,1.0,3.0,1.0,0.7,0.7,0.7,1.0,50.0,-847.2370706269022,68.90193226572049,2179.539420423627,1645.1552771195327,8.0
123,123.0,1.0,1.0,1.0,1.0,2.0,1.0,0.8,0.8,1.0,1.0,50.0,-1344.1218504444537,90.2139868922699,3353.920880484145,2056.043416929866,6.0
124,124.0,1.0,1.0,1.0,1.0,2.0,1.0,0.9,0.9,0.9,0.9,30.0,-2042.3089540860462,41.50495899604326,3314.3551005446634,981.2876435893429,10.0
125,125.0,1.0,1.0,1.0,1.0,3.0,1.0,1.0,1.0,0.7,1.0,40.0,-851.6780839175875,130.58794234320223,2672.0166006051813,2073.835755517876,2.0
126,126.0,1.0,1.0,1.0,1.0,2.0,2.0,0.7,0.7,0.9,1.0,40.0,-1564.9075362986828,52.38197966632623,2986.036980423627,1328.469547707779,10.0
127,127.0,1.0,1.0,1.0,1.0,3.0,1.0,0.7,0.7,0.7,0.9,40.0,-1110.201884347831,52.38197966632623,2179.539420423627,1094.79818477766,8.0
128,128.0,1.0,1.0,1.0,1.0,3.0,2.0,0.9,0.9,0.9,1.0,30.0,-1643.7541271045488,41.50495899604326,2801.2935405446633,1005.6107053696289,10.0
129,129.0,1.0,1.0,1.0,1.0,1.0,2.0,0.9,0.9,0.8,0.9,60.0,-897.6915837354642,130.29885231276955,3391.9275405446633,4278.034793040378,8.0
130,130.0,1.0,1.0,1.0,1.0,3.0,2.0,0.7,0.7,1.0,0.9,50.0,-471.52535040945173,130.58794234320223,2619.6934204236272,2727.3622661534205,4.0
131,131.0,1.0,1.0,1.0,1.0,1.0,1.0,0.8,0.8,0.9,1.0,30.0,-2081.7609163296297,41.50495899604326,3466.655480484145,853.1346878562751,8.0
132,132.0,1.0,1.0,1.0,1.0,2.0,2.0,0.7,0.7,0.9,1.0,60.0,-746.9540001819895,122.98836071631062,2986.036980423627,4031.7880686951094,8.0
133,133.0,1.0,1.0,1.0,1.0,2.0,1.0,0.9,0.9,0.9,1.0,40.0,-1759.0331326722644,52.38197966632623,3314.3551005446634,1126.8207313890969,8.0
134,134.0,1.0,1.0,1.0,1.0,2.0,1.0,0.8,0.8,0.9,1.0,30.0,-1896.9718907983765,41.50495899604326,3150.196040484145,853.1346878562751,8.0
135,135.0,1.0,1.0,1.0,1.0,2.0,2.0,1.0,1.0,0.8,1.0,60.0,-450.3606470843493,130.58794234320223,3274.7893206051813,2856.4812884154503,4.0
136,136.0,1.0,1.0,1.0,1.0,2.0,2.0,1.0,1.0,0.8,0.9,60.0,-1025.6036215935676,95.87431963506812,3274.7893206051813,3163.77599955805,10.0
137,137.0,1.0,1.0,1.0,1.0,1.0,1.0,1.0,1.0,0.7,1.0,40.0,-1476.2368567997705,80.09403807473525,3317.199600605181,1332.014446590384,4.0
138,138.0,1.0,1.0,1.0,1.0,2.0,1.0,0.9,0.9,0.7,0.9,40.0,-1501.9423436009936,52.38197966632623,2906.9054205446632,1094.79818477766,8.0
139,139.0,1.0,1.0,1.0,1.0,2.0,2.0,1.0,1.0,1.0,0.9,60.0,-1265.162218284648,95.87431963506812,3682.2390006051814,3163.77599955805,10.0
140,140.0,1.0,1.0,1.0,1.0,1.0,1.0,0.8,0.8,0.9,0.9,30.0,-2068.8245757666173,41.50495899604326,3466.655480484145,828.8116260759891,8.0
141,141.0,1.0,1.0,1.0,1.0,3.0,1.0,0.8,0.8,0.9,0.9,50.0,-454.0215748755685,130.58794234320223,2637.1344804841456,1944.7167332558456,2.0
142,142.0,1.0,1.0,1.0,1.0,1.0,1.0,0.9,0.9,1.0,0.9,50.0,-1344.2228034631598,130.58794234320223,3869.7015405446637,2727.3622661534205,4.0
143,143.0,1.0,1.0,1.0,1.0,3.0,1.0,0.9,0.9,0.8,0.9,50.0,-1063.555554626142,70.85427533892505,2654.5755405446635,1667.5929991855721,8.0
144,144.0,1.0,1.0,1.0,1.0,1.0,2.0,1.0,1.0,0.7,0.9,50.0,-576.9350281395681,130.58794234320223,3317.199600605181,1944.7167332558456,2.0
145,145.0,1.0,1.0,1.0,1.0,2.0,2.0,1.0,1.0,0.9,1.0,60.0,-961.4295751899452,122.98836071631062,3478.514160605181,4031.7880686951094,8.0
146,146.0,1.0,1.0,1.0,1.0,1.0,1.0,0.8,0.8,0.9,0.9,50.0,-1696.435976578209,58.508503492874055,3466.655480484145,1497.7640769006005,10.0
147,147.0,1.0,1.0,1.0,1.0,2.0,1.0,0.8,0.8,0.8,0.9,40.0,-1008.4139890664117,130.58794234320223,2946.471200484145,1944.7167332558456,2.0
148,148.0,1.0,1.0,1.0,1.0,2.0,1.0,0.8,0.8,0.7,1.0,50.0,-1288.7486291201485,58.508503492874055,2742.746360484145,1534.7018999171742,10.0
149,149.0,1.0,1.0,1.0,1.0,2.0,1.0,0.8,0.8,0.9,0.9,50.0,-719.7211666653702,130.58794234320223,3150.196040484145,1944.7167332558456,2.0
150,150.0,1.0,1.0,1.0,1.0,3.0,1.0,0.9,0.9,1.0,1.0,40.0,-1638.4064934254845,41.50495899604326,2948.011540544663,1005.6107053696289,10.0
151,151.0,1.0,1.0,1.0,1.0,2.0,1.0,0.9,0.9,1.0,0.9,30.0,-1772.4488684908906,75.11727595467387,3518.0799405446633,814.2825070039069,2.0
152,152.0,1.0,1.0,1.0,1.0,3.0,1.0,0.9,0.9,0.9,0.9,50.0,-729.0044865830763,130.58794234320223,2801.2935405446633,2727.3622661534205,4.0
153,153.0,1.0,1.0,1.0,1.0,3.0,1.0,0.7,0.7,0.8,1.0,50.0,-543.0320235229891,130.58794234320223,2326.257420423627,2856.4812884154503,4.0
154,154.0,1.0,1.0,1.0,1.0,2.0,1.0,0.7,0.7,0.8,0.9,60.0,-225.9118471373341,130.58794234320223,2782.312140423627,1944.7167332558456,2.0
155,155.0,1.0,1.0,1.0,1.0,3.0,2.0,0.7,0.7,0.7,0.9,50.0,-792.5267671806264,68.90193226572049,2179.539420423627,1893.561086379984,10.0
156,156.0,1.0,1.0,1.0,1.0,1.0,2.0,0.7,0.7,0.8,0.9,60.0,-193.98343300748385,130.58794234320223,3063.6094204236274,1944.7167332558456,2.0
157,157.0,1.0,1.0,1.0,1.0,3.0,2.0,0.8,0.8,1.0,1.0,40.0,-963.0706649086655,113.81991637288002,2783.8524804841454,2304.311091897589,4.0
158,158.0,1.0,1.0,1.0,1.0,2.0,2.0,0.8,0.8,0.7,0.9,40.0,-1120.2068827120738,77.404691278589,2742.746360484145,1558.1381383897024,6.0
159,159.0,1.0,1.0,1.0,1.0,3.0,2.0,0.8,0.8,0.8,1.0,40.0,-561.3421846809184,130.58794234320223,2490.4164804841457,2073.835755517876,2.0
160,160.0,1.0,1.0,1.0,1.0,3.0,1.0,0.9,0.9,1.0,1.0,60.0,-489.87068498410525,130.58794234320223,2948.011540544663,2856.4812884154503,4.0
161,161.0,1.0,1.0,1.0,1.0,3.0,1.0,0.9,0.9,0.9,0.9,50.0,-521.4507043731621,130.58794234320223,2801.2935405446633,1944.7167332558456,2.0
162,162.0,1.0,1.0,1.0,1.0,1.0,1.0,1.0,1.0,0.8,1.0,60.0,-784.9242183311142,130.58794234320223,3556.0866006051815,2856.4812884154503,4.0
163,163.0,1.0,1.0,1.0,1.0,3.0,1.0,0.9,0.9,1.0,0.9,30.0,-1750.5450537217953,41.50495899604326,2948.011540544663,828.8116260759891,8.0
164,164.0,1.0,1.0,1.0,1.0,2.0,1.0,0.8,0.8,0.9,0.9,60.0,-779.7595501890405,130.58794234320223,3150.196040484145,3510.0077990509953,6.0
165,165.0,1.0,1.0,1.0,1.0,2.0,2.0,1.0,1.0,0.8,0.9,40.0,-1666.0293248221367,52.38197966632623,3274.7893206051813,1296.4470010963419,10.0
166,166.0,1.0,1.0,1.0,1.0,1.0,1.0,0.9,0.9,0.9,0.9,30.0,-1974.4478550691413,52.38197966632623,3630.8145405446635,691.5005521402959,4.0
167,167.0,1.0,1.0,1.0,1.0,1.0,1.0,1.0,1.0,0.8,0.9,40.0,-1584.7745266244858,84.26963300998734,3556.0866006051815,1380.2978353122498,4.0
168,168.0,1.0,1.0,1.0,1.0,3.0,2.0,0.9,0.9,1.0,1.0,60.0,-306.0614693865441,130.58794234320223,2948.011540544663,2856.4812884154503,4.0
169,169.0,1.0,1.0,1.0,1.0,2.0,2.0,0.9,0.9,0.7,1.0,30.0,-1702.6998902540588,41.50495899604326,2906.9054205446632,1005.6107053696289,10.0
170,170.0,1.0,1.0,1.0,1.0,1.0,2.0,1.0,1.0,0.7,1.0,60.0,-1087.1514891808256,87.3084364982703,3317.199600605181,2804.407602699597,10.0
171,171.0,1.0,1.0,1.0,1.0,1.0,2.0,0.9,0.9,0.7,1.0,40.0,-912.0498516849518,130.58794234320223,3153.0405405446627,2073.835755517876,2.0
172,172.0,1.0,1.0,1.0,1.0,3.0,1.0,1.0,1.0,0.7,0.9,40.0,-1229.8082484697482,63.93268598001005,2672.0166006051813,1167.9792324953817,6.0
173,173.0,1.0,1.0,1.0,1.0,2.0,1.0,1.0,1.0,0.7,1.0,50.0,-1318.2247088423253,68.90193226572049,3071.064480605181,1645.1552771195327,8.0
174,174.0,1.0,1.0,1.0,1.0,2.0,1.0,1.0,1.0,1.0,1.0,30.0,-2175.937289430841,41.50495899604326,3682.2390006051814,853.1346878562751,8.0
175,175.0,1.0,1.0,1.0,1.0,2.0,1.0,0.8,0.8,0.9,0.9,40.0,-1663.6372460546172,52.38197966632623,3150.196040484145,1094.79818477766,8.0
176,176.0,1.0,1.0,1.0,1.0,1.0,2.0,0.9,0.9,0.9,1.0,30.0,-1954.9653242754673,52.38197966632623,3630.8145405446635,925.1719150704149,6.0
177,177.0,1.0,1.0,1.0,1.0,2.0,1.0,0.7,0.7,0.7,1.0,60.0,-528.6877691996556,130.58794234320223,2578.5873004236273,3639.1268213130256,6.0
178,178.0,1.0,1.0,1.0,1.0,1.0,2.0,0.7,0.7,0.7,1.0,30.0,-1608.9041050765345,41.50495899604326,2824.7224204236268,853.1346878562751,8.0
179,179.0,1.0,1.0,1.0,1.0,1.0,2.0,0.9,0.9,1.0,1.0,60.0,-580.1054641019355,130.58794234320223,3869.7015405446637,2073.835755517876,2.0
180,180.0,1.0,1.0,1.0,1.0,1.0,1.0,0.7,0.7,0.9,0.9,50.0,-1045.63796532463,130.58794234320223,3302.496420423627,2727.3622661534205,4.0
181,181.0,1.0,1.0,1.0,1.0,3.0,2.0,1.0,1.0,0.7,0.9,60.0,-676.0274410493699,95.87431963506812,2672.0166006051813,3163.77599955805,10.0
182,182.0,1.0,1.0,1.0,1.0,1.0,1.0,0.8,0.8,0.8,1.0,30.0,-1770.3462291064066,52.38197966632623,3227.768480484145,723.5230987517327,4.0
183,183.0,1.0,1.0,1.0,1.0,2.0,2.0,0.7,0.7,0.8,0.9,50.0,-360.1145771004332,130.58794234320223,2782.312140423627,1944.7167332558456,2.0
184,184.0,1.0,1.0,1.0,1.0,2.0,2.0,0.7,0.7,0.8,0.9,50.0,-360.1145771004332,130.58794234320223,2782.312140423627,1944.7167332558456,2.0
185,185.0,1.0,1.0,1.0,1.0,2.0,2.0,0.9,0.9,0.8,1.0,60.0,-579.5096844794026,130.58794234320223,3110.630260544663,3639.1268213130256,6.0
186,186.0,1.0,1.0,1.0,1.0,1.0,1.0,0.7,0.7,0.8,1.0,40.0,-1131.9106006507247,130.58794234320223,3063.6094204236274,2073.835755517876,2.0
187,187.0,1.0,1.0,1.0,1.0,2.0,1.0,0.7,0.7,0.7,0.9,40.0,-1062.3050374464233,84.26963300998734,2578.5873004236273,1380.2978353122498,4.0
188,188.0,1.0,1.0,1.0,1.0,1.0,1.0,0.7,0.7,0.9,0.9,50.0,-1617.1887976159485,58.508503492874055,3302.496420423627,1497.7640769006005,10.0
189,189.0,1.0,1.0,1.0,1.0,1.0,1.0,0.7,0.7,1.0,0.9,50.0,-1185.8971587125818,130.58794234320223,3541.383420423627,2727.3622661534205,4.0
190,190.0,1.0,1.0,1.0,1.0,2.0,1.0,0.8,0.8,0.9,0.9,40.0,-1758.9606493760405,41.50495899604326,3150.196040484145,981.2876435893429,10.0
191,191.0,1.0,1.0,1.0,1.0,1.0,2.0,0.8,0.8,0.7,1.0,50.0,-475.5003229066057,130.58794234320223,2988.881480484145,2073.835755517876,2.0
192,192.0,1.0,1.0,1.0,1.0,2.0,2.0,0.7,0.7,1.0,0.9,30.0,-1362.8971681821363,119.96669715945328,3189.7618204236273,1699.268152240132,2.0
193,193.0,1.0,1.0,1.0,1.0,3.0,2.0,1.0,1.0,0.8,1.0,50.0,-554.1281512010391,130.58794234320223,2818.734600605181,2856.4812884154503,4.0
194,194.0,1.0,1.0,1.0,1.0,3.0,2.0,1.0,1.0,1.0,1.0,40.0,-1589.9113977096356,52.38197966632623,3112.170600605181,1328.469547707779,10.0
195,195.0,1.0,1.0,1.0,1.0,3.0,1.0,0.7,0.7,0.8,1.0,40.0,-1098.5583729840428,62.443653980531586,2326.257420423627,1169.505689112866,6.0
196,196.0,1.0,1.0,1.0,1.0,1.0,2.0,0.7,0.7,1.0,0.9,50.0,-1592.340436203585,68.90193226572049,3541.383420423627,1893.561086379984,10.0
197,197.0,1.0,1.0,1.0,1.0,3.0,1.0,0.7,0.7,0.7,1.0,50.0,-670.8768226935794,90.2139868922699,2179.539420423627,2056.043416929866,6.0
198,198.0,1.0,1.0,1.0,1.0,3.0,2.0,0.8,0.8,0.9,1.0,40.0,-1092.095073351901,75.11727595467387,2637.1344804841456,1539.7035389953503,6.0
199,199.0,1.0,1.0,1.0,1.0,1.0,1.0,0.8,0.8,0.7,1.0,40.0,-1674.6797061585878,41.50495899604326,2988.881480484145,1005.6107053696289,10.0
200,200.0,1.0,1.0,1.0,1.0,2.0,1.0,0.9,0.9,0.9,1.0,60.0,-1109.186429082321,101.2290504822933,3314.3551005446634,2988.7914934085843,8.0
201,201.0,1.0,1.0,1.0,1.0,2.0,2.0,1.0,1.0,0.9,0.9,40.0,-1786.500365530079,52.38197966632623,3478.514160605181,1296.4470010963419,10.0
202,202.0,1.0,1.0,1.0,1.0,1.0,2.0,1.0,1.0,0.9,1.0,60.0,-716.466936291155,130.58794234320223,3794.973600605181,2856.4812884154503,4.0
203,203.0,1.0,1.0,1.0,1.0,2.0,2.0,0.7,0.7,1.0,1.0,60.0,-284.61334452840583,130.58794234320223,3189.7618204236273,2073.835755517876,2.0
204,204.0,1.0,1.0,1.0,1.0,1.0,2.0,0.7,0.7,1.0,0.9,50.0,-1424.5175274906728,84.26963300998734,3541.383420423627,2185.7683284579057,8.0
205,205.0,1.0,1.0,1.0,1.0,2.0,1.0,1.0,1.0,0.8,0.9,50.0,-1549.6702682635348,58.508503492874055,3274.7893206051813,1497.7640769006005,10.0
206,206.0,1.0,1.0,1.0,1.0,3.0,2.0,0.8,0.8,0.8,1.0,60.0,-279.14408435551127,130.58794234320223,2490.4164804841457,3639.1268213130256,6.0
207,207.0,1.0,1.0,1.0,1.0,1.0,1.0,0.8,0.8,0.9,0.9,50.0,-1696.435976578209,58.508503492874055,3466.655480484145,1497.7640769006005,10.0
208,208.0,1.0,1.0,1.0,1.0,2.0,2.0,0.9,0.9,0.9,0.9,40.0,-1208.794870915238,123.94374175228508,3314.3551005446634,2513.422326629025,4.0
209,209.0,1.0,1.0,1.0,1.0,1.0,1.0,0.9,0.9,0.7,1.0,40.0,-1396.9896778375094,80.09403807473525,3153.0405405446627,1332.014446590384,4.0
210,210.0,1.0,1.0,1.0,1.0,2.0,1.0,0.9,0.9,0.7,1.0,50.0,-606.3057231364522,130.58794234320223,2906.9054205446632,2073.835755517876,2.0
211,211.0,1.0,1.0,1.0,1.0,3.0,2.0,0.8,0.8,0.8,1.0,60.0,-643.3780617163205,87.3084364982703,2490.4164804841457,2804.407602699597,10.0
212,212.0,1.0,1.0,1.0,1.0,3.0,2.0,1.0,1.0,0.7,1.0,50.0,-1051.3899342606644,66.12130743186812,2672.0166006051813,1826.3643241059954,10.0
213,213.0,1.0,1.0,1.0,1.0,2.0,2.0,1.0,1.0,0.9,1.0,30.0,-1943.8629257437829,41.50495899604326,3478.514160605181,853.1346878562751,8.0
214,214.0,1.0,1.0,1.0,1.0,1.0,2.0,0.7,0.7,0.9,1.0,30.0,-1796.4709663509452,52.38197966632623,3302.496420423627,925.1719150704149,6.0
215,215.0,1.0,1.0,1.0,1.0,1.0,1.0,0.9,0.9,1.0,0.9,30.0,-2115.451009725001,52.38197966632623,3869.7015405446637,691.5005521402959,4.0
216,216.0,1.0,1.0,1.0,1.0,1.0,1.0,0.9,0.9,0.7,0.9,50.0,-922.8775709415504,130.58794234320223,3153.0405405446627,2727.3622661534205,4.0
217,217.0,1.0,1.0,1.0,1.0,1.0,2.0,1.0,1.0,0.9,1.0,40.0,-1273.3033399589317,130.58794234320223,3794.973600605181,2073.835755517876,2.0
218,218.0,1.0,1.0,1.0,1.0,2.0,1.0,0.9,0.9,0.9,1.0,50.0,-1057.5080163479208,130.58794234320223,3314.3551005446634,2856.4812884154503,4.0
219,219.0,1.0,1.0,1.0,1.0,2.0,1.0,0.7,0.7,0.7,0.9,40.0,-808.6957693962083,130.58794234320223,2578.5873004236273,1944.7167332558456,2.0
220,220.0,1.0,1.0,1.0,1.0,3.0,1.0,0.8,0.8,1.0,1.0,30.0,-1382.9071161829618,70.85427533892505,2783.8524804841454,793.0567408958491,2.0
221,221.0,1.0,1.0,1.0,1.0,3.0,1.0,1.0,1.0,0.7,1.0,50.0,-1213.99688571603,58.508503492874055,2672.0166006051813,1534.7018999171742,10.0
222,222.0,1.0,1.0,1.0,1.0,1.0,2.0,0.8,0.8,0.9,0.9,60.0,-372.0924926781592,130.58794234320223,3466.655480484145,1944.7167332558456,2.0
223,223.0,1.0,1.0,1.0,1.0,2.0,2.0,0.9,0.9,0.7,0.9,40.0,-967.8880382703672,123.94374175228508,2906.9054205446632,2513.422326629025,4.0
224,224.0,1.0,1.0,1.0,1.0,3.0,1.0,1.0,1.0,0.8,0.9,40.0,-900.3413740439157,130.58794234320223,2818.734600605181,1944.7167332558456,2.0
225,225.0,1.0,1.0,1.0,1.0,3.0,2.0,0.8,0.8,0.7,1.0,50.0,-342.0963060783037,130.58794234320223,2343.698480484145,2856.4812884154503,4.0
226,226.0,1.0,1.0,1.0,1.0,3.0,2.0,0.8,0.8,0.8,1.0,40.0,-561.3421846809184,130.58794234320223,2490.4164804841457,2073.835755517876,2.0
227,227.0,1.0,1.0,1.0,1.0,2.0,1.0,1.0,1.0,0.7,1.0,50.0,-1141.203086245148,90.2139868922699,3071.064480605181,2056.043416929866,6.0
228,228.0,1.0,1.0,1.0,1.0,3.0,2.0,0.8,0.8,0.7,1.0,40.0,-702.3157643450537,113.81991637288002,2343.698480484145,2304.311091897589,4.0
229,229.0,1.0,1.0,1.0,1.0,3.0,2.0,0.7,0.7,0.9,1.0,50.0,-427.3710220518706,130.58794234320223,2472.975420423627,2856.4812884154503,4.0
230,230.0,1.0,1.0,1.0,1.0,1.0,2.0,1.0,1.0,0.7,0.9,60.0,-264.2071949198056,130.58794234320223,3317.199600605181,1944.7167332558456,2.0
231,231.0,1.0,1.0,1.0,1.0,1.0,1.0,1.0,1.0,0.9,1.0,50.0,-1566.9341931922866,90.2139868922699,3794.973600605181,2056.043416929866,6.0
232,232.0,1.0,1.0,1.0,1.0,1.0,2.0,1.0,1.0,1.0,0.9,60.0,-1015.0522763738743,130.58794234320223,4033.8606006051814,3510.0077990509953,6.0
233,233.0,1.0,1.0,1.0,1.0,2.0,2.0,0.8,0.8,0.9,0.9,50.0,-1177.9725262658203,84.26963300998734,3150.196040484145,2185.7683284579057,8.0
234,234.0,1.0,1.0,1.0,1.0,1.0,2.0,0.7,0.7,0.8,1.0,50.0,-1331.622450993801,66.12130743186812,3063.6094204236274,1826.3643241059954,10.0
235,235.0,1.0,1.0,1.0,1.0,1.0,1.0,0.7,0.7,0.7,0.9,50.0,-1335.1824883042289,58.508503492874055,2824.7224204236268,1497.7640769006005,10.0
236,236.0,1.0,1.0,1.0,1.0,1.0,2.0,1.0,1.0,0.9,1.0,30.0,-1913.2396096578095,68.23891945444271,3794.973600605181,1040.161079404463,4.0
237,237.0,1.0,1.0,1.0,1.0,1.0,2.0,0.8,0.8,0.7,1.0,40.0,-832.9898212402453,130.58794234320223,2988.881480484145,2073.835755517876,2.0
238,238.0,1.0,1.0,1.0,1.0,3.0,2.0,0.7,0.7,1.0,1.0,50.0,-504.3572276370423,130.58794234320223,2619.6934204236272,2856.4812884154503,4.0
239,239.0,1.0,1.0,1.0,1.0,1.0,1.0,0.9,0.9,0.9,1.0,60.0,-1486.369873594776,74.54606869299404,3630.8145405446635,2185.8566287098256,10.0
240,240.0,1.0,1.0,1.0,1.0,2.0,1.0,0.7,0.7,0.8,1.0,60.0,-253.20473554708204,130.58794234320223,2782.312140423627,2073.835755517876,2.0
241,241.0,1.0,1.0,1.0,1.0,3.0,2.0,1.0,1.0,0.7,0.9,30.0,-1359.0865873065627,52.38197966632623,2672.0166006051813,893.1493684589781,6.0
242,242.0,1.0,1.0,1.0,1.0,2.0,2.0,0.9,0.9,0.7,1.0,40.0,-1014.113437930871,113.81991637288002,2906.9054205446632,2304.311091897589,4.0
243,243.0,1.0,1.0,1.0,1.0,2.0,2.0,1.0,1.0,0.9,1.0,60.0,-961.4295751899452,122.98836071631062,3478.514160605181,4031.7880686951094,8.0
244,244.0,1.0,1.0,1.0,1.0,1.0,1.0,0.7,0.7,0.8,1.0,30.0,-1782.4843578230875,41.50495899604326,3063.6094204236274,700.6586703429214,6.0
245,245.0,1.0,1.0,1.0,1.0,1.0,1.0,0.9,0.9,0.8,0.9,40.0,-1786.6702958922724,52.38197966632623,3391.9275405446633,1094.79818477766,8.0
246,246.0,1.0,1.0,1.0,1.0,3.0,1.0,0.8,0.8,1.0,1.0,40.0,-1467.048278234174,52.38197966632623,2783.8524804841454,1126.8207313890969,8.0
247,247.0,1.0,1.0,1.0,1.0,3.0,1.0,0.8,0.8,0.7,0.9,50.0,-710.28742333441,101.2290504822933,2343.698480484145,2369.8301773739436,6.0
248,248.0,1.0,1.0,1.0,1.0,1.0,1.0,0.7,0.7,0.7,0.9,40.0,-952.4205670316277,130.58794234320223,2824.7224204236268,1944.7167332558456,2.0
249,249.0,1.0,1.0,1.0,1.0,1.0,1.0,0.7,0.7,0.9,1.0,60.0,-1327.8755156702541,74.54606869299404,3302.496420423627,2185.8566287098256,10.0
250,250.0,1.0,1.0,1.0,1.0,2.0,1.0,1.0,1.0,0.9,1.0,40.0,-1573.454140580236,80.09403807473525,3478.514160605181,1332.014446590384,4.0
251,251.0,1.0,1.0,1.0,1.0,2.0,2.0,0.8,0.8,0.8,1.0,40.0,-1271.5118772093535,75.11727595467387,2946.471200484145,1539.7035389953503,6.0
252,252.0,1.0,1.0,1.0,1.0,3.0,1.0,1.0,1.0,0.9,1.0,50.0,-838.954851884405,130.58794234320223,2965.452600605181,2856.4812884154503,4.0
253,253.0,1.0,1.0,1.0,1.0,3.0,1.0,0.8,0.8,0.7,0.9,40.0,-1284.7724666315153,41.50495899604326,2343.698480484145,981.2876435893429,10.0
254,254.0,1.0,1.0,1.0,1.0,2.0,1.0,0.9,0.9,1.0,0.9,50.0,-1571.0646089890447,70.85427533892505,3518.0799405446633,1667.5929991855721,8.0
255,255.0,1.0,1.0,1.0,1.0,3.0,1.0,0.8,0.8,1.0,1.0,40.0,-1467.048278234174,52.38197966632623,2783.8524804841454,1126.8207313890969,8.0
256,256.0,1.0,1.0,1.0,1.0,1.0,1.0,0.8,0.8,0.8,0.9,40.0,-1802.7465202514352,41.50495899604326,3227.768480484145,981.2876435893429,10.0
257,257.0,1.0,1.0,1.0,1.0,3.0,2.0,0.8,0.8,0.8,1.0,60.0,-643.3780617163205,87.3084364982703,2490.4164804841457,2804.407602699597,10.0
258,258.0,1.0,1.0,1.0,1.0,3.0,1.0,0.9,0.9,0.7,1.0,50.0,-603.5691375535139,130.58794234320223,2507.857540544663,2856.4812884154503,4.0
259,259.0,1.0,1.0,1.0,1.0,1.0,2.0,1.0,1.0,1.0,0.9,30.0,-2256.718765367884,41.50495899604326,4033.8606006051814,828.8116260759891,8.0
260,260.0,1.0,1.0,1.0,1.0,2.0,2.0,0.7,0.7,0.8,0.9,60.0,-791.1311141494529,95.87431963506812,2782.312140423627,3163.77599955805,10.0
261,261.0,1.0,1.0,1.0,1.0,3.0,1.0,0.7,0.7,1.0,0.9,30.0,-1513.0244709088513,41.50495899604326,2619.6934204236272,676.3356085626353,6.0
262,262.0,1.0,1.0,1.0,1.0,3.0,2.0,0.8,0.8,1.0,1.0,40.0,-963.0706649086655,113.81991637288002,2783.8524804841454,2304.311091897589,4.0
263,263.0,1.0,1.0,1.0,1.0,3.0,2.0,0.9,0.9,0.7,0.9,60.0,-58.66614585158989,130.58794234320223,2507.857540544663,2727.3622661534205,4.0
264,264.0,1.0,1.0,1.0,1.0,2.0,2.0,1.0,1.0,0.9,0.9,60.0,-344.5579174351621,130.58794234320223,3478.514160605181,1944.7167332558456,2.0
265,265.0,1.0,1.0,1.0,1.0,1.0,2.0,0.9,0.9,0.8,1.0,40.0,-1660.9372488294696,60.93331026846043,3391.9275405446633,1377.1320590572682,8.0
266,266.0,1.0,1.0,1.0,1.0,1.0,1.0,0.7,0.7,0.7,0.9,40.0,-1206.0298350818432,84.26963300998734,2824.7224204236268,1380.2978353122498,4.0
267,267.0,1.0,1.0,1.0,1.0,1.0,2.0,0.7,0.7,0.7,0.9,50.0,-572.9642196787935,130.58794234320223,2824.7224204236268,2727.3622661534205,4.0
268,268.0,1.0,1.0,1.0,1.0,1.0,1.0,0.8,0.8,0.9,0.9,60.0,-948.6837477500585,130.58794234320223,3466.655480484145,3510.0077990509953,6.0
269,269.0,1.0,1.0,1.0,1.0,2.0,2.0,0.9,0.9,0.7,1.0,60.0,-111.2691878399581,130.58794234320223,2906.9054205446632,2073.835755517876,2.0
270,270.0,1.0,1.0,1.0,1.0,2.0,1.0,0.8,0.8,0.7,0.9,60.0,-756.5391093362531,106.29108532121222,2742.746360484145,3127.596730842898,8.0
271,271.0,1.0,1.0,1.0,1.0,2.0,2.0,1.0,1.0,0.8,1.0,30.0,-1902.4181099242624,41.50495899604326,3274.7893206051813,1005.6107053696289,10.0
272,272.0,1.0,1.0,1.0,1.0,1.0,1.0,1.0,1.0,0.7,1.0,40.0,-1833.1740640831097,41.50495899604326,3317.199600605181,1005.6107053696289,10.0
273,273.0,1.0,1.0,1.0,1.0,2.0,2.0,0.8,0.8,0.7,1.0,40.0,-1151.040836501411,75.11727595467387,2742.746360484145,1539.7035389953503,6.0
274,274.0,1.0,1.0,1.0,1.0,3.0,1.0,0.8,0.8,0.7,1.0,50.0,-534.0911109503859,130.58794234320223,2343.698480484145,2856.4812884154503,4.0
275,275.0,1.0,1.0,1.0,1.0,3.0,1.0,0.7,0.7,0.9,1.0,50.0,-844.528439430174,90.2139868922699,2472.975420423627,2056.043416929866,6.0
276,276.0,1.0,1.0,1.0,1.0,2.0,2.0,0.9,0.9,1.0,1.0,50.0,-733.8096862965112,130.58794234320223,3518.0799405446633,2073.835755517876,2.0
277,277.0,1.0,1.0,1.0,1.0,1.0,2.0,1.0,1.0,0.8,0.9,40.0,-1093.8133063398352,130.58794234320223,3556.0866006051815,1944.7167332558456,2.0
278,278.0,1.0,1.0,1.0,1.0,1.0,2.0,0.7,0.7,0.7,0.9,40.0,-1334.0004872519462,63.93268598001005,2824.7224204236268,1432.0305995300369,8.0
279,279.0,1.0,1.0,1.0,1.0,2.0,1.0,0.7,0.7,1.0,1.0,40.0,-1208.5957704832729,130.58794234320223,3189.7618204236273,2073.835755517876,2.0
280,280.0,1.0,1.0,1.0,1.0,1.0,2.0,1.0,1.0,0.9,1.0,50.0,-1553.4337737503033,80.09403807473525,3794.973600605181,2075.4610081582705,8.0
281,281.0,1.0,1.0,1.0,1.0,2.0,1.0,0.8,0.8,0.9,0.9,50.0,-1183.1193735687914,101.2290504822933,3150.196040484145,2369.8301773739436,6.0
282,282.0,1.0,1.0,1.0,1.0,2.0,1.0,0.8,0.8,0.7,0.9,60.0,-188.82486337310158,130.58794234320223,2742.746360484145,1944.7167332558456,2.0
283,283.0,1.0,1.0,1.0,1.0,3.0,2.0,0.9,0.9,0.7,1.0,40.0,-552.4012721083151,130.58794234320223,2507.857540544663,2073.835755517876,2.0
284,284.0,1.0,1.0,1.0,1.0,2.0,2.0,0.8,0.8,0.9,0.9,30.0,-1772.4322272562488,41.50495899604326,3150.196040484145,828.8116260759891,8.0
285,285.0,1.0,1.0,1.0,1.0,3.0,1.0,1.0,1.0,0.9,1.0,40.0,-1630.5035032981802,41.50495899604326,2965.452600605181,1005.6107053696289,10.0
286,286.0,1.0,1.0,1.0,1.0,2.0,1.0,0.8,0.8,0.9,1.0,50.0,-1529.6907105360333,58.508503492874055,3150.196040484145,1534.7018999171742,10.0
287,287.0,1.0,1.0,1.0,1.0,2.0,2.0,0.7,0.7,0.8,0.9,30.0,-1341.093245679655,70.24022911054423,2782.312140423627,1038.2681520253648,4.0
288,288.0,1.0,1.0,1.0,1.0,3.0,2.0,1.0,1.0,0.8,1.0,50.0,-358.0575984539709,130.58794234320223,2818.734600605181,2073.835755517876,2.0
289,289.0,1.0,1.0,1.0,1.0,1.0,2.0,1.0,1.0,0.9,0.9,50.0,-826.7421092922738,130.58794234320223,3794.973600605181,1944.7167332558456,2.0
290,290.0,1.0,1.0,1.0,1.0,1.0,1.0,1.0,1.0,1.0,1.0,60.0,-1706.620207212896,74.54606869299404,4033.8606006051814,2185.8566287098256,10.0
291,291.0,1.0,1.0,1.0,1.0,3.0,2.0,0.8,0.8,1.0,0.9,30.0,-1559.6945517804188,41.50495899604326,2783.8524804841454,828.8116260759891,8.0
292,292.0,1.0,1.0,1.0,1.0,3.0,2.0,1.0,1.0,1.0,1.0,40.0,-1589.9113977096356,52.38197966632623,3112.170600605181,1328.469547707779,10.0
293,293.0,1.0,1.0,1.0,1.0,3.0,1.0,0.8,0.8,0.9,0.9,60.0,-140.92155816628016,130.58794234320223,2637.1344804841456,1944.7167332558456,2.0
294,294.0,1.0,1.0,1.0,1.0,1.0,1.0,1.0,1.0,0.8,1.0,40.0,-1369.6521375375075,130.58794234320223,3556.0866006051815,2073.835755517876,2.0
295,295.0,1.0,1.0,1.0,1.0,1.0,2.0,1.0,1.0,0.8,1.0,40.0,-1378.0885691844112,113.81991637288002,3556.0866006051815,2304.311091897589,4.0
296,296.0,1.0,1.0,1.0,1.0,1.0,2.0,1.0,1.0,0.9,0.9,30.0,-2115.7156107120236,41.50495899604326,3794.973600605181,828.8116260759891,8.0
297,297.0,1.0,1.0,1.0,1.0,1.0,2.0,1.0,1.0,0.9,1.0,30.0,-2128.6519512750365,41.50495899604326,3794.973600605181,853.1346878562751,8.0
298,298.0,1.0,1.0,1.0,1.0,3.0,2.0,0.7,0.7,0.7,1.0,50.0,-94.44560666059557,130.58794234320223,2179.539420423627,2073.835755517876,2.0
299,299.0,1.0,1.0,1.0,1.0,3.0,2.0,0.7,0.7,1.0,0.9,40.0,-1218.4800955565825,63.93268598001005,2619.6934204236272,1432.0305995300369,8.0
300,300.0,1.0,1.0,1.0,1.0,3.0,2.0,1.0,1.0,0.7,0.9,50.0,-644.6844865727636,127.66028995263277,2672.0166006051813,3388.8437192038896,6.0
301,301.0,1.0,1.0,1.0,1.0,3.0,2.0,1.0,1.0,0.9,0.9,60.0,-267.0047226556365,130.58794234320223,2965.452600605181,2727.3622661534205,4.0
302,302.0,1.0,1.0,1.0,1.0,1.0,1.0,0.7,0.7,0.8,1.0,60.0,-783.2522014197382,130.58794234320223,3063.6094204236274,3639.1268213130256,6.0
303,303.0,1.0,1.0,1.0,1.0,1.0,1.0,0.8,0.8,0.8,1.0,50.0,-1022.3163633349761,130.58794234320223,3227.768480484145,2856.4812884154503,4.0
304,304.0,1.0,1.0,1.0,1.0,1.0,2.0,0.8,0.8,0.9,0.9,50.0,-1124.0337032556035,127.66028995263277,3466.655480484145,3388.8437192038896,6.0
305,305.0,1.0,1.0,1.0,1.0,3.0,2.0,0.9,0.9,0.7,1.0,50.0,-815.3201182296965,80.09403807473525,2507.857540544663,2075.4610081582705,8.0
306,306.0,1.0,1.0,1.0,1.0,2.0,1.0,1.0,1.0,0.7,0.9,50.0,-1288.8986658274782,70.85427533892505,3071.064480605181,1667.5929991855721,8.0
307,307.0,1.0,1.0,1.0,1.0,1.0,1.0,0.9,0.9,0.9,1.0,30.0,-1859.680996152306,70.85427533892505,3630.8145405446635,793.0567408958491,2.0
308,308.0,1.0,1.0,1.0,1.0,1.0,1.0,0.8,0.8,0.7,0.9,40.0,-1448.2847895092864,63.93268598001005,2988.881480484145,1167.9792324953817,6.0
309,309.0,1.0,1.0,1.0,1.0,3.0,1.0,1.0,1.0,0.7,1.0,40.0,-1364.0921288900004,52.38197966632623,2672.0166006051813,1126.8207313890969,8.0
310,310.0,1.0,1.0,1.0,1.0,2.0,1.0,1.0,1.0,0.7,0.9,60.0,-313.4219596214691,130.58794234320223,3071.064480605181,1944.7167332558456,2.0
311,311.0,1.0,1.0,1.0,1.0,1.0,1.0,0.8,0.8,0.8,1.0,30.0,-1940.7577616737706,41.50495899604326,3227.768480484145,853.1346878562751,8.0
312,312.0,1.0,1.0,1.0,1.0,2.0,1.0,0.8,0.8,1.0,0.9,60.0,-889.5473320503766,130.58794234320223,3353.920880484145,3510.0077990509953,6.0
313,313.0,1.0,1.0,1.0,1.0,1.0,1.0,0.9,0.9,0.7,0.9,60.0,-1180.9365035102792,75.70171885222204,3153.0405405446627,2185.0941846102487,10.0
314,314.0,1.0,1.0,1.0,1.0,1.0,1.0,1.0,1.0,0.9,0.9,50.0,-1714.629772774617,70.85427533892505,3794.973600605181,1667.5929991855721,8.0
315,315.0,1.0,1.0,1.0,1.0,2.0,1.0,0.8,0.8,0.9,0.9,40.0,-1663.6372460546172,52.38197966632623,3150.196040484145,1094.79818477766,8.0
316,316.0,1.0,1.0,1.0,1.0,2.0,2.0,0.8,0.8,1.0,1.0,30.0,-1690.4272669099762,68.23891945444271,3353.920880484145,1040.161079404463,4.0
317,317.0,1.0,1.0,1.0,1.0,3.0,1.0,1.0,1.0,0.9,1.0,60.0,-293.1470356596654,130.58794234320223,2965.452600605181,2073.835755517876,2.0
318,318.0,1.0,1.0,1.0,1.0,2.0,2.0,0.8,0.8,1.0,1.0,60.0,-526.4023745453449,130.58794234320223,3353.920880484145,2856.4812884154503,4.0
319,319.0,1.0,1.0,1.0,1.0,2.0,2.0,1.0,1.0,0.8,1.0,30.0,-1728.9524369985315,52.38197966632623,3274.7893206051813,925.1719150704149,6.0
320,320.0,1.0,1.0,1.0,1.0,2.0,2.0,0.7,0.7,0.9,0.9,50.0,-1266.5482560164717,68.90193226572049,2986.036980423627,1893.561086379984,10.0
321,321.0,1.0,1.0,1.0,1.0,3.0,2.0,0.9,0.9,0.8,1.0,40.0,-1336.3638805682447,52.38197966632623,2654.5755405446635,1328.469547707779,10.0
322,322.0,1.0,1.0,1.0,1.0,3.0,1.0,1.0,1.0,0.7,1.0,50.0,-1084.9786075136851,68.90193226572049,2672.0166006051813,1645.1552771195327,8.0
323,323.0,1.0,1.0,1.0,1.0,2.0,2.0,0.8,0.8,1.0,0.9,50.0,-837.6926386910734,130.58794234320223,3353.920880484145,2727.3622661534205,4.0
324,324.0,1.0,1.0,1.0,1.0,1.0,2.0,1.0,1.0,0.9,0.9,40.0,-1704.4323475837348,77.404691278589,3794.973600605181,1558.1381383897024,6.0
325,325.0,1.0,1.0,1.0,1.0,2.0,2.0,0.9,0.9,0.8,1.0,30.0,-1823.1709309620012,41.50495899604326,3110.630260544663,1005.6107053696289,10.0
326,326.0,1.0,1.0,1.0,1.0,3.0,1.0,1.0,1.0,0.7,0.9,60.0,-121.46840919932237,130.58794234320223,2672.0166006051813,1944.7167332558456,2.0
327,327.0,1.0,1.0,1.0,1.0,2.0,1.0,0.9,0.9,1.0,1.0,50.0,-1729.4089302062368,58.508503492874055,3518.0799405446633,1534.7018999171742,10.0
328,328.0,1.0,1.0,1.0,1.0,2.0,2.0,1.0,1.0,0.8,1.0,40.0,-1213.8316576010745,113.81991637288002,3274.7893206051813,2304.311091897589,4.0
329,329.0,1.0,1.0,1.0,1.0,2.0,2.0,1.0,1.0,0.7,1.0,60.0,-944.1571036524475,87.3084364982703,3071.064480605181,2804.407602699597,10.0
330,330.0,1.0,1.0,1.0,1.0,1.0,2.0,0.9,0.9,0.7,1.0,30.0,-1349.7716281956286,106.29108532121222,3153.0405405446627,1497.626809058133,2.0
331,331.0,1.0,1.0,1.0,1.0,2.0,1.0,0.9,0.9,0.7,0.9,50.0,-1021.4244711151672,101.2290504822933,2906.9054205446632,2369.8301773739436,6.0
332,332.0,1.0,1.0,1.0,1.0,2.0,2.0,0.9,0.9,1.0,1.0,40.0,-1737.622418662018,60.93331026846043,3518.0799405446633,1377.1320590572682,8.0
333,333.0,1.0,1.0,1.0,1.0,1.0,1.0,0.7,0.7,1.0,0.9,30.0,-2051.5543265717943,41.50495899604326,3541.383420423627,676.3356085626353,6.0
334,334.0,1.0,1.0,1.0,1.0,1.0,1.0,0.8,0.8,0.8,0.9,40.0,-1802.7465202514352,41.50495899604326,3227.768480484145,981.2876435893429,10.0
335,335.0,1.0,1.0,1.0,1.0,3.0,2.0,1.0,1.0,0.7,1.0,30.0,-1375.2352949619487,52.38197966632623,2672.0166006051813,925.1719150704149,6.0
336,336.0,1.0,1.0,1.0,1.0,1.0,1.0,0.8,0.8,0.9,0.9,50.0,-1556.135414850095,70.85427533892505,3466.655480484145,1667.5929991855721,8.0
337,337.0,1.0,1.0,1.0,1.0,1.0,1.0,0.7,0.7,0.9,0.9,40.0,-1864.5024959450336,41.50495899604326,3302.496420423627,981.2876435893429,10.0
338,338.0,1.0,1.0,1.0,1.0,3.0,1.0,1.0,1.0,0.7,1.0,50.0,-907.9569849165076,90.2139868922699,2672.0166006051813,2056.043416929866,6.0
339,339.0,1.0,1.0,1.0,1.0,1.0,1.0,0.9,0.9,1.0,0.9,50.0,-1108.598018163585,130.58794234320223,3869.7015405446637,1944.7167332558456,2.0
340,340.0,1.0,1.0,1.0,1.0,1.0,1.0,0.7,0.7,0.7,0.9,30.0,-1533.9471878328995,52.38197966632623,2824.7224204236268,691.5005521402959,4.0
341,341.0,1.0,1.0,1.0,1.0,3.0,1.0,0.9,0.9,1.0,1.0,30.0,-1763.4813942848077,41.50495899604326,2948.011540544663,853.1346878562751,8.0
342,342.0,1.0,1.0,1.0,1.0,3.0,1.0,0.9,0.9,0.7,1.0,30.0,-1200.7037878765266,70.85427533892505,2507.857540544663,793.0567408958491,2.0
343,343.0,1.0,1.0,1.0,1.0,3.0,1.0,0.9,0.9,1.0,1.0,40.0,-1546.2954571964349,52.38197966632623,2948.011540544663,1126.8207313890969,8.0
344,344.0,1.0,1.0,1.0,1.0,3.0,2.0,0.8,0.8,0.7,0.9,60.0,-366.57690109345566,130.29885231276955,2343.698480484145,4278.034793040378,8.0
345,345.0,1.0,1.0,1.0,1.0,1.0,2.0,1.0,1.0,0.8,1.0,50.0,-1182.9784923222323,119.96669715945328,3556.0866006051815,3190.87110720336,6.0
346,346.0,1.0,1.0,1.0,1.0,2.0,2.0,1.0,1.0,0.8,1.0,40.0,-1430.0062351338756,75.11727595467387,3274.7893206051813,1539.7035389953503,6.0
347,347.0,1.0,1.0,1.0,1.0,1.0,1.0,0.8,0.8,0.8,0.9,40.0,-1172.670900649748,130.58794234320223,3227.768480484145,1944.7167332558456,2.0
348,348.0,1.0,1.0,1.0,1.0,3.0,2.0,0.9,0.9,0.9,0.9,50.0,-1125.1547693755986,68.90193226572049,2801.2935405446633,1893.561086379984,10.0
349,349.0,1.0,1.0,1.0,1.0,3.0,1.0,0.8,0.8,0.9,1.0,30.0,-1518.05782134456,41.50495899604326,2637.1344804841456,700.6586703429214,6.0
350,350.0,1.0,1.0,1.0,1.0,2.0,1.0,0.7,0.7,0.8,1.0,60.0,-635.7353709840186,130.58794234320223,2782.312140423627,3639.1268213130256,6.0
351,351.0,1.0,1.0,1.0,1.0,2.0,1.0,1.0,1.0,0.7,1.0,50.0,-1141.203086245148,90.2139868922699,3071.064480605181,2056.043416929866,6.0
352,352.0,1.0,1.0,1.0,1.0,1.0,1.0,0.8,0.8,0.8,0.9,30.0,-1616.516519696082,75.11727595467387,3227.768480484145,814.2825070039069,2.0
353,353.0,1.0,1.0,1.0,1.0,2.0,2.0,0.7,0.7,0.7,0.9,50.0,-259.4026758324541,130.58794234320223,2578.5873004236273,1944.7167332558456,2.0
354,354.0,1.0,1.0,1.0,1.0,3.0,2.0,0.9,0.9,0.7,1.0,30.0,-1469.4537889254184,41.50495899604326,2507.857540544663,1005.6107053696289,10.0
355,355.0,1.0,1.0,1.0,1.0,2.0,2.0,0.8,0.8,1.0,0.9,50.0,-1298.4435669737627,84.26963300998734,3353.920880484145,2185.7683284579057,8.0
356,356.0,1.0,1.0,1.0,1.0,2.0,2.0,1.0,1.0,0.9,0.9,60.0,-929.0139448210092,130.29885231276955,3478.514160605181,4278.034793040378,8.0
357,357.0,1.0,1.0,1.0,1.0,2.0,2.0,1.0,1.0,0.8,1.0,30.0,-1728.9524369985315,52.38197966632623,3274.7893206051813,925.1719150704149,6.0
358,358.0,1.0,1.0,1.0,1.0,2.0,1.0,0.8,0.8,0.9,1.0,30.0,-1817.9456659099542,41.50495899604326,3150.196040484145,700.6586703429214,6.0
359,359.0,1.0,1.0,1.0,1.0,1.0,1.0,0.7,0.7,1.0,1.0,30.0,-2222.543116911651,41.50495899604326,3541.383420423627,1005.6107053696289,10.0
360,360.0,1.0,1.0,1.0,1.0,3.0,2.0,0.9,0.9,1.0,1.0,30.0,-1234.2512365002644,106.29108532121222,2948.011540544663,1497.626809058133,2.0
361,361.0,1.0,1.0,1.0,1.0,2.0,1.0,0.9,0.9,0.7,1.0,50.0,-1367.9958080824094,58.508503492874055,2906.9054205446632,1534.7018999171742,10.0
362,362.0,1.0,1.0,1.0,1.0,3.0,1.0,1.0,1.0,1.0,0.9,30.0,-1829.7922326840558,41.50495899604326,3112.170600605181,828.8116260759891,8.0
363,363.0,1.0,1.0,1.0,1.0,1.0,2.0,0.9,0.9,0.7,0.9,50.0,-710.4523029179189,130.58794234320223,3153.0405405446627,2727.3622661534205,4.0
364,364.0,1.0,1.0,1.0,1.0,3.0,1.0,0.7,0.7,0.8,0.9,40.0,-663.1888201131127,130.58794234320223,2326.257420423627,1944.7167332558456,2.0
365,365.0,1.0,1.0,1.0,1.0,1.0,2.0,0.8,0.8,1.0,1.0,30.0,-2190.1869728947963,41.50495899604326,3705.542480484145,1005.6107053696289,10.0
366,366.0,1.0,1.0,1.0,1.0,1.0,2.0,0.7,0.7,0.7,0.9,60.0,-245.4363518521091,130.58794234320223,2824.7224204236268,2727.3622661534205,4.0
367,367.0,1.0,1.0,1.0,1.0,2.0,2.0,0.9,0.9,0.9,1.0,60.0,-309.6095661599223,130.58794234320223,3314.3551005446634,2073.835755517876,2.0
368,368.0,1.0,1.0,1.0,1.0,3.0,2.0,0.7,0.7,0.8,0.9,50.0,-514.846131141583,127.66028995263277,2326.257420423627,3388.8437192038896,6.0
369,369.0,1.0,1.0,1.0,1.0,3.0,1.0,0.7,0.7,0.8,0.9,60.0,-733.8680066430127,75.70171885222204,2326.257420423627,2185.0941846102487,10.0
370,370.0,1.0,1.0,1.0,1.0,1.0,2.0,0.8,0.8,0.7,1.0,60.0,-929.7703563552827,87.3084364982703,2988.881480484145,2804.407602699597,10.0
371,371.0,1.0,1.0,1.0,1.0,1.0,1.0,1.0,1.0,0.7,1.0,50.0,-1461.949506477745,68.90193226572049,3317.199600605181,1645.1552771195327,8.0
372,372.0,1.0,1.0,1.0,1.0,2.0,2.0,0.8,0.8,0.9,0.9,30.0,-1674.780412126566,52.38197966632623,3150.196040484145,893.1493684589781,6.0
373,373.0,1.0,1.0,1.0,1.0,1.0,2.0,1.0,1.0,0.7,1.0,50.0,-609.1651305786587,130.58794234320223,3317.199600605181,2073.835755517876,2.0
374,374.0,1.0,1.0,1.0,1.0,3.0,2.0,1.0,1.0,0.8,0.9,50.0,-327.89971177747947,130.58794234320223,2818.734600605181,1944.7167332558456,2.0
375,375.0,1.0,1.0,1.0,1.0,1.0,1.0,0.9,0.9,1.0,0.9,30.0,-2210.048684496317,41.50495899604326,3869.7015405446637,676.3356085626353,6.0
376,376.0,1.0,1.0,1.0,1.0,2.0,2.0,0.9,0.9,0.8,1.0,50.0,-1325.8598973349865,66.12130743186812,3110.630260544663,1826.3643241059954,10.0
377,377.0,1.0,1.0,1.0,1.0,1.0,1.0,0.9,0.9,0.8,1.0,50.0,-1346.683859574166,90.2139868922699,3391.9275405446633,2056.043416929866,6.0
378,378.0,1.0,1.0,1.0,1.0,1.0,1.0,1.0,1.0,0.9,0.9,50.0,-1714.629772774617,70.85427533892505,3794.973600605181,1667.5929991855721,8.0
379,379.0,1.0,1.0,1.0,1.0,2.0,2.0,0.7,0.7,0.7,1.0,40.0,-622.9438673830051,130.58794234320223,2578.5873004236273,2073.835755517876,2.0
380,380.0,1.0,1.0,1.0,1.0,3.0,2.0,0.9,0.9,1.0,0.9,50.0,-814.654321774872,127.66028995263277,2948.011540544663,3388.8437192038896,6.0
381,381.0,1.0,1.0,1.0,1.0,1.0,2.0,0.7,0.7,0.8,1.0,40.0,-1140.3470322976284,113.81991637288002,3063.6094204236274,2304.311091897589,4.0
382,382.0,1.0,1.0,1.0,1.0,1.0,1.0,0.9,0.9,0.7,1.0,30.0,-1708.590253412808,52.38197966632623,3153.0405405446627,723.5230987517327,4.0
383,383.0,1.0,1.0,1.0,1.0,2.0,1.0,0.8,0.8,0.7,0.9,40.0,-887.9429483584693,130.58794234320223,2742.746360484145,1944.7167332558456,2.0
384,384.0,1.0,1.0,1.0,1.0,1.0,2.0,1.0,1.0,1.0,0.9,50.0,-1421.8327126796285,127.66028995263277,4033.8606006051814,3388.8437192038896,6.0
385,385.0,1.0,1.0,1.0,1.0,2.0,1.0,0.9,0.9,0.8,1.0,30.0,-1685.3364964853308,52.38197966632623,3110.630260544663,723.5230987517327,4.0
386,386.0,1.0,1.0,1.0,1.0,1.0,1.0,0.9,0.9,1.0,1.0,50.0,-1805.711791483063,68.90193226572049,3869.7015405446637,1645.1552771195327,8.0
387,387.0,1.0,1.0,1.0,1.0,3.0,2.0,0.9,0.9,1.0,0.9,60.0,-108.04080839185531,130.58794234320223,2948.011540544663,1944.7167332558456,2.0
388,388.0,1.0,1.0,1.0,1.0,2.0,1.0,0.8,0.8,0.7,1.0,50.0,-538.0022234383956,130.58794234320223,2742.746360484145,2073.835755517876,2.0
389,389.0,1.0,1.0,1.0,1.0,3.0,1.0,0.8,0.8,1.0,1.0,60.0,-819.8675444823384,101.2290504822933,2783.8524804841454,2988.7914934085843,8.0
390,390.0,1.0,1.0,1.0,1.0,2.0,1.0,0.9,0.9,1.0,1.0,30.0,-2017.663885580158,41.50495899604326,3518.0799405446633,700.6586703429214,6.0
391,391.0,1.0,1.0,1.0,1.0,2.0,2.0,0.9,0.9,0.8,0.9,40.0,-1319.925102382277,77.404691278589,3110.630260544663,1558.1381383897024,6.0
392,392.0,1.0,1.0,1.0,1.0,2.0,1.0,0.9,0.9,0.8,1.0,60.0,-1181.1098073555797,74.54606869299404,3110.630260544663,2185.8566287098256,10.0
393,393.0,1.0,1.0,1.0,1.0,1.0,2.0,1.0,1.0,0.7,0.9,40.0,-1689.2830817496138,52.38197966632623,3317.199600605181,1296.4470010963419,10.0
394,394.0,1.0,1.0,1.0,1.0,3.0,1.0,0.9,0.9,0.9,0.9,50.0,-962.5538451992478,101.2290504822933,2801.2935405446633,2369.8301773739436,6.0
395,395.0,1.0,1.0,1.0,1.0,1.0,1.0,1.0,1.0,0.8,1.0,60.0,-998.9783513407031,130.58794234320223,3556.0866006051815,3639.1268213130256,6.0
396,396.0,1.0,1.0,1.0,1.0,2.0,1.0,0.7,0.7,1.0,0.9,50.0,-758.5904575923944,130.58794234320223,3189.7618204236273,1944.7167332558456,2.0
397,397.0,1.0,1.0,1.0,1.0,3.0,1.0,0.7,0.7,0.9,0.9,60.0,-627.5343338153414,106.29108532121222,2472.975420423627,3127.596730842898,8.0
398,398.0,1.0,1.0,1.0,1.0,1.0,1.0,1.0,1.0,0.9,1.0,60.0,-1134.5431686900022,130.58794234320223,3794.973600605181,3639.1268213130256,6.0
399,399.0,1.0,1.0,1.0,1.0,3.0,2.0,0.7,0.7,0.9,1.0,60.0,-651.432458041104,87.3084364982703,2472.975420423627,2804.407602699597,10.0
