n,ID,D_ActivacionIncrem_Jaz,D_ActivacionIncrem_Abr,D_ActivacionIncrem_Gir,Opt_CalculoRagaliasIncrementales_Jaz,Opt_EscVentaCrudo,Opt_EscCAPEX_Perforacion,Opt_AlternativasFacilidades_ICV_AbrGir,Opt_CalculoRagaliasIncrementales_AbrGir,Unc_MultPreciobaseValorGas,Unc_MultCAPEXPerfo_UGEJaz,Unc_MultCAPEXFacilidades_Jaz,Unc_MultOPEX_UGEJaz,E_Brent,Total_VPN,volumen_Mbls,Capex,opex
0,0.0,1.0,1.0,1.0,2.0,2.0,2.0,1.0,2.0,1.0,1.0,0.7,0.7,55.0,-434.5633583420542,190.19516550018875,1238.5484041277002,4978.557701464523
1,1.0,1.0,1.0,1.0,1.0,1.0,1.0,1.0,1.0,1.0,0.8,0.8,0.9,45.0,-722.9314331120626,132.5792090392728,1222.2411475745146,3502.7365300929982
2,2.0,1.0,1.0,1.0,2.0,2.0,3.0,0.0,2.0,0.7,0.9,0.9,1.0,55.0,-18.888263401730264,190.19516550018875,905.6296037528191,3868.8805733551358
3,3.0,1.0,1.0,1.0,2.0,1.0,1.0,0.0,2.0,0.3,0.7,1.0,1.0,55.0,158.03247481396528,190.19516550018875,930.09211528091,2088.2207301269577
4,4.0,1.0,1.0,1.0,2.0,1.0,2.0,0.0,2.0,0.8,0.8,1.0,1.0,65.0,-43.715133448340005,190.19516550018875,959.6046352809101,4314.04553416218
5,5.0,1.0,1.0,1.0,2.0,2.0,2.0,0.0,2.0,0.8,0.8,0.9,1.0,45.0,-428.20056200869425,162.37515352012838,919.474123752819,3709.9154996722305
6,6.0,1.0,1.0,1.0,1.0,1.0,2.0,0.0,1.0,0.6,0.9,0.7,0.9,45.0,-114.00893879583987,190.19516550018875,909.000540696637,3348.44302777751
7,7.0,1.0,1.0,1.0,1.0,2.0,2.0,0.0,1.0,0.9,0.7,0.8,0.8,55.0,252.91570822363502,190.19516550018875,809.556172224728,4608.665325428061
8,8.0,1.0,1.0,1.0,1.0,1.0,2.0,1.0,1.0,0.3,0.7,0.8,0.9,65.0,781.5934303627987,190.19516550018875,1106.4252275745146,2012.9481453563756
9,9.0,1.0,1.0,1.0,1.0,2.0,2.0,0.0,1.0,0.1,0.9,1.0,0.9,55.0,841.743127886082,190.19516550018875,1029.39207528091,1122.6182237422863
10,10.0,1.0,1.0,1.0,2.0,2.0,1.0,0.0,2.0,0.2,0.8,0.8,1.0,55.0,427.7604538570103,190.19516550018875,925.372092224728,1643.0557693199135
11,11.0,1.0,1.0,1.0,1.0,2.0,3.0,1.0,1.0,0.4,0.7,0.7,0.9,45.0,284.4323931284481,190.19516550018875,964.1390041277003,2458.11310616342
12,12.0,1.0,1.0,1.0,2.0,1.0,1.0,1.0,2.0,0.3,1.0,0.7,0.9,65.0,264.96513489317124,190.19516550018875,1296.0840041277004,2012.9481453563756
13,13.0,1.0,1.0,1.0,2.0,1.0,3.0,0.0,2.0,0.1,0.9,0.7,0.9,55.0,432.6014892048986,190.19516550018875,825.3685806966371,1122.6182237422863
14,14.0,1.0,1.0,1.0,1.0,2.0,3.0,0.0,1.0,1.0,0.7,0.7,0.9,55.0,213.34314826725915,190.19516550018875,704.3785806966371,5129.102871005686
15,15.0,1.0,1.0,1.0,1.0,2.0,1.0,1.0,1.0,0.5,1.0,0.9,0.9,45.0,-98.42932899768928,190.19516550018875,1450.5622910213292,2903.2780669704653
16,16.0,1.0,1.0,1.0,1.0,2.0,2.0,1.0,1.0,0.1,0.8,0.7,1.0,65.0,1172.2245822699956,190.19516550018875,1098.9735241277006,1197.8908085128685
17,17.0,1.0,1.0,1.0,1.0,2.0,2.0,1.0,1.0,0.1,0.7,1.0,0.7,65.0,1122.69973274802,190.19516550018875,1260.9035144681432,972.0730542011215
18,18.0,1.0,1.0,1.0,1.0,1.0,2.0,1.0,1.0,0.8,0.8,0.9,0.9,45.0,-487.6917684505221,190.19516550018875,1253.4518110213291,4238.772949391597
19,19.0,1.0,1.0,1.0,2.0,2.0,2.0,1.0,2.0,0.7,0.8,0.8,0.9,65.0,139.98730672543147,190.19516550018875,1176.2126675745146,3793.6079885845534
20,20.0,1.0,1.0,1.0,2.0,1.0,3.0,0.0,2.0,0.5,1.0,0.7,0.7,55.0,57.71275609937856,190.19516550018875,885.863580696637,2752.7328974292996
21,21.0,1.0,1.0,1.0,1.0,2.0,2.0,0.0,1.0,0.6,1.0,0.8,0.7,45.0,67.05421468586877,190.19516550018875,1018.9184922247282,3197.897858236344
22,22.0,1.0,1.0,1.0,2.0,1.0,3.0,1.0,2.0,0.3,0.9,0.8,1.0,45.0,-217.09914577592642,190.19516550018875,1162.3681475745145,2088.2207301269577
23,23.0,1.0,1.0,1.0,1.0,1.0,1.0,1.0,1.0,0.4,0.9,0.9,0.8,55.0,189.81520432273086,190.19516550018875,1375.0212910213293,2382.8405213928377
24,24.0,1.0,1.0,1.0,2.0,1.0,1.0,1.0,2.0,0.4,0.9,1.0,0.8,55.0,-179.02923609188923,190.19516550018875,1452.260434468143,2382.8405213928377
25,25.0,1.0,1.0,1.0,2.0,2.0,3.0,1.0,2.0,0.1,1.0,0.7,0.9,55.0,438.5942253513649,190.19516550018875,1145.6240041277003,1122.6182237422863
26,26.0,1.0,1.0,1.0,2.0,2.0,2.0,0.0,2.0,0.5,0.7,0.7,0.9,55.0,262.53723752598927,190.19516550018875,769.425660696637,2903.2780669704653
27,27.0,1.0,1.0,1.0,1.0,1.0,2.0,1.0,1.0,0.3,0.8,0.9,0.8,45.0,1.4414616900170723,190.19516550018875,1253.4518110213291,1937.6755605857932
28,28.0,1.0,1.0,1.0,1.0,2.0,1.0,0.0,1.0,0.4,0.9,0.9,0.8,45.0,218.6966310218701,190.19516550018875,1041.043603752819,2382.8405213928377
29,29.0,1.0,1.0,1.0,1.0,2.0,3.0,0.0,1.0,0.9,0.8,0.7,0.9,45.0,-86.65451207668177,190.19516550018875,764.8735806966372,4683.937910198643
30,30.0,1.0,1.0,1.0,1.0,1.0,2.0,0.0,1.0,0.5,0.9,1.0,0.8,45.0,-84.68480018567993,190.19516550018875,1029.39207528091,2828.0054821998824
31,31.0,1.0,1.0,1.0,1.0,2.0,2.0,1.0,1.0,0.5,0.7,0.7,0.8,55.0,519.6473302512643,190.19516550018875,1029.1860841277005,2828.0054821998824
32,32.0,1.0,1.0,1.0,2.0,2.0,2.0,1.0,2.0,0.7,1.0,0.7,1.0,55.0,-190.9116492164802,190.19516550018875,1238.5484041277002,3868.8805733551358
33,33.0,1.0,1.0,1.0,2.0,1.0,1.0,1.0,2.0,0.5,0.9,0.7,0.9,55.0,-152.5972873040439,190.19516550018875,1220.5430041277004,2903.2780669704653
34,34.0,1.0,1.0,1.0,1.0,1.0,2.0,1.0,1.0,0.2,1.0,1.0,0.9,55.0,307.0958725371319,190.19516550018875,1470.2658344681429,1567.7831845493306
35,35.0,1.0,1.0,1.0,1.0,2.0,2.0,0.0,1.0,0.7,0.7,0.7,0.8,55.0,464.4992534912419,190.19516550018875,769.425660696637,3718.335403813972
36,36.0,1.0,1.0,1.0,1.0,1.0,3.0,0.0,1.0,0.7,0.9,0.7,0.7,55.0,232.72367431590956,190.19516550018875,825.3685806966371,3643.0628190433886
37,37.0,1.0,1.0,1.0,2.0,1.0,1.0,1.0,2.0,0.5,0.9,0.8,0.7,65.0,109.70998532685844,190.19516550018875,1297.7821475745145,2752.7328974292996
38,38.0,1.0,1.0,1.0,1.0,1.0,3.0,0.0,1.0,0.6,0.7,1.0,0.9,65.0,642.3161189553338,190.19516550018875,824.77011528091,3348.44302777751
39,39.0,1.0,1.0,1.0,2.0,2.0,2.0,1.0,2.0,0.7,0.8,1.0,1.0,55.0,-243.02087868489792,190.19516550018875,1330.6909544681432,3868.8805733551358
40,40.0,1.0,1.0,1.0,1.0,2.0,3.0,1.0,1.0,0.2,0.7,0.7,1.0,55.0,808.5163384991243,190.19516550018875,964.1390041277003,1643.0557693199135
41,41.0,1.0,1.0,1.0,2.0,1.0,1.0,1.0,2.0,0.7,0.7,1.0,1.0,65.0,-119.73171649526361,190.19516550018875,1301.178434468143,3868.8805733551358
42,42.0,1.0,1.0,1.0,2.0,2.0,1.0,0.0,2.0,0.4,1.0,0.8,0.9,55.0,168.8360336828063,190.19516550018875,1076.4540922247281,2458.11310616342
43,43.0,1.0,1.0,1.0,2.0,1.0,1.0,1.0,2.0,0.8,0.9,0.9,0.8,55.0,-515.4447018949597,190.19516550018875,1375.0212910213293,4163.500364621017
44,44.0,1.0,1.0,1.0,2.0,1.0,1.0,0.0,2.0,0.8,0.9,0.8,1.0,55.0,-348.67116590507516,190.19516550018875,1000.9130922247281,4314.04553416218
45,45.0,1.0,1.0,1.0,1.0,1.0,2.0,1.0,1.0,0.6,0.8,1.0,0.7,55.0,49.527520264057884,190.19516550018875,1330.6909544681432,3197.897858236344
46,46.0,1.0,1.0,1.0,2.0,2.0,3.0,0.0,2.0,0.8,0.9,1.0,0.9,45.0,-426.8541962019017,163.67635912572442,945.76011528091,3685.187926566652
47,47.0,1.0,1.0,1.0,1.0,1.0,1.0,0.0,1.0,0.2,0.7,0.9,0.9,45.0,260.0068178512496,190.19516550018875,889.961603752819,1567.7831845493306
48,48.0,1.0,1.0,1.0,1.0,1.0,2.0,1.0,1.0,0.4,0.8,0.7,0.7,45.0,13.001816799156908,190.19516550018875,1098.9735241277006,2307.5679366222553
49,49.0,1.0,1.0,1.0,2.0,2.0,1.0,1.0,2.0,0.9,0.8,0.9,0.9,55.0,-403.35845401542593,190.19516550018875,1299.480291021329,4683.937910198643
50,50.0,1.0,1.0,1.0,1.0,1.0,1.0,0.0,1.0,0.4,0.8,0.9,0.7,55.0,414.7146105598952,190.19516550018875,965.502603752819,2307.5679366222553
51,51.0,1.0,1.0,1.0,2.0,1.0,2.0,1.0,2.0,0.6,0.9,0.9,0.7,55.0,-273.34131500159396,190.19516550018875,1323.239251021329,3197.897858236344
52,52.0,1.0,1.0,1.0,2.0,1.0,3.0,0.0,2.0,0.1,0.9,0.8,0.8,55.0,420.8716018733612,190.19516550018875,865.4990922247281,1047.3456389717037
53,53.0,1.0,1.0,1.0,1.0,1.0,3.0,1.0,1.0,0.3,0.9,1.0,0.8,65.0,678.6513199600807,190.19516550018875,1316.8464344681431,1937.6755605857932
54,54.0,1.0,1.0,1.0,2.0,1.0,1.0,0.0,2.0,0.2,0.7,0.8,1.0,55.0,302.42748859944527,190.19516550018875,849.8310922247281,1643.0557693199135
55,55.0,1.0,1.0,1.0,1.0,1.0,1.0,1.0,1.0,0.7,1.0,0.8,0.9,55.0,-102.01582612629333,190.19516550018875,1373.3231475745145,3793.6079885845534
56,56.0,1.0,1.0,1.0,2.0,1.0,3.0,0.0,2.0,0.8,0.7,0.8,0.9,65.0,106.42266770346654,190.19516550018875,744.509092224728,4238.772949391597
57,57.0,1.0,1.0,1.0,1.0,1.0,3.0,0.0,1.0,0.1,0.9,0.8,0.8,55.0,744.6086835855345,190.19516550018875,865.4990922247281,1047.3456389717037
58,58.0,1.0,1.0,1.0,2.0,1.0,3.0,0.0,2.0,0.3,0.7,1.0,0.9,55.0,240.04247026127965,190.19516550018875,824.77011528091,2012.9481453563756
59,59.0,1.0,1.0,1.0,1.0,2.0,2.0,0.0,1.0,0.8,0.9,0.7,0.9,45.0,-81.65956916278455,190.19516550018875,909.000540696637,4238.772949391597
60,60.0,1.0,1.0,1.0,1.0,1.0,3.0,0.0,1.0,0.4,0.9,0.9,0.8,55.0,442.51942317153754,190.19516550018875,905.6296037528191,2382.8405213928377
61,61.0,1.0,1.0,1.0,2.0,2.0,1.0,1.0,2.0,0.4,0.9,0.7,1.0,55.0,96.2094072990294,190.19516550018875,1220.5430041277004,2533.3856909340016
62,62.0,1.0,1.0,1.0,1.0,1.0,3.0,0.0,1.0,0.4,0.8,0.7,1.0,55.0,500.9435876228454,190.19516550018875,764.8735806966372,2533.3856909340016
63,63.0,1.0,1.0,1.0,2.0,1.0,1.0,0.0,2.0,0.4,0.8,0.7,1.0,55.0,99.73794878304749,190.19516550018875,885.2415806966371,2533.3856909340016
64,64.0,1.0,1.0,1.0,2.0,2.0,2.0,0.0,2.0,0.5,1.0,0.8,0.9,55.0,113.45929077664485,190.19516550018875,1018.9184922247282,2903.2780669704653
65,65.0,1.0,1.0,1.0,1.0,2.0,1.0,1.0,1.0,1.0,0.8,0.9,1.0,55.0,-133.00070852316173,190.19516550018875,1299.480291021329,5204.37545577627
66,66.0,1.0,1.0,1.0,1.0,2.0,3.0,0.0,1.0,0.5,0.8,1.0,0.9,55.0,562.4556489484909,190.19516550018875,885.2651152809101,2903.2780669704653
67,67.0,1.0,1.0,1.0,2.0,2.0,2.0,1.0,2.0,0.9,0.9,1.0,1.0,45.0,-843.4384548848758,135.48321153713508,1400.478394468143,3325.5238897013783
68,68.0,1.0,1.0,1.0,2.0,1.0,2.0,0.0,2.0,0.7,0.8,0.9,0.8,55.0,-174.20110535763868,190.19516550018875,919.474123752819,3718.335403813972
69,69.0,1.0,1.0,1.0,1.0,2.0,3.0,1.0,1.0,0.4,0.9,0.7,0.9,65.0,923.6050442424792,190.19516550018875,1085.1290041277005,2458.11310616342
70,70.0,1.0,1.0,1.0,1.0,2.0,3.0,1.0,1.0,0.3,0.7,0.8,0.7,45.0,360.7872123776815,190.19516550018875,1041.3781475745143,1862.4029758152108
71,71.0,1.0,1.0,1.0,2.0,2.0,3.0,0.0,2.0,0.6,0.9,0.9,0.7,55.0,118.09619802247194,190.19516550018875,905.6296037528191,3197.897858236344
72,72.0,1.0,1.0,1.0,1.0,2.0,1.0,0.0,1.0,0.9,0.9,0.7,0.7,65.0,534.2527374639218,190.19516550018875,960.7825806966371,4533.3927406574785
73,73.0,1.0,1.0,1.0,2.0,2.0,1.0,0.0,2.0,1.0,1.0,0.8,0.7,65.0,-82.57490385983698,190.19516550018875,1076.4540922247281,4978.557701464523
74,74.0,1.0,1.0,1.0,2.0,2.0,2.0,0.0,2.0,1.0,1.0,0.9,1.0,55.0,-402.1900983481269,190.19516550018875,1059.049003752819,5204.37545577627
75,75.0,1.0,1.0,1.0,2.0,2.0,2.0,1.0,2.0,1.0,0.7,0.9,0.7,55.0,-399.9935006076567,190.19516550018875,1183.664371021329,4978.557701464523
76,76.0,1.0,1.0,1.0,2.0,2.0,1.0,0.0,2.0,0.3,0.8,0.9,1.0,55.0,309.5484584270541,190.19516550018875,965.502603752819,2088.2207301269577
77,77.0,1.0,1.0,1.0,1.0,1.0,3.0,0.0,1.0,0.1,0.9,0.8,0.7,65.0,1113.49438858666,190.19516550018875,865.4990922247281,972.0730542011215
78,78.0,1.0,1.0,1.0,1.0,1.0,2.0,1.0,1.0,0.4,1.0,0.8,1.0,45.0,-157.0639253667581,190.19516550018875,1315.7875475745145,2533.3856909340016
79,79.0,1.0,1.0,1.0,1.0,1.0,1.0,0.0,1.0,1.0,1.0,0.7,0.7,65.0,178.3362696907623,190.19516550018875,1036.323580696637,4978.557701464523
80,80.0,1.0,1.0,1.0,2.0,1.0,1.0,0.0,2.0,0.9,0.8,0.9,0.7,55.0,-399.67428295801795,166.2523362810506,965.502603752819,4032.2751952030735
81,81.0,1.0,1.0,1.0,2.0,2.0,3.0,1.0,2.0,0.7,0.9,0.7,0.7,55.0,-52.063416647283226,190.19516550018875,1085.1290041277005,3643.0628190433886
82,82.0,1.0,1.0,1.0,1.0,1.0,3.0,0.0,1.0,0.7,0.8,0.9,0.7,55.0,215.3457132074577,190.19516550018875,845.1346037528192,3643.0628190433886
83,83.0,1.0,1.0,1.0,1.0,1.0,1.0,1.0,1.0,0.2,0.9,1.0,0.7,65.0,698.1474500852124,190.19516550018875,1452.260434468143,1417.2380150081663
84,84.0,1.0,1.0,1.0,1.0,2.0,3.0,0.0,1.0,0.4,1.0,0.9,0.7,45.0,285.0366941741125,190.19516550018875,966.124603752819,2307.5679366222553
85,85.0,1.0,1.0,1.0,2.0,2.0,1.0,0.0,2.0,0.5,1.0,0.7,0.9,55.0,102.72451675218322,190.19516550018875,1036.323580696637,2903.2780669704653
86,86.0,1.0,1.0,1.0,1.0,1.0,3.0,1.0,1.0,0.4,0.8,0.7,0.9,45.0,31.799784375475337,190.19516550018875,1024.6340041277006,2458.11310616342
87,87.0,1.0,1.0,1.0,2.0,1.0,1.0,1.0,2.0,0.5,0.8,0.8,1.0,45.0,-450.5023195895879,190.19516550018875,1222.2411475745146,2978.5506517410463
88,88.0,1.0,1.0,1.0,1.0,2.0,3.0,1.0,1.0,0.4,0.8,0.9,1.0,55.0,500.4134729506238,190.19516550018875,1179.1122910213292,2533.3856909340016
89,89.0,1.0,1.0,1.0,1.0,2.0,2.0,1.0,1.0,0.5,1.0,0.8,0.7,55.0,366.68159689107614,190.19516550018875,1315.7875475745145,2752.7328974292996
90,90.0,1.0,1.0,1.0,2.0,1.0,1.0,0.0,2.0,0.6,1.0,0.8,0.7,45.0,-444.5830550746308,190.19516550018875,1076.4540922247281,3197.897858236344
91,91.0,1.0,1.0,1.0,1.0,1.0,3.0,0.0,1.0,0.5,0.8,0.7,0.8,65.0,792.3428777247588,190.19516550018875,764.8735806966372,2828.0054821998824
92,92.0,1.0,1.0,1.0,1.0,2.0,3.0,0.0,1.0,0.6,0.9,1.0,0.9,65.0,789.9970838798072,190.19516550018875,945.76011528091,3348.44302777751
93,93.0,1.0,1.0,1.0,2.0,2.0,2.0,1.0,2.0,0.1,0.7,0.7,0.9,55.0,501.768685895231,190.19516550018875,1029.1860841277005,1122.6182237422863
94,94.0,1.0,1.0,1.0,2.0,2.0,3.0,1.0,2.0,0.4,0.7,0.9,0.7,55.0,207.17526545199186,190.19516550018875,1118.617291021329,2307.5679366222553
95,95.0,1.0,1.0,1.0,2.0,2.0,2.0,1.0,2.0,0.3,0.7,0.9,0.8,55.0,243.0544605663146,190.19516550018875,1183.664371021329,1937.6755605857932
96,96.0,1.0,1.0,1.0,2.0,2.0,2.0,0.0,2.0,0.6,0.8,0.8,1.0,55.0,87.96440518162565,190.19516550018875,879.3436122247281,3423.7156125480915
97,97.0,1.0,1.0,1.0,1.0,2.0,3.0,0.0,1.0,0.2,1.0,0.9,0.8,55.0,809.1041683382597,190.19516550018875,966.124603752819,1492.5105997787484
98,98.0,1.0,1.0,1.0,1.0,1.0,3.0,1.0,1.0,0.8,1.0,0.8,0.9,55.0,-98.58396160941716,190.19516550018875,1222.8631475745144,4238.772949391597
99,99.0,1.0,1.0,1.0,2.0,1.0,1.0,0.0,2.0,0.6,1.0,1.0,0.7,55.0,-211.1252741519661,190.19516550018875,1156.7151152809101,3197.897858236344
100,100.0,1.0,1.0,1.0,1.0,1.0,2.0,0.0,1.0,0.3,0.9,0.9,0.8,55.0,480.9133177097665,190.19516550018875,989.261563752819,1937.6755605857932
101,101.0,1.0,1.0,1.0,2.0,1.0,1.0,0.0,2.0,0.1,0.7,1.0,0.9,55.0,356.4936090433449,190.19516550018875,930.09211528091,1122.6182237422863
102,102.0,1.0,1.0,1.0,1.0,2.0,2.0,1.0,1.0,0.5,0.7,0.7,0.8,65.0,874.227590240923,190.19516550018875,1029.1860841277005,2828.0054821998824
103,103.0,1.0,1.0,1.0,1.0,1.0,1.0,0.0,1.0,0.7,0.9,1.0,0.7,45.0,-290.9183302199019,190.19516550018875,1081.17411528091,3643.0628190433886
104,104.0,1.0,1.0,1.0,2.0,2.0,2.0,0.0,2.0,0.4,1.0,0.8,0.8,55.0,220.17109774023973,190.19516550018875,1018.9184922247282,2382.8405213928377
105,105.0,1.0,1.0,1.0,2.0,2.0,1.0,1.0,2.0,0.8,1.0,0.9,0.8,65.0,-102.23455361736916,190.19516550018875,1450.5622910213292,4163.500364621017
106,106.0,1.0,1.0,1.0,2.0,2.0,1.0,0.0,2.0,0.8,0.8,0.8,1.0,55.0,-128.9279443776027,190.19516550018875,925.372092224728,4314.04553416218
107,107.0,1.0,1.0,1.0,1.0,2.0,2.0,1.0,1.0,1.0,0.9,0.8,0.7,55.0,-55.82337470792345,190.19516550018875,1246.0001075745145,4978.557701464523
108,108.0,1.0,1.0,1.0,1.0,2.0,1.0,0.0,1.0,0.5,0.7,1.0,1.0,55.0,515.4209304660992,190.19516550018875,930.09211528091,2978.5506517410463
109,109.0,1.0,1.0,1.0,1.0,1.0,1.0,1.0,1.0,0.2,0.9,0.8,1.0,55.0,389.56737362688864,190.19516550018875,1297.7821475745145,1643.0557693199135
110,110.0,1.0,1.0,1.0,2.0,2.0,3.0,0.0,2.0,0.9,0.7,0.7,0.9,55.0,-69.60813816684066,190.19516550018875,704.3785806966371,4683.937910198643
111,111.0,1.0,1.0,1.0,2.0,1.0,2.0,1.0,2.0,0.9,0.7,0.7,0.9,55.0,-437.29425963418794,163.03839425156465,1029.1860841277005,4057.0554497960716
112,112.0,1.0,1.0,1.0,1.0,2.0,2.0,1.0,1.0,0.6,0.9,0.8,0.9,55.0,286.67404239636966,190.19516550018875,1246.0001075745145,3348.44302777751
113,113.0,1.0,1.0,1.0,2.0,1.0,3.0,0.0,2.0,0.7,0.9,1.0,0.8,55.0,-187.703277674802,190.19516550018875,945.76011528091,3718.335403813972
114,114.0,1.0,1.0,1.0,2.0,2.0,2.0,0.0,2.0,0.9,0.8,0.7,0.9,55.0,-152.8409578400673,190.19516550018875,839.2131006966371,4683.937910198643
115,115.0,1.0,1.0,1.0,1.0,2.0,2.0,0.0,1.0,0.9,0.9,1.0,0.7,45.0,-225.30010486142763,190.19516550018875,1029.39207528091,4533.3927406574785
116,116.0,1.0,1.0,1.0,2.0,1.0,2.0,0.0,2.0,0.3,0.7,0.9,1.0,55.0,210.02385012821264,190.19516550018875,849.6866837528191,2088.2207301269577
117,117.0,1.0,1.0,1.0,1.0,1.0,3.0,1.0,1.0,0.5,0.8,0.9,0.9,55.0,205.1596951057237,190.19516550018875,1179.1122910213292,2903.2780669704653
118,118.0,1.0,1.0,1.0,1.0,2.0,3.0,1.0,1.0,0.4,1.0,0.8,0.7,65.0,872.9142512871275,190.19516550018875,1222.8631475745144,2307.5679366222553
119,119.0,1.0,1.0,1.0,2.0,1.0,2.0,0.0,2.0,0.7,0.7,0.9,0.8,45.0,-446.8677583740285,158.41188565562595,849.6866837528191,3106.4099472287344
120,120.0,1.0,1.0,1.0,1.0,1.0,2.0,1.0,1.0,0.7,0.7,1.0,0.7,55.0,-2.3015202923390286,190.19516550018875,1260.9035144681432,3643.0628190433886
121,121.0,1.0,1.0,1.0,2.0,1.0,2.0,0.0,2.0,0.4,0.7,0.9,0.7,55.0,161.28416934330508,190.19516550018875,849.6866837528191,2307.5679366222553
122,122.0,1.0,1.0,1.0,2.0,2.0,2.0,0.0,2.0,0.4,1.0,0.8,0.8,55.0,220.17109774023973,190.19516550018875,1018.9184922247282,2382.8405213928377
123,123.0,1.0,1.0,1.0,2.0,2.0,3.0,0.0,2.0,0.5,1.0,0.9,0.9,65.0,423.990515857248,190.19516550018875,966.124603752819,2903.2780669704653
124,124.0,1.0,1.0,1.0,2.0,1.0,2.0,0.0,2.0,0.6,0.7,0.7,1.0,55.0,-15.911886802286084,190.19516550018875,769.425660696637,3423.7156125480915
125,125.0,1.0,1.0,1.0,2.0,2.0,3.0,1.0,2.0,0.1,0.9,1.0,1.0,45.0,48.610037094137205,190.19516550018875,1316.8464344681431,1197.8908085128685
126,126.0,1.0,1.0,1.0,1.0,1.0,1.0,1.0,1.0,0.6,0.8,0.9,0.8,65.0,404.89631742539734,190.19516550018875,1299.480291021329,3273.170443006927
127,127.0,1.0,1.0,1.0,1.0,2.0,2.0,1.0,1.0,0.9,0.9,0.9,1.0,55.0,-50.586759487498,190.19516550018875,1323.239251021329,4759.210494969224
128,128.0,1.0,1.0,1.0,2.0,2.0,2.0,1.0,2.0,0.3,1.0,0.8,0.9,55.0,150.38876310017392,190.19516550018875,1315.7875475745145,2012.9481453563756
129,129.0,1.0,1.0,1.0,1.0,2.0,3.0,1.0,1.0,0.2,1.0,1.0,0.7,55.0,613.1450116080831,190.19516550018875,1377.341434468143,1417.2380150081663
130,130.0,1.0,1.0,1.0,1.0,2.0,3.0,0.0,1.0,1.0,0.8,0.9,1.0,55.0,111.09841716782122,190.19516550018875,845.1346037528192,5204.37545577627
131,131.0,1.0,1.0,1.0,1.0,1.0,2.0,0.0,1.0,0.7,0.8,0.8,0.9,45.0,-193.17001416379088,190.19516550018875,879.3436122247281,3793.6079885845534
132,132.0,1.0,1.0,1.0,2.0,1.0,3.0,1.0,2.0,0.2,0.7,0.7,1.0,55.0,267.18290836313497,190.19516550018875,964.1390041277003,1643.0557693199135
133,133.0,1.0,1.0,1.0,2.0,2.0,3.0,1.0,2.0,0.5,0.7,0.8,1.0,45.0,-162.62697203190146,190.19516550018875,1041.3781475745143,2978.5506517410463
134,134.0,1.0,1.0,1.0,2.0,2.0,3.0,0.0,2.0,0.2,0.7,0.7,0.7,55.0,609.406025087301,190.19516550018875,704.3785806966371,1417.2380150081663
135,135.0,1.0,1.0,1.0,1.0,1.0,3.0,0.0,1.0,0.9,1.0,0.7,0.7,55.0,11.107101805064469,190.19516550018875,885.863580696637,4533.3927406574785
136,136.0,1.0,1.0,1.0,1.0,2.0,1.0,1.0,1.0,0.3,0.7,0.7,0.8,55.0,677.8935727193284,190.19516550018875,1069.4610041277003,1937.6755605857932
137,137.0,1.0,1.0,1.0,2.0,2.0,1.0,1.0,2.0,1.0,0.8,1.0,1.0,65.0,-274.70626212949054,190.19516550018875,1376.7194344681432,5204.37545577627
138,138.0,1.0,1.0,1.0,2.0,2.0,2.0,1.0,2.0,0.9,0.9,0.9,1.0,55.0,-430.32427143070385,190.19516550018875,1323.239251021329,4759.210494969224
139,139.0,1.0,1.0,1.0,2.0,2.0,1.0,0.0,2.0,0.4,1.0,0.8,0.7,65.0,474.5756516531197,190.19516550018875,1076.4540922247281,2307.5679366222553
140,140.0,1.0,1.0,1.0,1.0,2.0,3.0,0.0,1.0,0.8,0.8,0.7,0.7,55.0,393.3535282498871,190.19516550018875,764.8735806966372,4088.2277798504347
141,141.0,1.0,1.0,1.0,2.0,2.0,3.0,1.0,2.0,0.9,0.8,0.9,0.8,55.0,-310.06487096652864,190.19516550018875,1179.1122910213292,4608.665325428061
142,142.0,1.0,1.0,1.0,1.0,2.0,1.0,1.0,1.0,0.6,0.7,1.0,0.9,65.0,608.123189426865,190.19516550018875,1301.178434468143,3348.44302777751
143,143.0,1.0,1.0,1.0,2.0,2.0,1.0,0.0,2.0,0.5,0.7,0.7,0.9,45.0,-41.39602808527217,190.19516550018875,809.700580696637,2903.2780669704653
144,144.0,1.0,1.0,1.0,2.0,2.0,3.0,0.0,2.0,0.3,0.8,0.8,0.8,55.0,441.81814815816114,190.19516550018875,805.0040922247281,1937.6755605857932
145,145.0,1.0,1.0,1.0,1.0,1.0,2.0,0.0,1.0,0.3,0.9,0.9,0.7,55.0,495.35460681260383,190.19516550018875,989.261563752819,1862.4029758152108
146,146.0,1.0,1.0,1.0,1.0,1.0,2.0,0.0,1.0,0.8,0.9,0.9,0.8,55.0,18.9448156966384,190.19516550018875,989.261563752819,4163.500364621017
147,147.0,1.0,1.0,1.0,2.0,2.0,3.0,0.0,2.0,0.9,1.0,0.8,1.0,55.0,-216.38190126493794,190.19516550018875,925.9940922247281,4759.210494969224
148,148.0,1.0,1.0,1.0,1.0,1.0,3.0,0.0,1.0,0.7,1.0,1.0,0.7,45.0,-238.760137300056,190.19516550018875,1006.2551152809101,3643.0628190433886
149,149.0,1.0,1.0,1.0,2.0,2.0,3.0,1.0,2.0,0.2,0.8,0.9,0.9,45.0,50.587466703595304,190.19516550018875,1179.1122910213292,1567.7831845493306
150,150.0,1.0,1.0,1.0,2.0,1.0,1.0,0.0,2.0,0.6,0.9,1.0,0.7,55.0,-166.32315091180163,190.19516550018875,1081.17411528091,3197.897858236344
151,151.0,1.0,1.0,1.0,1.0,1.0,1.0,0.0,1.0,1.0,0.9,0.7,1.0,65.0,179.4520297127972,190.19516550018875,960.7825806966371,5204.37545577627
152,152.0,1.0,1.0,1.0,1.0,2.0,1.0,1.0,1.0,0.4,0.7,1.0,0.8,55.0,452.11131472688345,190.19516550018875,1301.178434468143,2382.8405213928377
153,153.0,1.0,1.0,1.0,2.0,1.0,3.0,0.0,2.0,0.8,0.8,0.9,0.7,65.0,74.30716025056135,190.19516550018875,845.1346037528192,4088.2277798504347
154,154.0,1.0,1.0,1.0,1.0,2.0,2.0,1.0,1.0,0.8,1.0,0.9,0.9,55.0,15.995007830119487,190.19516550018875,1393.0266910213288,4238.772949391597
155,155.0,1.0,1.0,1.0,1.0,1.0,1.0,1.0,1.0,0.1,0.9,0.8,0.8,55.0,510.3608772468193,190.19516550018875,1297.7821475745145,1047.3456389717037
156,156.0,1.0,1.0,1.0,2.0,1.0,1.0,1.0,2.0,0.1,1.0,1.0,1.0,45.0,-252.90016817479002,190.19516550018875,1527.801434468143,1197.8908085128685
157,157.0,1.0,1.0,1.0,2.0,1.0,2.0,1.0,2.0,0.7,0.7,1.0,0.9,65.0,-79.1844559753054,190.19516550018875,1260.9035144681432,3793.6079885845534
158,158.0,1.0,1.0,1.0,1.0,2.0,3.0,0.0,1.0,0.7,0.8,0.9,0.7,55.0,433.37686381335624,190.19516550018875,845.1346037528192,3643.0628190433886
159,159.0,1.0,1.0,1.0,2.0,2.0,1.0,0.0,2.0,1.0,0.8,1.0,1.0,45.0,-724.9515329429045,115.02198370795362,1005.6331152809101,3038.433015111291
160,160.0,1.0,1.0,1.0,1.0,2.0,2.0,1.0,1.0,1.0,1.0,0.8,0.8,55.0,-111.55161121285403,190.19516550018875,1315.7875475745145,5053.8302862351065
161,161.0,1.0,1.0,1.0,2.0,2.0,1.0,0.0,2.0,0.6,0.7,0.7,1.0,65.0,407.13511156728674,190.19516550018875,809.700580696637,3423.7156125480915
162,162.0,1.0,1.0,1.0,1.0,2.0,3.0,0.0,1.0,0.4,0.8,0.7,1.0,55.0,718.5751064771636,190.19516550018875,764.8735806966372,2533.3856909340016
163,163.0,1.0,1.0,1.0,1.0,1.0,2.0,0.0,1.0,0.9,1.0,0.8,0.9,65.0,253.08529586515772,190.19516550018875,1018.9184922247282,4683.937910198643
164,164.0,1.0,1.0,1.0,1.0,2.0,3.0,0.0,1.0,0.7,0.9,1.0,0.7,45.0,16.346147702635818,190.19516550018875,945.76011528091,3643.0628190433886
165,165.0,1.0,1.0,1.0,1.0,1.0,2.0,1.0,1.0,0.2,1.0,0.9,1.0,65.0,691.7014091346635,190.19516550018875,1393.0266910213288,1643.0557693199135
166,166.0,1.0,1.0,1.0,1.0,1.0,3.0,1.0,1.0,0.1,0.8,1.0,0.7,55.0,557.4576182077711,190.19516550018875,1256.3514344681432,972.0730542011215
167,167.0,1.0,1.0,1.0,2.0,1.0,1.0,1.0,2.0,0.5,1.0,0.7,0.8,65.0,95.20130483252466,190.19516550018875,1296.0840041277004,2828.0054821998824
168,168.0,1.0,1.0,1.0,2.0,2.0,1.0,0.0,2.0,0.4,0.8,0.7,0.7,55.0,313.14024333420684,190.19516550018875,885.2415806966371,2307.5679366222553
169,169.0,1.0,1.0,1.0,1.0,1.0,2.0,0.0,1.0,1.0,1.0,0.9,1.0,55.0,-239.56676613318177,190.19516550018875,1059.049003752819,5204.37545577627
170,170.0,1.0,1.0,1.0,2.0,2.0,3.0,1.0,2.0,0.7,0.9,0.7,1.0,65.0,182.8782253080935,190.19516550018875,1085.1290041277005,3868.8805733551358
171,171.0,1.0,1.0,1.0,1.0,2.0,2.0,1.0,1.0,0.1,0.8,0.8,0.9,55.0,787.6190456724637,190.19516550018875,1176.2126675745146,1122.6182237422863
172,172.0,1.0,1.0,1.0,2.0,2.0,2.0,1.0,2.0,0.9,1.0,0.7,0.7,65.0,-54.954362218385704,190.19516550018875,1238.5484041277002,4533.3927406574785
173,173.0,1.0,1.0,1.0,1.0,2.0,3.0,1.0,1.0,0.1,0.7,0.9,0.8,55.0,840.1382482262619,190.19516550018875,1118.617291021329,1047.3456389717037
174,174.0,1.0,1.0,1.0,1.0,2.0,1.0,1.0,1.0,0.2,0.7,0.7,0.7,65.0,1138.706815990394,190.19516550018875,1069.4610041277003,1417.2380150081663
175,175.0,1.0,1.0,1.0,1.0,1.0,2.0,1.0,1.0,0.4,0.9,0.8,0.8,65.0,622.1911688213869,190.19516550018875,1246.0001075745145,2382.8405213928377
176,176.0,1.0,1.0,1.0,1.0,2.0,1.0,1.0,1.0,0.6,0.7,1.0,1.0,65.0,593.6819003240273,190.19516550018875,1301.178434468143,3423.7156125480915
177,177.0,1.0,1.0,1.0,2.0,2.0,1.0,0.0,2.0,0.2,0.8,1.0,0.8,65.0,681.0654552959242,190.19516550018875,1005.6331152809101,1492.5105997787484
178,178.0,1.0,1.0,1.0,2.0,1.0,1.0,0.0,2.0,0.9,1.0,1.0,0.9,65.0,-242.3385893521952,190.19516550018875,1156.7151152809101,4683.937910198643
179,179.0,1.0,1.0,1.0,2.0,2.0,2.0,1.0,2.0,0.3,0.9,0.9,0.8,55.0,161.17731695753827,190.19516550018875,1323.239251021329,1937.6755605857932
180,180.0,1.0,1.0,1.0,1.0,1.0,3.0,1.0,1.0,0.4,0.7,0.8,0.9,55.0,376.7898272139269,190.19516550018875,1041.3781475745143,2458.11310616342
181,181.0,1.0,1.0,1.0,2.0,1.0,1.0,1.0,2.0,0.1,0.9,0.8,0.7,55.0,201.05677820964183,190.19516550018875,1297.7821475745145,972.0730542011215
182,182.0,1.0,1.0,1.0,2.0,2.0,1.0,1.0,2.0,1.0,1.0,0.9,0.9,55.0,-596.9120249028159,190.19516550018875,1450.5622910213292,5129.102871005686
183,183.0,1.0,1.0,1.0,2.0,1.0,2.0,0.0,2.0,0.4,1.0,0.7,0.9,55.0,61.812338441454784,190.19516550018875,978.7879806966371,2458.11310616342
184,184.0,1.0,1.0,1.0,2.0,1.0,2.0,1.0,2.0,0.6,0.8,1.0,0.7,55.0,-277.01301594883915,190.19516550018875,1330.6909544681432,3197.897858236344
185,185.0,1.0,1.0,1.0,1.0,1.0,3.0,1.0,1.0,0.8,0.9,1.0,0.7,65.0,232.64278538938652,190.19516550018875,1316.8464344681431,4088.2277798504347
186,186.0,1.0,1.0,1.0,2.0,2.0,3.0,1.0,2.0,0.5,0.9,0.9,0.7,45.0,-233.71072130894615,190.19516550018875,1239.607291021329,2752.7328974292996
187,187.0,1.0,1.0,1.0,2.0,2.0,3.0,1.0,2.0,0.8,0.7,0.8,0.9,45.0,-457.05950755858015,163.67635912572442,1041.3781475745143,3685.187926566652
188,188.0,1.0,1.0,1.0,2.0,1.0,1.0,0.0,2.0,0.4,0.7,0.7,0.7,55.0,187.7899925671481,190.19516550018875,809.700580696637,2307.5679366222553
189,189.0,1.0,1.0,1.0,2.0,2.0,3.0,0.0,2.0,1.0,0.9,0.9,0.7,55.0,-258.93653815077624,190.19516550018875,905.6296037528191,4978.557701464523
190,190.0,1.0,1.0,1.0,1.0,1.0,3.0,0.0,1.0,0.5,1.0,1.0,0.8,55.0,289.3148652671654,190.19516550018875,1006.2551152809101,2828.0054821998824
191,191.0,1.0,1.0,1.0,1.0,2.0,3.0,0.0,1.0,0.2,1.0,0.9,1.0,55.0,780.2382029882685,190.19516550018875,966.124603752819,1643.0557693199135
192,192.0,1.0,1.0,1.0,1.0,1.0,2.0,0.0,1.0,0.2,0.8,1.0,1.0,55.0,558.7593458452307,190.19516550018875,959.6046352809101,1643.0557693199135
193,193.0,1.0,1.0,1.0,1.0,2.0,2.0,0.0,1.0,0.1,1.0,0.7,1.0,45.0,510.41243961232675,190.19516550018875,978.7879806966371,1197.8908085128685
194,194.0,1.0,1.0,1.0,2.0,1.0,2.0,1.0,2.0,1.0,1.0,0.7,0.8,55.0,-682.8262164724487,152.80656121197703,1238.5484041277002,4060.4826025213606
195,195.0,1.0,1.0,1.0,1.0,1.0,3.0,1.0,1.0,0.7,0.9,0.9,0.8,55.0,-0.42604475671769504,190.19516550018875,1239.607291021329,3718.335403813972
196,196.0,1.0,1.0,1.0,1.0,1.0,3.0,0.0,1.0,0.4,1.0,0.7,0.7,55.0,474.31690100151263,190.19516550018875,885.863580696637,2307.5679366222553
197,197.0,1.0,1.0,1.0,1.0,1.0,2.0,0.0,1.0,0.6,1.0,0.7,0.7,55.0,230.5394257741207,190.19516550018875,978.7879806966371,3197.897858236344
198,198.0,1.0,1.0,1.0,2.0,2.0,2.0,1.0,2.0,0.8,1.0,1.0,0.7,55.0,-375.5760050038219,190.19516550018875,1470.2658344681429,4088.2277798504347
199,199.0,1.0,1.0,1.0,2.0,2.0,1.0,0.0,2.0,0.1,0.8,0.8,1.0,55.0,519.6879921269502,190.19516550018875,925.372092224728,1197.8908085128685
200,200.0,1.0,1.0,1.0,1.0,1.0,3.0,1.0,1.0,0.5,0.8,0.9,1.0,45.0,-165.02622546664458,190.19516550018875,1179.1122910213292,2978.5506517410463
201,201.0,1.0,1.0,1.0,2.0,2.0,2.0,0.0,2.0,0.3,0.7,1.0,1.0,45.0,76.97927758445033,190.19516550018875,889.81719528091,2088.2207301269577
202,202.0,1.0,1.0,1.0,2.0,2.0,1.0,1.0,2.0,0.4,1.0,0.8,1.0,55.0,6.990150949320549,190.19516550018875,1373.3231475745145,2533.3856909340016
203,203.0,1.0,1.0,1.0,1.0,1.0,1.0,1.0,1.0,0.6,0.7,0.7,0.8,55.0,184.0427138565346,190.19516550018875,1069.4610041277003,3273.170443006927
204,204.0,1.0,1.0,1.0,2.0,1.0,1.0,1.0,2.0,0.9,1.0,0.9,1.0,55.0,-738.3410056937512,161.05721187788086,1450.5622910213292,4056.996161901418
205,205.0,1.0,1.0,1.0,2.0,1.0,1.0,0.0,2.0,1.0,0.7,0.7,0.8,55.0,-420.23796848598516,152.80656121197703,809.700580696637,4060.4826025213606
206,206.0,1.0,1.0,1.0,2.0,2.0,3.0,0.0,2.0,0.3,0.9,0.7,0.9,55.0,418.56731493643116,190.19516550018875,825.3685806966371,2012.9481453563756
207,207.0,1.0,1.0,1.0,2.0,2.0,1.0,0.0,2.0,1.0,0.7,1.0,0.9,55.0,-313.65361526257584,190.19516550018875,930.09211528091,5129.102871005686
208,208.0,1.0,1.0,1.0,1.0,1.0,3.0,0.0,1.0,0.5,0.9,0.7,0.9,55.0,388.34605166734065,190.19516550018875,825.3685806966371,2903.2780669704653
209,209.0,1.0,1.0,1.0,2.0,2.0,2.0,1.0,2.0,0.8,1.0,0.7,1.0,65.0,-4.96440334914007,190.19516550018875,1238.5484041277002,4314.04553416218
210,210.0,1.0,1.0,1.0,1.0,1.0,2.0,1.0,1.0,0.8,0.7,1.0,0.7,55.0,-95.41400454618635,190.19516550018875,1260.9035144681432,4088.2277798504347
211,211.0,1.0,1.0,1.0,2.0,2.0,1.0,1.0,2.0,0.1,0.7,0.7,1.0,55.0,461.5129338933597,190.19516550018875,1069.4610041277003,1197.8908085128685
212,212.0,1.0,1.0,1.0,1.0,2.0,1.0,0.0,1.0,0.7,0.9,0.8,0.8,55.0,323.2199593342392,190.19516550018875,1000.9130922247281,3718.335403813972
213,213.0,1.0,1.0,1.0,1.0,1.0,2.0,1.0,1.0,1.0,0.8,0.9,0.8,65.0,64.17458744143231,190.19516550018875,1253.4518110213291,5053.8302862351065
214,214.0,1.0,1.0,1.0,2.0,2.0,1.0,1.0,2.0,0.5,1.0,1.0,0.7,55.0,-131.4471918143306,190.19516550018875,1527.801434468143,2752.7328974292996
215,215.0,1.0,1.0,1.0,1.0,1.0,1.0,0.0,1.0,0.5,0.9,1.0,0.7,55.0,251.85738032059777,190.19516550018875,1081.17411528091,2752.7328974292996
216,216.0,1.0,1.0,1.0,1.0,1.0,2.0,1.0,1.0,0.2,0.7,1.0,1.0,65.0,769.9163920649497,190.19516550018875,1260.9035144681432,1643.0557693199135
217,217.0,1.0,1.0,1.0,1.0,2.0,1.0,1.0,1.0,0.5,0.9,0.7,0.7,55.0,419.0070782861888,190.19516550018875,1220.5430041277004,2752.7328974292996
218,218.0,1.0,1.0,1.0,2.0,1.0,1.0,1.0,2.0,1.0,0.7,1.0,1.0,55.0,-760.063534857639,135.48321153713508,1301.178434468143,3639.4859928078195
219,219.0,1.0,1.0,1.0,1.0,1.0,2.0,0.0,1.0,0.1,0.7,0.7,0.9,55.0,784.5420701019914,190.19516550018875,769.425660696637,1122.6182237422863
220,220.0,1.0,1.0,1.0,1.0,1.0,1.0,1.0,1.0,0.1,0.9,0.8,0.8,55.0,510.3608772468193,190.19516550018875,1297.7821475745145,1047.3456389717037
221,221.0,1.0,1.0,1.0,1.0,2.0,3.0,1.0,1.0,1.0,0.9,1.0,1.0,45.0,-503.3615564967647,190.19516550018875,1316.8464344681431,5204.37545577627
222,222.0,1.0,1.0,1.0,1.0,2.0,3.0,1.0,1.0,0.3,1.0,0.9,1.0,55.0,522.5043222595538,190.19516550018875,1300.102291021329,2088.2207301269577
223,223.0,1.0,1.0,1.0,2.0,2.0,2.0,1.0,2.0,0.6,0.7,0.9,0.8,55.0,-34.36453592448264,190.19516550018875,1183.664371021329,3273.170443006927
224,224.0,1.0,1.0,1.0,1.0,1.0,1.0,1.0,1.0,1.0,0.7,1.0,1.0,55.0,-354.3768207987737,190.19516550018875,1301.178434468143,5204.37545577627
225,225.0,1.0,1.0,1.0,1.0,2.0,3.0,1.0,1.0,0.8,1.0,0.9,0.7,65.0,460.1128539452709,190.19516550018875,1300.102291021329,4088.2277798504347
226,226.0,1.0,1.0,1.0,1.0,2.0,1.0,1.0,1.0,0.5,0.8,0.8,0.9,55.0,390.16114233050075,190.19516550018875,1222.2411475745146,2903.2780669704653
227,227.0,1.0,1.0,1.0,1.0,1.0,3.0,0.0,1.0,0.2,0.7,1.0,0.8,45.0,315.8446056942903,190.19516550018875,824.77011528091,1492.5105997787484
228,228.0,1.0,1.0,1.0,2.0,2.0,1.0,1.0,2.0,1.0,0.9,1.0,0.7,55.0,-564.9437319224327,190.19516550018875,1452.260434468143,4978.557701464523
229,229.0,1.0,1.0,1.0,1.0,1.0,2.0,1.0,1.0,1.0,0.9,1.0,0.7,55.0,-366.285654767901,190.19516550018875,1400.478394468143,4978.557701464523
230,230.0,1.0,1.0,1.0,2.0,2.0,1.0,1.0,2.0,0.9,0.8,0.9,1.0,45.0,-778.7994056292499,135.48321153713508,1299.480291021329,3325.5238897013783
231,231.0,1.0,1.0,1.0,2.0,2.0,3.0,1.0,2.0,0.7,0.7,0.8,0.8,45.0,-323.21607154259397,190.19516550018875,1041.3781475745143,3718.335403813972
232,232.0,1.0,1.0,1.0,1.0,2.0,1.0,1.0,1.0,0.7,1.0,1.0,1.0,55.0,12.855623064485787,190.19516550018875,1527.801434468143,3868.8805733551358
233,233.0,1.0,1.0,1.0,2.0,1.0,2.0,1.0,2.0,0.6,0.7,0.7,0.8,55.0,-116.23231925009611,190.19516550018875,1029.1860841277005,3273.170443006927
234,234.0,1.0,1.0,1.0,2.0,1.0,3.0,1.0,2.0,0.9,0.8,0.9,0.8,65.0,-200.85411305576704,190.19516550018875,1179.1122910213292,4608.665325428061
235,235.0,1.0,1.0,1.0,1.0,1.0,1.0,0.0,1.0,0.6,0.7,0.9,0.9,55.0,246.28699906964613,190.19516550018875,889.961603752819,3348.44302777751
236,236.0,1.0,1.0,1.0,2.0,2.0,1.0,0.0,2.0,0.9,0.8,0.8,0.9,65.0,71.6856213754664,190.19516550018875,925.372092224728,4683.937910198643
237,237.0,1.0,1.0,1.0,2.0,2.0,3.0,0.0,2.0,0.3,1.0,0.8,1.0,55.0,342.98501602264145,190.19516550018875,925.9940922247281,2088.2207301269577
238,238.0,1.0,1.0,1.0,2.0,2.0,3.0,1.0,2.0,0.8,0.7,0.8,0.7,55.0,-120.5170860620255,190.19516550018875,1041.3781475745143,4088.2277798504347
239,239.0,1.0,1.0,1.0,1.0,2.0,3.0,0.0,1.0,0.9,0.9,0.7,0.9,55.0,236.32473419663998,190.19516550018875,825.3685806966371,4683.937910198643
240,240.0,1.0,1.0,1.0,1.0,1.0,2.0,1.0,1.0,1.0,1.0,0.8,0.8,45.0,-765.066486630577,135.48321153713508,1315.7875475745145,3539.513000459138
241,241.0,1.0,1.0,1.0,2.0,1.0,3.0,1.0,2.0,0.8,0.8,0.7,0.7,45.0,-632.8907419930974,125.8698881345785,1024.6340041277006,2634.9872328043925
242,242.0,1.0,1.0,1.0,2.0,2.0,2.0,0.0,2.0,0.8,0.8,0.8,1.0,45.0,-400.90797692032754,162.37515352012838,879.3436122247281,3709.9154996722305
243,243.0,1.0,1.0,1.0,2.0,2.0,2.0,1.0,2.0,0.5,0.7,0.8,0.7,45.0,-160.56981743527126,190.19516550018875,1106.4252275745146,2752.7328974292996
244,244.0,1.0,1.0,1.0,1.0,2.0,1.0,0.0,1.0,0.1,0.7,0.7,0.9,65.0,1330.7288774893902,190.19516550018875,809.700580696637,1122.6182237422863
245,245.0,1.0,1.0,1.0,1.0,2.0,3.0,0.0,1.0,0.3,0.8,0.8,0.9,65.0,1153.301162443879,190.19516550018875,805.0040922247281,2012.9481453563756
246,246.0,1.0,1.0,1.0,2.0,2.0,2.0,0.0,2.0,0.7,0.9,1.0,0.9,45.0,-366.94752949884344,190.19516550018875,1029.39207528091,3793.6079885845534
247,247.0,1.0,1.0,1.0,1.0,1.0,2.0,0.0,1.0,0.4,1.0,0.9,0.9,65.0,688.0501686987794,190.19516550018875,1059.049003752819,2458.11310616342
248,248.0,1.0,1.0,1.0,1.0,1.0,2.0,1.0,1.0,0.2,1.0,1.0,1.0,45.0,-61.84601908087539,190.19516550018875,1470.2658344681429,1643.0557693199135
249,249.0,1.0,1.0,1.0,2.0,1.0,1.0,1.0,2.0,0.1,1.0,1.0,1.0,65.0,300.72845205492587,190.19516550018875,1527.801434468143,1197.8908085128685
250,250.0,1.0,1.0,1.0,2.0,2.0,3.0,1.0,2.0,0.3,0.7,0.8,0.7,55.0,343.8301205952729,190.19516550018875,1041.3781475745143,1862.4029758152108
251,251.0,1.0,1.0,1.0,2.0,1.0,1.0,0.0,2.0,0.3,0.8,1.0,0.8,55.0,142.28710371979219,190.19516550018875,1005.6331152809101,1937.6755605857932
252,252.0,1.0,1.0,1.0,2.0,1.0,1.0,1.0,2.0,0.7,0.9,0.7,0.8,55.0,-326.20110287580343,190.19516550018875,1220.5430041277004,3718.335403813972
253,253.0,1.0,1.0,1.0,2.0,2.0,1.0,0.0,2.0,0.7,0.7,0.7,0.7,55.0,79.84976663901124,190.19516550018875,809.700580696637,3643.0628190433886
254,254.0,1.0,1.0,1.0,1.0,2.0,2.0,0.0,1.0,0.3,0.9,0.8,0.7,55.0,739.0797567092587,190.19516550018875,949.1310522247281,1862.4029758152108
255,255.0,1.0,1.0,1.0,2.0,1.0,2.0,1.0,2.0,0.9,1.0,0.9,1.0,55.0,-696.5342873250356,161.05721187788086,1393.0266910213288,4056.996161901418
256,256.0,1.0,1.0,1.0,1.0,1.0,1.0,1.0,1.0,0.4,0.7,0.8,1.0,55.0,294.7798317666128,190.19516550018875,1146.7001475745144,2533.3856909340016
257,257.0,1.0,1.0,1.0,2.0,2.0,2.0,1.0,2.0,0.4,0.8,1.0,0.7,55.0,79.90232272148282,190.19516550018875,1330.6909544681432,2307.5679366222553
258,258.0,1.0,1.0,1.0,1.0,1.0,3.0,1.0,1.0,0.4,0.9,0.7,1.0,55.0,336.9892912311058,190.19516550018875,1085.1290041277005,2533.3856909340016
259,259.0,1.0,1.0,1.0,2.0,1.0,3.0,1.0,2.0,0.7,0.7,0.7,0.9,55.0,-183.05111657109245,190.19516550018875,964.1390041277003,3793.6079885845534
260,260.0,1.0,1.0,1.0,2.0,2.0,1.0,0.0,2.0,0.8,0.8,0.9,1.0,55.0,-155.1862056428988,190.19516550018875,965.502603752819,4314.04553416218
261,261.0,1.0,1.0,1.0,1.0,2.0,1.0,1.0,1.0,0.3,0.7,0.9,0.7,55.0,603.15496150153,190.19516550018875,1223.939291021329,1862.4029758152108
262,262.0,1.0,1.0,1.0,2.0,2.0,1.0,0.0,2.0,0.9,0.9,0.9,0.9,55.0,-280.19957595553007,190.19516550018875,1041.043603752819,4683.937910198643
263,263.0,1.0,1.0,1.0,2.0,1.0,2.0,0.0,2.0,0.5,0.7,0.8,0.9,45.0,-213.94045943212384,190.19516550018875,809.556172224728,2903.2780669704653
264,264.0,1.0,1.0,1.0,1.0,2.0,1.0,1.0,1.0,0.4,0.7,1.0,0.7,55.0,466.5526038297208,190.19516550018875,1301.178434468143,2307.5679366222553
265,265.0,1.0,1.0,1.0,2.0,1.0,3.0,1.0,2.0,0.1,1.0,0.7,0.8,45.0,6.338245839912757,190.19516550018875,1145.6240041277003,1047.3456389717037
266,266.0,1.0,1.0,1.0,2.0,1.0,2.0,0.0,2.0,0.5,0.7,1.0,0.8,45.0,-251.83092904905746,190.19516550018875,889.81719528091,2828.0054821998824
267,267.0,1.0,1.0,1.0,1.0,2.0,2.0,0.0,1.0,0.9,0.9,0.9,1.0,55.0,115.61128657605107,190.19516550018875,989.261563752819,4759.210494969224
268,268.0,1.0,1.0,1.0,2.0,1.0,2.0,1.0,2.0,0.7,0.9,0.8,1.0,55.0,-367.39633864364816,190.19516550018875,1246.0001075745145,3868.8805733551358
269,269.0,1.0,1.0,1.0,1.0,1.0,2.0,0.0,1.0,0.9,0.8,0.9,0.7,55.0,-19.057664082260104,190.19516550018875,919.474123752819,4533.3927406574785
270,270.0,1.0,1.0,1.0,1.0,1.0,1.0,1.0,1.0,0.3,0.7,0.7,0.8,55.0,460.3172651155683,190.19516550018875,1069.4610041277003,1937.6755605857932
271,271.0,1.0,1.0,1.0,1.0,1.0,3.0,0.0,1.0,0.2,0.8,0.9,0.7,55.0,675.9222193430032,190.19516550018875,845.1346037528192,1417.2380150081663
272,272.0,1.0,1.0,1.0,1.0,1.0,2.0,1.0,1.0,0.1,1.0,0.7,0.8,55.0,547.213784321257,190.19516550018875,1238.5484041277002,1047.3456389717037
273,273.0,1.0,1.0,1.0,2.0,2.0,2.0,0.0,2.0,0.2,1.0,0.9,1.0,55.0,349.2421336395949,190.19516550018875,1059.049003752819,1643.0557693199135
274,274.0,1.0,1.0,1.0,2.0,2.0,2.0,0.0,2.0,0.1,0.8,0.7,0.8,65.0,880.9933399590344,190.19516550018875,839.2131006966371,1047.3456389717037
275,275.0,1.0,1.0,1.0,2.0,1.0,2.0,1.0,2.0,0.1,1.0,0.9,0.9,55.0,119.87212604129532,190.19516550018875,1393.0266910213288,1122.6182237422863
276,276.0,1.0,1.0,1.0,2.0,1.0,2.0,0.0,2.0,0.3,0.8,0.8,1.0,55.0,195.25101116985468,190.19516550018875,879.3436122247281,2088.2207301269577
277,277.0,1.0,1.0,1.0,1.0,2.0,3.0,1.0,1.0,0.3,0.9,1.0,0.9,55.0,527.3224693470985,190.19516550018875,1316.8464344681431,2012.9481453563756
278,278.0,1.0,1.0,1.0,1.0,2.0,2.0,0.0,1.0,0.4,1.0,0.7,0.8,55.0,617.8741823583367,190.19516550018875,978.7879806966371,2382.8405213928377
279,279.0,1.0,1.0,1.0,2.0,2.0,3.0,1.0,2.0,0.2,0.7,1.0,0.7,55.0,346.68814566906383,190.19516550018875,1195.8564344681429,1417.2380150081663
280,280.0,1.0,1.0,1.0,1.0,1.0,2.0,1.0,1.0,0.9,0.7,1.0,1.0,65.0,124.51545637103582,190.19516550018875,1260.9035144681432,4759.210494969224
281,281.0,1.0,1.0,1.0,1.0,2.0,3.0,1.0,1.0,0.2,0.8,0.9,0.8,65.0,1067.6924709235068,190.19516550018875,1179.1122910213292,1492.5105997787484
282,282.0,1.0,1.0,1.0,1.0,2.0,1.0,0.0,1.0,0.5,0.9,0.7,1.0,45.0,150.0769950935057,190.19516550018875,960.7825806966371,2978.5506517410463
283,283.0,1.0,1.0,1.0,1.0,2.0,1.0,1.0,1.0,0.8,0.9,0.8,0.8,55.0,82.95720097100877,190.19516550018875,1297.7821475745145,4163.500364621017
284,284.0,1.0,1.0,1.0,1.0,2.0,3.0,0.0,1.0,0.6,0.8,0.8,0.7,55.0,551.6061447528061,190.19516550018875,805.0040922247281,3197.897858236344
285,285.0,1.0,1.0,1.0,2.0,2.0,2.0,0.0,2.0,0.4,1.0,0.8,0.8,45.0,-57.16016986058462,190.19516550018875,1018.9184922247282,2382.8405213928377
286,286.0,1.0,1.0,1.0,1.0,1.0,2.0,1.0,1.0,0.3,1.0,0.8,0.9,55.0,304.29459601792286,190.19516550018875,1315.7875475745145,2012.9481453563756
287,287.0,1.0,1.0,1.0,2.0,1.0,3.0,0.0,2.0,0.5,0.8,1.0,0.7,55.0,49.16677070402574,190.19516550018875,885.2651152809101,2752.7328974292996
288,288.0,1.0,1.0,1.0,1.0,2.0,1.0,1.0,1.0,0.5,0.7,0.8,1.0,55.0,420.3478025275111,190.19516550018875,1146.7001475745144,2978.5506517410463
289,289.0,1.0,1.0,1.0,1.0,1.0,1.0,0.0,1.0,0.3,0.9,0.8,0.7,55.0,488.31594219949733,190.19516550018875,1000.9130922247281,1862.4029758152108
290,290.0,1.0,1.0,1.0,1.0,1.0,1.0,1.0,1.0,0.2,0.8,0.7,0.8,55.0,507.64169626220024,190.19516550018875,1145.0020041277005,1492.5105997787484
291,291.0,1.0,1.0,1.0,1.0,2.0,1.0,0.0,1.0,0.6,1.0,0.8,0.8,55.0,370.687578370871,190.19516550018875,1076.4540922247281,3273.170443006927
292,292.0,1.0,1.0,1.0,2.0,2.0,2.0,0.0,2.0,0.7,0.7,0.8,1.0,55.0,35.70647480915963,190.19516550018875,809.556172224728,3868.8805733551358
293,293.0,1.0,1.0,1.0,2.0,1.0,2.0,1.0,2.0,0.5,0.9,1.0,1.0,55.0,-268.088063161665,190.19516550018875,1400.478394468143,2978.5506517410463
294,294.0,1.0,1.0,1.0,1.0,2.0,3.0,0.0,1.0,0.6,0.9,0.9,0.9,65.0,816.1628167258374,190.19516550018875,905.6296037528191,3348.44302777751
295,295.0,1.0,1.0,1.0,1.0,1.0,1.0,0.0,1.0,0.3,1.0,1.0,1.0,55.0,348.0326598990774,190.19516550018875,1156.7151152809101,2088.2207301269577
296,296.0,1.0,1.0,1.0,2.0,1.0,2.0,1.0,2.0,0.2,1.0,0.9,0.7,55.0,56.765382282500966,190.19516550018875,1393.0266910213288,1417.2380150081663
297,297.0,1.0,1.0,1.0,1.0,1.0,1.0,0.0,1.0,0.1,0.8,0.9,1.0,55.0,647.3380177481309,190.19516550018875,965.502603752819,1197.8908085128685
298,298.0,1.0,1.0,1.0,2.0,2.0,2.0,1.0,2.0,0.9,0.9,0.8,0.7,65.0,-58.624278763436585,190.19516550018875,1246.0001075745145,4533.3927406574785
299,299.0,1.0,1.0,1.0,1.0,1.0,2.0,0.0,1.0,1.0,0.7,0.9,0.8,45.0,-481.21173160041633,135.48321153713508,849.6866837528191,3539.513000459138
300,300.0,1.0,1.0,1.0,2.0,2.0,3.0,1.0,2.0,0.2,0.7,0.9,0.8,55.0,376.84095994046487,190.19516550018875,1118.617291021329,1492.5105997787484
301,301.0,1.0,1.0,1.0,1.0,2.0,3.0,1.0,1.0,0.3,0.7,0.8,0.8,55.0,700.8689686327789,190.19516550018875,1041.3781475745143,1937.6755605857932
302,302.0,1.0,1.0,1.0,1.0,1.0,2.0,1.0,1.0,0.1,0.7,0.7,0.9,55.0,655.5815815229444,190.19516550018875,1029.1860841277005,1122.6182237422863
303,303.0,1.0,1.0,1.0,1.0,2.0,1.0,1.0,1.0,0.6,0.8,0.9,0.8,55.0,267.94757629005704,190.19516550018875,1299.480291021329,3273.170443006927
304,304.0,1.0,1.0,1.0,2.0,1.0,3.0,0.0,2.0,1.0,0.8,0.7,0.9,55.0,-401.00902656343044,140.5888252081979,764.8735806966372,3744.054500914237
305,305.0,1.0,1.0,1.0,2.0,1.0,1.0,0.0,2.0,0.9,0.9,1.0,1.0,45.0,-861.1513474688703,76.65202721380695,1081.17411528091,1854.6881563397344
306,306.0,1.0,1.0,1.0,2.0,2.0,2.0,0.0,2.0,0.4,0.8,1.0,0.7,45.0,-13.017358043630075,190.19516550018875,959.6046352809101,2307.5679366222553
307,307.0,1.0,1.0,1.0,1.0,2.0,2.0,1.0,1.0,1.0,0.9,1.0,0.8,65.0,197.2782386202703,190.19516550018875,1400.478394468143,5053.8302862351065
308,308.0,1.0,1.0,1.0,1.0,2.0,1.0,0.0,1.0,0.4,0.9,0.9,0.9,55.0,558.8356019086907,190.19516550018875,1041.043603752819,2458.11310616342
309,309.0,1.0,1.0,1.0,1.0,1.0,3.0,0.0,1.0,1.0,0.7,0.7,0.7,55.0,22.537588299577358,190.19516550018875,704.3785806966371,4978.557701464523
310,310.0,1.0,1.0,1.0,2.0,2.0,2.0,1.0,2.0,0.4,0.8,0.9,0.7,45.0,-153.00546728562784,190.19516550018875,1253.4518110213291,2307.5679366222553
311,311.0,1.0,1.0,1.0,1.0,1.0,3.0,0.0,1.0,0.3,0.8,1.0,0.8,65.0,897.8515507176659,190.19516550018875,885.2651152809101,1937.6755605857932
312,312.0,1.0,1.0,1.0,2.0,2.0,2.0,0.0,2.0,0.2,1.0,0.8,0.7,65.0,695.4687277731019,190.19516550018875,1018.9184922247282,1417.2380150081663
313,313.0,1.0,1.0,1.0,1.0,2.0,2.0,1.0,1.0,0.5,0.7,0.9,1.0,55.0,401.5821379458672,190.19516550018875,1183.664371021329,2978.5506517410463
314,314.0,1.0,1.0,1.0,2.0,1.0,1.0,1.0,2.0,0.2,0.9,0.7,0.9,55.0,124.79959252180014,190.19516550018875,1220.5430041277004,1567.7831845493306
315,315.0,1.0,1.0,1.0,1.0,2.0,1.0,0.0,1.0,0.9,0.7,0.9,0.7,55.0,215.3675652576081,190.19516550018875,889.961603752819,4533.3927406574785
316,316.0,1.0,1.0,1.0,1.0,2.0,3.0,1.0,1.0,0.4,0.9,1.0,1.0,55.0,420.84688893584064,190.19516550018875,1316.8464344681431,2533.3856909340016
317,317.0,1.0,1.0,1.0,1.0,2.0,1.0,0.0,1.0,1.0,0.9,1.0,0.8,55.0,-8.203363668112242,190.19516550018875,1081.17411528091,5053.8302862351065
318,318.0,1.0,1.0,1.0,2.0,2.0,3.0,0.0,2.0,0.1,1.0,0.7,0.9,45.0,290.78993782842406,190.19516550018875,885.863580696637,1122.6182237422863
319,319.0,1.0,1.0,1.0,2.0,2.0,3.0,0.0,2.0,1.0,0.8,1.0,0.8,55.0,-265.13681321210817,190.19516550018875,885.2651152809101,5053.8302862351065
320,320.0,1.0,1.0,1.0,1.0,2.0,1.0,0.0,1.0,0.7,1.0,0.8,0.9,55.0,264.0900973416384,190.19516550018875,1076.4540922247281,3793.6079885845534
321,321.0,1.0,1.0,1.0,2.0,2.0,3.0,0.0,2.0,0.2,0.7,0.8,1.0,55.0,539.9442070557819,190.19516550018875,744.509092224728,1643.0557693199135
322,322.0,1.0,1.0,1.0,2.0,2.0,1.0,1.0,2.0,0.7,0.9,1.0,0.7,55.0,-273.5578791652596,190.19516550018875,1452.260434468143,3643.0628190433886
323,323.0,1.0,1.0,1.0,2.0,1.0,1.0,0.0,2.0,0.4,0.9,1.0,0.8,55.0,5.482408531882629,190.19516550018875,1081.17411528091,2382.8405213928377
324,324.0,1.0,1.0,1.0,1.0,2.0,2.0,0.0,1.0,0.5,0.9,1.0,0.9,55.0,473.8107184283775,190.19516550018875,1029.39207528091,2903.2780669704653
325,325.0,1.0,1.0,1.0,2.0,2.0,1.0,1.0,2.0,0.6,0.7,1.0,0.8,45.0,-385.24970822429003,190.19516550018875,1301.178434468143,3273.170443006927
326,326.0,1.0,1.0,1.0,1.0,2.0,2.0,0.0,1.0,0.6,0.8,0.8,1.0,65.0,815.1561787182268,190.19516550018875,879.3436122247281,3423.7156125480915
327,327.0,1.0,1.0,1.0,2.0,2.0,1.0,0.0,2.0,0.1,0.7,0.9,0.9,55.0,552.5806651343372,190.19516550018875,889.961603752819,1122.6182237422863
328,328.0,1.0,1.0,1.0,2.0,1.0,1.0,0.0,2.0,0.1,1.0,0.9,0.9,55.0,248.7887980331051,190.19516550018875,1116.584603752819,1122.6182237422863
329,329.0,1.0,1.0,1.0,2.0,1.0,3.0,0.0,2.0,0.8,0.8,0.9,0.9,55.0,-236.13275043758213,190.19516550018875,845.1346037528192,4238.772949391597
330,330.0,1.0,1.0,1.0,1.0,1.0,2.0,0.0,1.0,0.1,0.8,0.8,0.7,65.0,1100.7642944793529,190.19516550018875,879.3436122247281,972.0730542011215
331,331.0,1.0,1.0,1.0,1.0,2.0,1.0,1.0,1.0,0.1,0.8,0.9,0.8,55.0,727.9544950274905,190.19516550018875,1299.480291021329,1047.3456389717037
332,332.0,1.0,1.0,1.0,1.0,1.0,1.0,0.0,1.0,0.3,1.0,0.9,1.0,55.0,374.1983927451073,190.19516550018875,1116.584603752819,2088.2207301269577
333,333.0,1.0,1.0,1.0,1.0,2.0,1.0,1.0,1.0,0.5,0.8,1.0,0.8,65.0,670.0000773232744,190.19516550018875,1376.7194344681432,2828.0054821998824
334,334.0,1.0,1.0,1.0,1.0,1.0,3.0,0.0,1.0,0.7,1.0,1.0,0.7,45.0,-238.760137300056,190.19516550018875,1006.2551152809101,3643.0628190433886
335,335.0,1.0,1.0,1.0,2.0,1.0,2.0,0.0,2.0,0.7,0.7,0.9,0.7,55.0,-118.45593141618778,190.19516550018875,849.6866837528191,3643.0628190433886
336,336.0,1.0,1.0,1.0,1.0,2.0,2.0,0.0,1.0,0.6,0.7,0.9,1.0,45.0,120.29520890751203,190.19516550018875,849.6866837528191,3423.7156125480915
337,337.0,1.0,1.0,1.0,2.0,2.0,3.0,0.0,2.0,0.8,0.8,0.7,0.7,45.0,-265.1290270240489,190.19516550018875,764.8735806966372,4088.2277798504347
338,338.0,1.0,1.0,1.0,2.0,1.0,1.0,0.0,2.0,0.3,1.0,1.0,0.7,45.0,-209.84387043380417,190.19516550018875,1156.7151152809101,1862.4029758152108
339,339.0,1.0,1.0,1.0,2.0,2.0,1.0,1.0,2.0,0.9,0.9,0.7,1.0,55.0,-373.2404439689492,190.19516550018875,1220.5430041277004,4759.210494969224
340,340.0,1.0,1.0,1.0,1.0,2.0,2.0,0.0,1.0,0.7,0.8,1.0,0.8,55.0,345.0474401331898,190.19516550018875,959.6046352809101,3718.335403813972
341,341.0,1.0,1.0,1.0,2.0,1.0,3.0,0.0,2.0,0.2,0.8,0.9,0.9,55.0,323.296474235807,190.19516550018875,845.1346037528192,1567.7831845493306
342,342.0,1.0,1.0,1.0,2.0,2.0,3.0,0.0,2.0,0.3,1.0,1.0,1.0,55.0,290.65355033058114,190.19516550018875,1006.2551152809101,2088.2207301269577
343,343.0,1.0,1.0,1.0,1.0,1.0,3.0,1.0,1.0,0.5,0.9,0.9,0.7,55.0,199.0669963464759,190.19516550018875,1239.607291021329,2752.7328974292996
344,344.0,1.0,1.0,1.0,2.0,2.0,2.0,1.0,2.0,0.1,1.0,0.8,1.0,65.0,596.7139024991443,190.19516550018875,1315.7875475745145,1197.8908085128685
345,345.0,1.0,1.0,1.0,1.0,2.0,3.0,0.0,1.0,0.8,0.8,0.8,1.0,45.0,-33.56900287544507,190.19516550018875,805.0040922247281,4314.04553416218
346,346.0,1.0,1.0,1.0,2.0,2.0,3.0,1.0,2.0,0.7,1.0,1.0,1.0,55.0,-265.37263532816536,190.19516550018875,1377.341434468143,3868.8805733551358
347,347.0,1.0,1.0,1.0,1.0,2.0,2.0,1.0,1.0,0.4,0.9,0.9,0.9,45.0,71.6295715436896,190.19516550018875,1323.239251021329,2458.11310616342
348,348.0,1.0,1.0,1.0,2.0,1.0,1.0,1.0,2.0,0.8,1.0,0.9,0.7,65.0,-259.39621192075066,190.19516550018875,1450.5622910213292,4088.2277798504347
349,349.0,1.0,1.0,1.0,2.0,2.0,2.0,0.0,2.0,0.8,0.8,1.0,0.7,55.0,-107.93704963800725,190.19516550018875,959.6046352809101,4088.2277798504347
350,350.0,1.0,1.0,1.0,2.0,1.0,2.0,1.0,2.0,0.3,0.9,0.9,0.8,55.0,-8.800883109368241,190.19516550018875,1323.239251021329,1937.6755605857932
351,351.0,1.0,1.0,1.0,1.0,2.0,1.0,1.0,1.0,0.6,0.8,0.7,0.8,55.0,357.13019038977944,190.19516550018875,1145.0020041277005,3273.170443006927
352,352.0,1.0,1.0,1.0,1.0,1.0,1.0,1.0,1.0,0.1,1.0,0.7,0.7,55.0,524.7570965292874,190.19516550018875,1296.0840041277004,972.0730542011215
353,353.0,1.0,1.0,1.0,2.0,1.0,3.0,1.0,2.0,0.6,1.0,1.0,0.9,65.0,-49.42245004462974,190.19516550018875,1377.341434468143,3348.44302777751
354,354.0,1.0,1.0,1.0,1.0,1.0,2.0,0.0,1.0,0.5,0.8,0.9,0.7,45.0,-2.8716975463479772,190.19516550018875,919.474123752819,2752.7328974292996
355,355.0,1.0,1.0,1.0,2.0,1.0,2.0,1.0,2.0,0.6,0.8,1.0,0.9,45.0,-609.7719055721957,190.19516550018875,1330.6909544681432,3348.44302777751
356,356.0,1.0,1.0,1.0,1.0,2.0,3.0,0.0,1.0,0.7,0.8,0.9,1.0,45.0,34.00259896091015,190.19516550018875,845.1346037528192,3868.8805733551358
357,357.0,1.0,1.0,1.0,2.0,1.0,1.0,1.0,2.0,0.9,0.9,0.8,0.8,55.0,-597.3686067667014,164.98292677389776,1297.7821475745145,4055.3925604302212
358,358.0,1.0,1.0,1.0,2.0,2.0,3.0,1.0,2.0,0.8,0.7,1.0,0.9,55.0,-239.42186065781547,190.19516550018875,1195.8564344681429,4238.772949391597
359,359.0,1.0,1.0,1.0,2.0,1.0,2.0,0.0,2.0,1.0,0.9,1.0,0.9,55.0,-590.7382911669415,140.5888252081979,1029.39207528091,3744.054500914237
360,360.0,1.0,1.0,1.0,1.0,2.0,2.0,0.0,1.0,0.1,1.0,0.9,0.7,65.0,1210.2910922765086,190.19516550018875,1059.049003752819,972.0730542011215
361,361.0,1.0,1.0,1.0,2.0,2.0,2.0,1.0,2.0,0.7,0.8,0.7,0.9,45.0,-377.4691793970194,190.19516550018875,1098.9735241277006,3793.6079885845534
362,362.0,1.0,1.0,1.0,2.0,2.0,3.0,0.0,2.0,0.2,1.0,0.9,0.8,45.0,160.90836971106714,190.19516550018875,966.124603752819,1492.5105997787484
363,363.0,1.0,1.0,1.0,2.0,2.0,1.0,1.0,2.0,0.7,0.7,0.8,0.9,55.0,-123.67235327162854,190.19516550018875,1146.7001475745144,3793.6079885845534
364,364.0,1.0,1.0,1.0,2.0,1.0,2.0,0.0,2.0,1.0,0.8,0.8,0.8,45.0,-775.4568635073051,76.65202721380695,879.3436122247281,1972.8983818399981
365,365.0,1.0,1.0,1.0,1.0,1.0,3.0,0.0,1.0,0.3,0.8,0.8,0.9,55.0,581.2826919730725,190.19516550018875,805.0040922247281,2012.9481453563756
366,366.0,1.0,1.0,1.0,2.0,2.0,2.0,0.0,2.0,0.1,0.8,0.7,0.9,55.0,589.7955811820508,190.19516550018875,839.2131006966371,1122.6182237422863
367,367.0,1.0,1.0,1.0,2.0,1.0,1.0,0.0,2.0,0.3,1.0,0.7,0.9,65.0,393.94415431998846,190.19516550018875,1036.323580696637,2012.9481453563756
368,368.0,1.0,1.0,1.0,1.0,2.0,2.0,1.0,1.0,0.9,0.8,0.9,0.8,45.0,-339.9949249479582,190.19516550018875,1253.4518110213291,4608.665325428061
369,369.0,1.0,1.0,1.0,1.0,1.0,2.0,0.0,1.0,0.1,1.0,0.7,0.9,55.0,661.741290225309,190.19516550018875,978.7879806966371,1122.6182237422863
370,370.0,1.0,1.0,1.0,1.0,2.0,3.0,0.0,1.0,0.8,1.0,0.7,0.9,45.0,-62.90576031524612,190.19516550018875,885.863580696637,4238.772949391597
371,371.0,1.0,1.0,1.0,1.0,2.0,1.0,1.0,1.0,0.6,0.7,1.0,0.9,55.0,253.5429294372065,190.19516550018875,1301.178434468143,3348.44302777751
372,372.0,1.0,1.0,1.0,1.0,1.0,1.0,0.0,1.0,0.6,0.7,0.9,0.8,45.0,-95.58422911489363,190.19516550018875,889.961603752819,3273.170443006927
373,373.0,1.0,1.0,1.0,2.0,1.0,2.0,1.0,2.0,0.3,0.8,0.8,1.0,45.0,-229.84911883035662,190.19516550018875,1176.2126675745146,2088.2207301269577
374,374.0,1.0,1.0,1.0,1.0,1.0,2.0,0.0,1.0,0.1,0.8,0.7,1.0,55.0,729.1754941347685,190.19516550018875,839.2131006966371,1197.8908085128685
375,375.0,1.0,1.0,1.0,1.0,2.0,3.0,1.0,1.0,0.5,1.0,0.7,0.8,55.0,456.46456323275646,190.19516550018875,1145.6240041277003,2828.0054821998824
376,376.0,1.0,1.0,1.0,2.0,1.0,2.0,1.0,2.0,0.9,1.0,0.8,1.0,55.0,-645.3475586386704,161.05721187788086,1315.7875475745145,4056.996161901418
377,377.0,1.0,1.0,1.0,2.0,1.0,1.0,1.0,2.0,0.7,1.0,1.0,0.9,55.0,-521.7168989573074,190.19516550018875,1527.801434468143,3793.6079885845534
378,378.0,1.0,1.0,1.0,1.0,2.0,3.0,1.0,1.0,0.3,1.0,0.7,0.7,55.0,654.9748641773332,190.19516550018875,1145.6240041277003,1862.4029758152108
379,379.0,1.0,1.0,1.0,2.0,2.0,2.0,0.0,2.0,0.4,0.7,1.0,0.8,55.0,290.65534746134415,190.19516550018875,889.81719528091,2382.8405213928377
380,380.0,1.0,1.0,1.0,2.0,1.0,3.0,1.0,2.0,0.6,0.7,0.7,0.9,55.0,-88.96803380547685,190.19516550018875,964.1390041277003,3348.44302777751
381,381.0,1.0,1.0,1.0,1.0,2.0,2.0,1.0,1.0,0.1,0.9,0.8,0.9,65.0,1101.1381747063665,190.19516550018875,1246.0001075745145,1122.6182237422863
382,382.0,1.0,1.0,1.0,2.0,2.0,2.0,1.0,2.0,0.7,0.8,0.9,1.0,55.0,-198.2514823065816,190.19516550018875,1253.4518110213291,3868.8805733551358
383,383.0,1.0,1.0,1.0,2.0,1.0,2.0,1.0,2.0,0.7,1.0,1.0,0.8,55.0,-469.03808214653765,190.19516550018875,1470.2658344681429,3718.335403813972
384,384.0,1.0,1.0,1.0,1.0,2.0,3.0,1.0,1.0,0.8,0.9,0.7,1.0,55.0,185.59319889103043,190.19516550018875,1085.1290041277005,4314.04553416218
385,385.0,1.0,1.0,1.0,1.0,1.0,3.0,0.0,1.0,0.3,0.7,0.7,0.7,55.0,671.2913824450748,190.19516550018875,704.3785806966371,1862.4029758152108
386,386.0,1.0,1.0,1.0,1.0,1.0,3.0,1.0,1.0,0.9,0.9,0.7,0.7,55.0,-83.35608445513657,190.19516550018875,1085.1290041277005,4533.3927406574785
387,387.0,1.0,1.0,1.0,1.0,2.0,2.0,0.0,1.0,0.3,0.7,1.0,1.0,55.0,725.3222552556622,190.19516550018875,889.81719528091,2088.2207301269577
388,388.0,1.0,1.0,1.0,1.0,1.0,2.0,1.0,1.0,1.0,1.0,1.0,1.0,45.0,-902.9970549405599,126.56375949276351,1470.2658344681429,3372.102436058752
389,389.0,1.0,1.0,1.0,1.0,2.0,3.0,0.0,1.0,0.3,1.0,0.9,0.9,55.0,702.7436473933242,190.19516550018875,966.124603752819,2012.9481453563756
390,390.0,1.0,1.0,1.0,1.0,1.0,3.0,0.0,1.0,0.4,0.9,0.7,1.0,55.0,465.9683106579229,190.19516550018875,825.3685806966371,2533.3856909340016
391,391.0,1.0,1.0,1.0,1.0,1.0,1.0,1.0,1.0,1.0,0.7,0.9,0.8,55.0,-279.543874577449,190.19516550018875,1223.939291021329,5053.8302862351065
392,392.0,1.0,1.0,1.0,1.0,1.0,3.0,1.0,1.0,0.9,0.7,0.9,0.8,55.0,-117.30552078692781,190.19516550018875,1118.617291021329,4608.665325428061
393,393.0,1.0,1.0,1.0,2.0,1.0,1.0,1.0,2.0,0.2,0.9,0.9,0.7,45.0,-212.3956737809638,190.19516550018875,1375.0212910213293,1417.2380150081663
394,394.0,1.0,1.0,1.0,1.0,1.0,1.0,1.0,1.0,0.3,1.0,0.8,0.8,45.0,-72.73814982349438,190.19516550018875,1373.3231475745145,1937.6755605857932
395,395.0,1.0,1.0,1.0,2.0,2.0,2.0,0.0,2.0,0.7,0.9,0.7,1.0,65.0,258.3815976348987,190.19516550018875,909.000540696637,3868.8805733551358
396,396.0,1.0,1.0,1.0,2.0,1.0,2.0,0.0,2.0,0.6,0.8,0.8,0.7,65.0,238.97390930207516,190.19516550018875,879.3436122247281,3197.897858236344
397,397.0,1.0,1.0,1.0,2.0,2.0,3.0,0.0,2.0,0.8,0.7,1.0,1.0,45.0,-369.1396895203198,162.37515352012838,824.77011528091,3709.9154996722305
398,398.0,1.0,1.0,1.0,1.0,2.0,1.0,1.0,1.0,0.6,0.8,0.8,0.9,65.0,652.6778542267393,190.19516550018875,1222.2411475745146,3348.44302777751
399,399.0,1.0,1.0,1.0,1.0,2.0,3.0,1.0,1.0,0.4,0.8,1.0,0.7,45.0,144.5657732196168,190.19516550018875,1256.3514344681432,2307.5679366222553
