,ID,D_ActivacionIAV_Mor,D_ActivacionICV_Mor,Opt_CalculoRagaliasIncrementales_Mor,Unc_MultPreciobaseValorGas,Opt_EscCAPEX_Perforacion,Opt_EscVentaCrudo,Unc_MultCAPEXFacilidadesIAV_Mor,Unc_MultCAPEXFacilidadesICV_Mor,Unc_MultCAPEXPerfo_UGE_Mor,Unc_MultOPEX_Mor,E_Brent,Total_VPN,volumen_Mbls,Capex,opex
0,0.0,1.0,1.0,1.0,0.7,1.0,2.0,1.0,1.0,0.9,0.9,40.0,-1763.6738417492083,70.85427533892505,3794.973600605181,1474.997984945687
1,1.0,1.0,1.0,1.0,0.5,2.0,1.0,1.0,1.0,0.8,1.0,50.0,-1158.5323529157604,99.93630214573125,3274.7893206051813,2169.3812808181847
2,2.0,1.0,1.0,1.0,0.3,2.0,1.0,0.9,0.9,0.9,1.0,40.0,-1385.364387572528,95.87431963506812,3314.3551005446634,1529.2687177522337
3,3.0,1.0,1.0,1.0,0.6,3.0,2.0,0.8,0.8,1.0,0.9,30.0,-1447.4771121435258,55.10236126969962,2783.8524804841454,925.8023843461924
4,4.0,1.0,1.0,1.0,0.7,1.0,2.0,0.7,0.7,0.8,1.0,60.0,-702.0809861037955,119.96669715945328,3063.6094204236274,3657.3786655829686
5,5.0,1.0,1.0,1.0,1.0,3.0,2.0,0.8,0.8,0.8,0.9,60.0,-597.982769935583,77.9143539830844,2490.4164804841457,2229.212753944023
6,6.0,1.0,1.0,1.0,0.6,2.0,1.0,0.7,0.7,0.8,0.9,50.0,-990.8345445244684,83.79852469307862,2782.312140423627,1746.7476930699306
7,7.0,1.0,1.0,1.0,0.3,2.0,1.0,0.9,0.9,0.9,0.9,30.0,-1718.4577832469286,63.93268598001005,3314.3551005446634,756.8214227055457
8,8.0,1.0,1.0,1.0,1.0,1.0,1.0,0.7,0.7,1.0,0.9,30.0,-2187.2525036057023,41.50495899604326,3541.383420423627,940.3944270595016
9,9.0,1.0,1.0,1.0,0.1,3.0,2.0,0.8,0.8,1.0,1.0,30.0,-1027.6089358164058,130.58794234320223,2783.8524804841454,1706.9264787309778
10,10.0,1.0,1.0,1.0,0.4,2.0,2.0,1.0,1.0,0.7,0.9,50.0,-664.9528668122563,130.58794234320223,3071.064480605181,2825.016224800978
11,11.0,1.0,1.0,1.0,0.5,3.0,1.0,0.8,0.8,1.0,0.9,30.0,-1541.5814010554334,41.50495899604326,2783.8524804841454,579.6509915410379
12,12.0,1.0,1.0,1.0,0.7,2.0,1.0,0.9,0.9,0.8,1.0,40.0,-1570.690104259593,57.70311697755309,3110.630260544663,1129.7622063257222
13,13.0,1.0,1.0,1.0,0.6,2.0,1.0,0.9,0.9,0.9,0.9,60.0,-867.3265162551207,127.66028995263277,3314.3551005446634,3523.562470924159
14,14.0,1.0,1.0,1.0,0.1,1.0,1.0,0.8,0.8,0.9,1.0,60.0,-486.1761843623733,130.58794234320223,3466.655480484145,1706.9264787309778
15,15.0,1.0,1.0,1.0,0.6,2.0,1.0,0.8,0.8,1.0,1.0,60.0,-938.6100641605215,119.96669715945328,3353.920880484145,3295.1424990305313
16,16.0,1.0,1.0,1.0,0.9,1.0,2.0,0.8,0.8,0.8,1.0,40.0,-1615.263974621557,58.508503492874055,3227.768480484145,1375.6026122407486
17,17.0,1.0,1.0,1.0,0.2,2.0,2.0,0.8,0.8,0.8,0.9,60.0,-125.31645860275052,130.58794234320223,2946.471200484145,1993.5437125796243
18,18.0,1.0,1.0,1.0,0.4,2.0,2.0,1.0,1.0,0.7,0.9,50.0,-664.9528668122563,130.58794234320223,3071.064480605181,2825.016224800978
19,19.0,1.0,1.0,1.0,1.0,1.0,2.0,1.0,1.0,1.0,0.9,30.0,-2313.390717513369,41.50495899604326,4033.8606006051814,940.3944270595016
20,20.0,1.0,1.0,1.0,0.8,2.0,1.0,0.7,0.7,0.9,0.9,40.0,-1565.1877488329885,52.38197966632623,2986.036980423627,1058.9245265667419
21,21.0,1.0,1.0,1.0,0.1,3.0,2.0,1.0,1.0,1.0,0.9,60.0,-89.18295862606105,130.58794234320223,3112.170600605181,1577.807456468948
22,22.0,1.0,1.0,1.0,0.2,1.0,2.0,1.0,1.0,0.9,0.9,40.0,-1240.4418143531414,130.58794234320223,3794.973600605181,1993.5437125796243
23,23.0,1.0,1.0,1.0,0.4,3.0,1.0,1.0,1.0,0.7,1.0,40.0,-1087.7206082702705,77.404691278589,2672.0166006051813,1237.9646187869655
24,24.0,1.0,1.0,1.0,1.0,2.0,2.0,0.9,0.9,0.9,0.9,60.0,-1060.9054448933355,77.9143539830844,3314.3551005446634,2229.212753944023
25,25.0,1.0,1.0,1.0,1.0,1.0,1.0,0.7,0.7,1.0,0.9,50.0,-1733.2312647475412,60.12499419562551,3541.383420423627,1507.5357020042613
26,26.0,1.0,1.0,1.0,0.9,1.0,1.0,0.7,0.7,0.7,1.0,40.0,-1535.8005692834734,41.50495899604326,2824.7224204236268,892.5688017360948
27,27.0,1.0,1.0,1.0,0.4,3.0,2.0,1.0,1.0,1.0,1.0,40.0,-1132.6784706843812,101.2290504822933,3112.170600605181,1943.7774461077354
28,28.0,1.0,1.0,1.0,0.3,3.0,2.0,0.9,0.9,0.7,0.9,50.0,-291.77365813756614,130.58794234320223,2507.857540544663,2409.279968690301
29,29.0,1.0,1.0,1.0,0.6,2.0,1.0,0.7,0.7,0.7,0.9,60.0,-513.1600498171334,127.66028995263277,2578.5873004236273,3523.562470924159
30,30.0,1.0,1.0,1.0,0.7,1.0,2.0,0.8,0.8,1.0,0.9,50.0,-1405.4444550273117,87.79537208254564,3705.542480484145,2105.675993649822
31,31.0,1.0,1.0,1.0,0.2,2.0,1.0,0.7,0.7,0.9,0.9,30.0,-1487.6534701518563,76.26200830265213,2986.036980423627,821.7505208061527
32,32.0,1.0,1.0,1.0,0.1,3.0,1.0,0.7,0.7,0.7,1.0,50.0,-180.941216286148,130.58794234320223,2179.539420423627,1706.9264787309778
33,33.0,1.0,1.0,1.0,0.9,1.0,2.0,0.9,0.9,0.9,0.9,30.0,-2055.8626987253315,41.50495899604326,3630.8145405446635,868.2457399558089
34,34.0,1.0,1.0,1.0,0.6,1.0,1.0,1.0,1.0,0.9,1.0,60.0,-1154.187127941716,119.96669715945328,3794.973600605181,3295.1424990305313
35,35.0,1.0,1.0,1.0,0.8,1.0,1.0,0.7,0.7,0.7,1.0,30.0,-1702.6240098613007,41.50495899604326,2824.7224204236268,820.420114632402
36,36.0,1.0,1.0,1.0,0.6,3.0,2.0,1.0,1.0,0.9,0.9,50.0,-824.3347358802365,107.92427533452445,2965.452600605181,2671.5764762346216
37,37.0,1.0,1.0,1.0,0.2,1.0,1.0,0.9,0.9,1.0,1.0,60.0,-771.291095318215,130.58794234320223,3869.7015405446637,2122.6627348416546
38,38.0,1.0,1.0,1.0,0.5,1.0,1.0,1.0,1.0,0.9,1.0,40.0,-1823.9626666982479,70.85427533892505,3794.973600605181,1226.9149160208622
39,39.0,1.0,1.0,1.0,0.3,1.0,2.0,0.9,0.9,0.8,0.9,40.0,-1140.816550063531,130.58794234320223,3391.9275405446633,2409.279968690301
40,40.0,1.0,1.0,1.0,1.0,1.0,1.0,0.7,0.7,0.8,0.9,60.0,-1127.7464331074168,77.404691278589,3063.6094204236274,2203.5834455047147
41,41.0,1.0,1.0,1.0,0.6,2.0,2.0,0.8,0.8,0.8,0.9,50.0,-845.3904836361268,107.92427533452445,2946.471200484145,2671.5764762346216
42,42.0,1.0,1.0,1.0,0.4,1.0,1.0,0.7,0.7,0.9,1.0,60.0,-718.4454172452655,130.58794234320223,3302.496420423627,2954.135247063008
43,43.0,1.0,1.0,1.0,1.0,3.0,2.0,0.8,0.8,0.8,0.9,50.0,-923.7735502540668,70.24022911054423,2490.4164804841457,1894.3732176007607
44,44.0,1.0,1.0,1.0,1.0,2.0,1.0,0.7,0.7,0.7,1.0,40.0,-1429.3534568179712,41.50495899604326,2578.5873004236273,964.7174888397876
45,45.0,1.0,1.0,1.0,0.1,2.0,1.0,1.0,1.0,0.8,1.0,60.0,-358.5379792575241,130.58794234320223,3274.7893206051813,1706.9264787309778
46,46.0,1.0,1.0,1.0,0.3,3.0,2.0,0.9,0.9,0.8,1.0,60.0,-80.85073885401938,130.58794234320223,2654.5755405446635,2538.398990952331
47,47.0,1.0,1.0,1.0,0.6,3.0,2.0,0.8,0.8,1.0,0.9,30.0,-1447.4771121435258,55.10236126969962,2783.8524804841454,925.8023843461924
48,48.0,1.0,1.0,1.0,0.2,1.0,1.0,0.7,0.7,0.7,1.0,40.0,-999.3201812037325,123.94374175228508,2824.7224204236268,1947.5441153347854
49,49.0,1.0,1.0,1.0,1.0,2.0,1.0,0.7,0.7,0.8,1.0,50.0,-1305.0232748041346,58.508503492874055,2782.312140423627,1487.4053213601946
50,50.0,1.0,1.0,1.0,0.6,3.0,2.0,1.0,1.0,1.0,1.0,40.0,-1320.3193401376273,76.26200830265213,3112.170600605181,1540.22046372621
51,51.0,1.0,1.0,1.0,0.8,2.0,1.0,1.0,1.0,0.7,0.9,60.0,-925.0602141789599,86.29487042938065,3071.064480605181,2251.0652260965117
52,52.0,1.0,1.0,1.0,0.8,1.0,2.0,0.7,0.7,0.8,0.9,60.0,-758.9747204693451,106.29108532121222,3063.6094204236274,3196.2153552467585
53,53.0,1.0,1.0,1.0,1.0,3.0,1.0,0.9,0.9,0.9,1.0,30.0,-1733.0031773407281,41.50495899604326,2801.2935405446633,964.7174888397876
54,54.0,1.0,1.0,1.0,0.2,1.0,2.0,0.8,0.8,0.9,0.9,50.0,-696.727448368835,130.58794234320223,3466.655480484145,1993.5437125796243
55,55.0,1.0,1.0,1.0,0.9,2.0,1.0,0.7,0.7,0.8,1.0,40.0,-1512.5468123559963,41.50495899604326,2782.312140423627,892.5688017360948
56,56.0,1.0,1.0,1.0,0.3,1.0,2.0,1.0,1.0,0.7,0.9,60.0,-356.6671893260994,130.58794234320223,3317.199600605181,2409.279968690301
57,57.0,1.0,1.0,1.0,0.7,3.0,1.0,0.9,0.9,1.0,0.9,30.0,-1695.383950357529,41.50495899604326,2948.011540544663,723.9483657484234
58,58.0,1.0,1.0,1.0,0.5,1.0,1.0,0.7,0.7,1.0,0.9,40.0,-1704.4753452990694,73.94929829919676,3541.383420423627,1257.6068948362793
59,59.0,1.0,1.0,1.0,0.3,2.0,2.0,0.7,0.7,0.8,0.9,30.0,-1251.969225267268,77.9143539830844,2782.312140423627,1023.5445230613075
60,60.0,1.0,1.0,1.0,0.4,2.0,2.0,0.8,0.8,0.8,1.0,60.0,-333.2520198824903,130.58794234320223,2946.471200484145,2954.135247063008
61,61.0,1.0,1.0,1.0,0.8,2.0,2.0,0.8,0.8,0.8,0.9,50.0,-1042.215673190094,77.404691278589,2946.471200484145,1863.1411678183256
62,62.0,1.0,1.0,1.0,0.2,2.0,2.0,0.8,0.8,0.9,0.9,40.0,-897.1772832374947,130.58794234320223,3150.196040484145,1993.5437125796243
63,63.0,1.0,1.0,1.0,0.6,3.0,2.0,0.7,0.7,0.9,0.9,40.0,-964.6039282356088,77.404691278589,2472.975420423627,1522.6988901319362
64,64.0,1.0,1.0,1.0,0.2,2.0,1.0,0.8,0.8,0.7,1.0,60.0,-220.69083585823086,130.58794234320223,2742.746360484145,2122.6627348416546
65,65.0,1.0,1.0,1.0,1.0,1.0,2.0,1.0,1.0,0.9,0.9,30.0,-2172.3875628575097,41.50495899604326,3794.973600605181,940.3944270595016
66,66.0,1.0,1.0,1.0,1.0,2.0,2.0,0.8,0.8,1.0,0.9,40.0,-1724.4741504892897,52.38197966632623,3353.920880484145,1251.6049283326943
67,67.0,1.0,1.0,1.0,0.3,2.0,1.0,0.7,0.7,0.7,0.9,50.0,-548.1925975158136,130.58794234320223,2578.5873004236273,2409.279968690301
68,68.0,1.0,1.0,1.0,1.0,3.0,1.0,0.9,0.9,0.9,1.0,60.0,-972.8065264475243,75.70171885222204,2801.2935405446633,2178.817846762874
69,69.0,1.0,1.0,1.0,0.5,1.0,1.0,1.0,1.0,0.9,0.9,60.0,-1002.4130216475746,130.58794234320223,3794.973600605181,3240.752480911655
70,70.0,1.0,1.0,1.0,0.9,3.0,2.0,0.7,0.7,0.9,1.0,60.0,-549.7472269759684,84.26963300998734,2472.975420423627,2422.373777386755
71,71.0,1.0,1.0,1.0,0.3,1.0,1.0,0.9,0.9,0.8,1.0,60.0,-626.2092773388526,130.58794234320223,3391.9275405446633,2538.398990952331
72,72.0,1.0,1.0,1.0,0.6,1.0,2.0,0.9,0.9,0.8,0.9,30.0,-1783.2478374570103,55.10236126969962,3391.9275405446633,925.8023843461924
73,73.0,1.0,1.0,1.0,0.8,1.0,2.0,1.0,1.0,1.0,1.0,30.0,-2251.7716877365474,41.50495899604326,4033.8606006051814,820.420114632402
74,74.0,1.0,1.0,1.0,0.9,3.0,2.0,0.7,0.7,1.0,0.9,30.0,-1499.8416397937262,41.50495899604326,2619.6934204236272,868.2457399558089
75,75.0,1.0,1.0,1.0,0.1,2.0,2.0,0.8,0.8,0.7,1.0,50.0,-267.24461591665056,130.58794234320223,2742.746360484145,1706.9264787309778
76,76.0,1.0,1.0,1.0,0.6,3.0,2.0,0.7,0.7,1.0,1.0,40.0,-1082.577803250845,76.26200830265213,2619.6934204236272,1540.22046372621
77,77.0,1.0,1.0,1.0,0.9,3.0,1.0,0.8,0.8,0.7,1.0,40.0,-1238.0768492816744,41.50495899604326,2343.698480484145,892.5688017360948
78,78.0,1.0,1.0,1.0,0.2,3.0,1.0,1.0,1.0,0.7,1.0,60.0,-153.02610634909652,130.58794234320223,2672.0166006051813,2122.6627348416546
79,79.0,1.0,1.0,1.0,0.1,2.0,1.0,1.0,1.0,0.7,1.0,50.0,-577.2465396768733,130.58794234320223,3071.064480605181,1706.9264787309778
80,80.0,1.0,1.0,1.0,0.3,1.0,1.0,1.0,1.0,0.7,1.0,40.0,-1367.3942827543228,95.87431963506812,3317.199600605181,1529.2687177522337
81,81.0,1.0,1.0,1.0,0.4,3.0,1.0,1.0,1.0,1.0,0.9,30.0,-1646.5671738946344,52.38197966632623,3112.170600605181,673.5637230348368
82,82.0,1.0,1.0,1.0,0.3,2.0,2.0,0.7,0.7,1.0,1.0,60.0,-377.7958641994414,130.58794234320223,3189.7618204236273,2538.398990952331
83,83.0,1.0,1.0,1.0,0.8,2.0,2.0,0.8,0.8,0.8,1.0,40.0,-1388.4735546826373,63.20979733698361,2946.471200484145,1409.4329927834892
84,84.0,1.0,1.0,1.0,0.2,2.0,2.0,0.7,0.7,0.9,0.9,40.0,-819.0638481831202,130.58794234320223,2986.036980423627,1993.5437125796243
85,85.0,1.0,1.0,1.0,0.6,1.0,2.0,0.9,0.9,0.7,0.9,30.0,-1642.2446828011505,55.10236126969962,3153.0405405446627,925.8023843461924
86,86.0,1.0,1.0,1.0,0.4,2.0,1.0,1.0,1.0,1.0,1.0,60.0,-868.2017868781633,130.58794234320223,3682.2390006051814,2954.135247063008
87,87.0,1.0,1.0,1.0,0.1,2.0,1.0,0.9,0.9,0.7,0.9,60.0,-169.96701360730717,130.58794234320223,2906.9054205446632,1577.807456468948
88,88.0,1.0,1.0,1.0,0.6,1.0,2.0,1.0,1.0,0.7,0.9,50.0,-1025.4716119293391,107.92427533452445,3317.199600605181,2671.5764762346216
89,89.0,1.0,1.0,1.0,0.9,1.0,2.0,0.9,0.9,1.0,0.9,60.0,-1294.5720223628082,90.2139868922699,3869.7015405446637,2652.751057374204
90,90.0,1.0,1.0,1.0,0.6,1.0,1.0,0.7,0.7,1.0,0.9,60.0,-1025.2579142565953,127.66028995263277,3541.383420423627,3523.562470924159
91,91.0,1.0,1.0,1.0,0.5,2.0,2.0,1.0,1.0,0.9,1.0,50.0,-1034.605055213848,123.94374175228508,3478.514160605181,3093.8122971004154
92,92.0,1.0,1.0,1.0,0.7,2.0,2.0,0.9,0.9,0.7,0.9,50.0,-917.9649979113008,87.79537208254564,2906.9054205446632,2105.675993649822
93,93.0,1.0,1.0,1.0,0.4,1.0,2.0,1.0,1.0,0.9,1.0,50.0,-1096.1815091005783,130.58794234320223,3794.973600605181,2954.135247063008
94,94.0,1.0,1.0,1.0,0.3,3.0,1.0,0.7,0.7,1.0,0.9,60.0,-243.0693536727926,130.58794234320223,2619.6934204236272,2409.279968690301
95,95.0,1.0,1.0,1.0,1.0,3.0,2.0,0.8,0.8,1.0,1.0,30.0,-1629.3028444889171,41.50495899604326,2783.8524804841454,964.7174888397876
96,96.0,1.0,1.0,1.0,0.1,3.0,2.0,0.8,0.8,0.7,0.9,40.0,-355.64716157779236,130.58794234320223,2343.698480484145,1577.807456468948
97,97.0,1.0,1.0,1.0,0.9,2.0,1.0,0.9,0.9,0.9,0.9,60.0,-1169.3027420751575,77.404691278589,3314.3551005446634,2033.36230666152
98,98.0,1.0,1.0,1.0,0.2,1.0,2.0,0.8,0.8,0.7,1.0,40.0,-838.6606777009434,130.58794234320223,2988.881480484145,2122.6627348416546
99,99.0,1.0,1.0,1.0,0.3,3.0,1.0,0.7,0.7,0.9,0.9,40.0,-885.9249816309131,106.29108532121222,2472.975420423627,1718.0604870180723
100,100.0,1.0,1.0,1.0,0.2,3.0,1.0,0.7,0.7,0.9,0.9,40.0,-755.5196008022625,130.58794234320223,2472.975420423627,1993.5437125796243
101,101.0,1.0,1.0,1.0,0.9,2.0,1.0,0.9,0.9,0.9,1.0,30.0,-1995.6133367362058,41.50495899604326,3314.3551005446634,892.5688017360948
102,102.0,1.0,1.0,1.0,0.9,2.0,1.0,1.0,1.0,0.8,0.9,50.0,-1458.5826977290214,63.93268598001005,3274.7893206051813,1518.8140053338082
103,103.0,1.0,1.0,1.0,0.2,1.0,1.0,0.9,0.9,0.8,1.0,60.0,-526.0887292784844,130.58794234320223,3391.9275405446633,2122.6627348416546
104,104.0,1.0,1.0,1.0,0.5,2.0,1.0,0.7,0.7,0.8,1.0,30.0,-1567.5371974240722,41.50495899604326,2782.312140423627,603.9740533213238
105,105.0,1.0,1.0,1.0,0.7,2.0,2.0,0.8,0.8,0.9,0.9,50.0,-1079.6522748401983,87.79537208254564,3150.196040484145,2105.675993649822
106,106.0,1.0,1.0,1.0,0.5,1.0,2.0,0.9,0.9,0.8,1.0,40.0,-1418.0459744492873,77.9143539830844,3391.9275405446633,1424.3355567862263
107,107.0,1.0,1.0,1.0,0.6,1.0,2.0,0.9,0.9,1.0,1.0,50.0,-1406.1866438375457,101.2290504822933,3869.7015405446637,2488.210978103252
108,108.0,1.0,1.0,1.0,0.5,1.0,2.0,0.7,0.7,0.8,0.9,40.0,-1227.6199042655817,83.79852469307862,3063.6094204236274,1550.5390293297644
109,109.0,1.0,1.0,1.0,0.6,1.0,2.0,0.9,0.9,0.9,0.9,40.0,-1607.7751562567798,77.404691278589,3630.8145405446635,1522.6988901319362
110,110.0,1.0,1.0,1.0,0.1,1.0,1.0,0.7,0.7,0.9,0.9,50.0,-716.509339345007,130.58794234320223,3302.496420423627,1577.807456468948
111,111.0,1.0,1.0,1.0,0.9,1.0,2.0,1.0,1.0,0.7,0.9,30.0,-1853.1035683758732,41.50495899604326,3317.199600605181,868.2457399558089
112,112.0,1.0,1.0,1.0,0.9,1.0,1.0,0.8,0.8,1.0,1.0,40.0,-2038.057212213313,41.50495899604326,3705.542480484145,892.5688017360948
113,113.0,1.0,1.0,1.0,0.9,1.0,1.0,0.8,0.8,0.9,1.0,60.0,-1299.2511609724581,77.404691278589,3466.655480484145,2089.0703130029387
114,114.0,1.0,1.0,1.0,0.6,2.0,1.0,1.0,1.0,0.7,1.0,50.0,-1139.9270179724995,77.9143539830844,3071.064480605181,1596.573875483757
115,115.0,1.0,1.0,1.0,0.8,3.0,2.0,0.8,0.8,1.0,1.0,30.0,-1554.7474741490826,41.50495899604326,2783.8524804841454,820.420114632402
116,116.0,1.0,1.0,1.0,0.8,3.0,1.0,0.7,0.7,1.0,0.9,30.0,-1574.167277602924,41.50495899604326,2619.6934204236272,796.0970528521161
117,117.0,1.0,1.0,1.0,0.6,2.0,1.0,0.9,0.9,0.9,1.0,60.0,-898.8837712172324,119.96669715945328,3314.3551005446634,3295.1424990305313
118,118.0,1.0,1.0,1.0,0.4,3.0,1.0,1.0,1.0,0.9,1.0,60.0,-495.1855251419729,130.58794234320223,2965.452600605181,2954.135247063008
119,119.0,1.0,1.0,1.0,0.4,1.0,2.0,0.8,0.8,1.0,0.9,30.0,-1855.5935718364312,70.85427533892505,3705.542480484145,1030.0685123133937
120,120.0,1.0,1.0,1.0,0.7,3.0,1.0,0.7,0.7,0.7,1.0,40.0,-1058.4786042984886,57.70311697755309,2179.539420423627,1129.7622063257222
121,121.0,1.0,1.0,1.0,0.7,2.0,1.0,0.7,0.7,1.0,1.0,50.0,-1336.7382350521145,77.404691278589,3189.7618204236273,1748.6280353165496
122,122.0,1.0,1.0,1.0,0.2,1.0,2.0,0.9,0.9,0.8,0.9,40.0,-1020.191480735021,130.58794234320223,3391.9275405446633,1993.5437125796243
123,123.0,1.0,1.0,1.0,0.2,2.0,2.0,1.0,1.0,0.7,0.9,60.0,-150.31268023426685,130.58794234320223,3071.064480605181,1993.5437125796243
124,124.0,1.0,1.0,1.0,0.8,1.0,2.0,0.8,0.8,0.7,1.0,40.0,-1411.727311610114,63.20979733698361,2988.881480484145,1409.4329927834892
125,125.0,1.0,1.0,1.0,0.8,2.0,1.0,0.7,0.7,1.0,0.9,30.0,-1907.3759937866964,41.50495899604326,3189.7618204236273,796.0970528521161
126,126.0,1.0,1.0,1.0,0.5,1.0,1.0,1.0,1.0,0.7,1.0,40.0,-1541.9563573865285,70.85427533892505,3317.199600605181,1226.9149160208622
127,127.0,1.0,1.0,1.0,0.6,2.0,1.0,0.9,0.9,0.9,1.0,60.0,-898.8837712172324,119.96669715945328,3314.3551005446634,3295.1424990305313
128,128.0,1.0,1.0,1.0,0.3,1.0,2.0,1.0,1.0,1.0,1.0,30.0,-1960.332121987049,77.404691278589,4033.8606006051814,1067.743479943771
129,129.0,1.0,1.0,1.0,0.9,2.0,1.0,0.8,0.8,0.7,0.9,60.0,-849.3650687877843,77.404691278589,2742.746360484145,2033.36230666152
130,130.0,1.0,1.0,1.0,0.4,3.0,1.0,0.7,0.7,0.7,0.9,50.0,-446.2012716107437,130.58794234320223,2179.539420423627,2825.016224800978
131,131.0,1.0,1.0,1.0,0.1,2.0,2.0,0.8,0.8,1.0,1.0,60.0,-265.7554947626118,130.58794234320223,3353.920880484145,1706.9264787309778
132,132.0,1.0,1.0,1.0,0.2,1.0,2.0,0.9,0.9,0.9,1.0,30.0,-1636.732496276721,101.2290504822933,3630.8145405446635,1399.3439141122187
133,133.0,1.0,1.0,1.0,0.1,1.0,2.0,1.0,1.0,0.7,1.0,30.0,-1301.623685436291,130.58794234320223,3317.199600605181,1706.9264787309778
134,134.0,1.0,1.0,1.0,0.2,2.0,1.0,1.0,1.0,1.0,1.0,40.0,-1454.7500425789233,123.94374175228508,3682.2390006051814,1947.5441153347854
135,135.0,1.0,1.0,1.0,0.6,3.0,1.0,0.9,0.9,0.8,1.0,30.0,-1496.7422675714938,41.50495899604326,2654.5755405446635,676.1227404250166
136,136.0,1.0,1.0,1.0,0.9,3.0,2.0,0.7,0.7,0.9,0.9,40.0,-1174.2993207294292,58.508503492874055,2472.975420423627,1338.6647892241754
137,137.0,1.0,1.0,1.0,0.6,1.0,2.0,0.8,0.8,0.8,1.0,50.0,-1044.9820502543387,101.2290504822933,3227.768480484145,2488.210978103252
138,138.0,1.0,1.0,1.0,0.5,2.0,1.0,0.7,0.7,0.9,0.9,40.0,-1378.683165111956,73.94929829919676,2986.036980423627,1257.6068948362793
139,139.0,1.0,1.0,1.0,0.5,2.0,2.0,0.8,0.8,0.9,1.0,40.0,-1295.0129246116321,77.9143539830844,3150.196040484145,1424.3355567862263
140,140.0,1.0,1.0,1.0,0.5,3.0,2.0,1.0,1.0,0.8,0.9,30.0,-1370.0960663203925,63.20979733698361,2818.734600605181,993.8725038413902
141,141.0,1.0,1.0,1.0,0.2,1.0,1.0,0.7,0.7,1.0,0.9,30.0,-1813.4456503389695,76.26200830265213,3541.383420423627,821.7505208061527
142,142.0,1.0,1.0,1.0,0.6,2.0,2.0,1.0,1.0,0.9,1.0,40.0,-1533.057015613457,76.26200830265213,3478.514160605181,1540.22046372621
143,143.0,1.0,1.0,1.0,0.9,2.0,2.0,0.8,0.8,0.7,0.9,30.0,-1550.884412815932,41.50495899604326,2742.746360484145,868.2457399558089
144,144.0,1.0,1.0,1.0,0.2,3.0,2.0,0.9,0.9,1.0,0.9,60.0,-112.13594951092469,130.58794234320223,2948.011540544663,1993.5437125796243
145,145.0,1.0,1.0,1.0,0.5,2.0,1.0,0.9,0.9,0.7,0.9,60.0,-549.3941456881535,130.58794234320223,2906.9054205446632,3240.752480911655
146,146.0,1.0,1.0,1.0,0.8,1.0,1.0,0.8,0.8,1.0,0.9,30.0,-2191.9443122281286,41.50495899604326,3705.542480484145,796.0970528521161
147,147.0,1.0,1.0,1.0,0.5,3.0,2.0,0.9,0.9,0.8,1.0,60.0,-268.4361494408846,130.58794234320223,2654.5755405446635,3369.8715031736847
148,148.0,1.0,1.0,1.0,0.3,1.0,1.0,0.9,0.9,0.9,1.0,60.0,-750.5427647449376,130.58794234320223,3630.8145405446635,2538.398990952331
149,149.0,1.0,1.0,1.0,0.5,3.0,1.0,1.0,1.0,0.7,1.0,60.0,-444.35941444447104,130.58794234320223,2672.0166006051813,3369.8715031736847
150,150.0,1.0,1.0,1.0,0.2,3.0,2.0,0.7,0.7,0.8,1.0,30.0,-906.4110991659852,101.2290504822933,2326.257420423627,1399.3439141122187
151,151.0,1.0,1.0,1.0,0.6,3.0,2.0,0.7,0.7,0.8,0.9,50.0,-520.5778882467448,107.92427533452445,2326.257420423627,2671.5764762346216
152,152.0,1.0,1.0,1.0,0.2,2.0,2.0,0.8,0.8,0.9,1.0,50.0,-567.5296139281774,130.58794234320223,3150.196040484145,2122.6627348416546
153,153.0,1.0,1.0,1.0,0.3,1.0,2.0,0.7,0.7,1.0,1.0,40.0,-1302.816196375454,127.66028995263277,3541.383420423627,2445.3823266490635
154,154.0,1.0,1.0,1.0,0.4,1.0,1.0,0.7,0.7,0.8,0.9,50.0,-918.6208670653323,130.58794234320223,3063.6094204236274,2825.016224800978
155,155.0,1.0,1.0,1.0,0.4,2.0,2.0,0.8,0.8,0.8,1.0,50.0,-668.1452960644117,130.58794234320223,2946.471200484145,2954.135247063008
156,156.0,1.0,1.0,1.0,0.7,1.0,2.0,1.0,1.0,0.7,1.0,50.0,-1174.0687033660815,82.74649910419797,3317.199600605181,1963.00204051517
157,157.0,1.0,1.0,1.0,0.4,1.0,2.0,1.0,1.0,0.8,0.9,40.0,-1351.90373910845,109.13859191897987,3556.0866006051815,2103.315754334294
158,158.0,1.0,1.0,1.0,0.2,1.0,2.0,0.9,0.9,0.9,0.9,50.0,-764.7000784347109,130.58794234320223,3630.8145405446635,1993.5437125796243
159,159.0,1.0,1.0,1.0,0.1,2.0,2.0,0.9,0.9,0.9,1.0,30.0,-1319.5937902544952,130.58794234320223,3314.3551005446634,1706.9264787309778
160,160.0,1.0,1.0,1.0,0.1,1.0,2.0,0.8,0.8,0.9,1.0,50.0,-627.3587360026614,130.58794234320223,3466.655480484145,1706.9264787309778
161,161.0,1.0,1.0,1.0,0.3,3.0,2.0,1.0,1.0,0.8,1.0,40.0,-828.0987435486002,127.66028995263277,2818.734600605181,2445.3823266490635
162,162.0,1.0,1.0,1.0,0.5,2.0,1.0,1.0,1.0,0.9,0.9,30.0,-1912.813434455785,41.50495899604326,3478.514160605181,579.6509915410379
163,163.0,1.0,1.0,1.0,0.7,1.0,2.0,0.8,0.8,1.0,0.9,40.0,-1746.182638480546,70.85427533892505,3705.542480484145,1474.997984945687
164,164.0,1.0,1.0,1.0,0.9,2.0,2.0,0.8,0.8,0.8,1.0,40.0,-1451.0070630382204,58.508503492874055,2946.471200484145,1375.6026122407486
165,165.0,1.0,1.0,1.0,1.0,2.0,1.0,0.8,0.8,0.8,1.0,40.0,-1629.071676488175,41.50495899604326,2946.471200484145,964.7174888397876
166,166.0,1.0,1.0,1.0,1.0,1.0,2.0,1.0,1.0,1.0,1.0,40.0,-2104.4383555483682,52.38197966632623,4033.8606006051814,1283.627474944131
167,167.0,1.0,1.0,1.0,0.2,1.0,1.0,0.9,0.9,1.0,0.9,50.0,-1114.223371521032,130.58794234320223,3869.7015405446637,1993.5437125796243
168,168.0,1.0,1.0,1.0,0.4,2.0,1.0,0.8,0.8,1.0,0.9,40.0,-1499.5203024976445,77.9143539830844,3353.920880484145,1195.7828417588385
169,169.0,1.0,1.0,1.0,0.6,1.0,2.0,0.9,0.9,0.7,1.0,50.0,-983.3055490939612,101.2290504822933,3153.0405405446627,2488.210978103252
170,170.0,1.0,1.0,1.0,1.0,3.0,2.0,0.8,0.8,0.8,0.9,30.0,-1442.066165746774,41.50495899604326,2490.4164804841457,940.3944270595016
171,171.0,1.0,1.0,1.0,0.9,1.0,1.0,0.8,0.8,1.0,1.0,30.0,-2242.1583379610584,41.50495899604326,3705.542480484145,892.5688017360948
172,172.0,1.0,1.0,1.0,0.9,2.0,2.0,0.9,0.9,0.7,0.9,40.0,-1391.7394418034612,58.508503492874055,2906.9054205446632,1338.6647892241754
173,173.0,1.0,1.0,1.0,0.2,1.0,1.0,0.9,0.9,1.0,0.9,50.0,-1114.223371521032,130.58794234320223,3869.7015405446637,1993.5437125796243
174,174.0,1.0,1.0,1.0,0.6,1.0,2.0,0.9,0.9,0.8,1.0,60.0,-745.8878257616919,130.58794234320223,3391.9275405446633,3785.6077592843617
175,175.0,1.0,1.0,1.0,0.1,1.0,2.0,0.8,0.8,0.8,1.0,50.0,-505.8805521081846,130.58794234320223,3227.768480484145,1706.9264787309778
176,176.0,1.0,1.0,1.0,0.7,3.0,1.0,0.9,0.9,0.9,1.0,60.0,-713.3308867522329,100.82881979982099,2801.2935405446633,2742.122381340471
177,177.0,1.0,1.0,1.0,0.6,1.0,1.0,0.9,0.9,0.9,0.9,50.0,-1454.5889686881862,83.79852469307862,3630.8145405446635,1746.7476930699306
178,178.0,1.0,1.0,1.0,0.2,1.0,2.0,1.0,1.0,1.0,0.9,60.0,-621.3483734051899,130.58794234320223,4033.8606006051814,1993.5437125796243
179,179.0,1.0,1.0,1.0,0.9,3.0,1.0,0.8,0.8,0.8,0.9,50.0,-1033.521366857482,63.93268598001005,2490.4164804841457,1518.8140053338082
180,180.0,1.0,1.0,1.0,0.8,3.0,2.0,0.8,0.8,0.7,1.0,30.0,-1293.2969668803867,41.50495899604326,2343.698480484145,820.420114632402
181,181.0,1.0,1.0,1.0,0.1,1.0,1.0,0.7,0.7,1.0,0.9,50.0,-843.721249281571,130.58794234320223,3541.383420423627,1577.807456468948
182,182.0,1.0,1.0,1.0,0.3,2.0,2.0,0.8,0.8,1.0,0.9,50.0,-744.1327937668373,130.58794234320223,3353.920880484145,2409.279968690301
183,183.0,1.0,1.0,1.0,0.2,1.0,1.0,1.0,1.0,0.8,0.9,50.0,-912.497213937687,130.58794234320223,3556.0866006051815,1993.5437125796243
184,184.0,1.0,1.0,1.0,0.1,3.0,1.0,0.7,0.7,1.0,1.0,30.0,-1204.6176289834955,90.2139868922699,2619.6934204236272,935.9328157890616
185,185.0,1.0,1.0,1.0,0.5,3.0,2.0,1.0,1.0,1.0,1.0,60.0,-485.57077146024176,130.58794234320223,3112.170600605181,3369.8715031736847
186,186.0,1.0,1.0,1.0,0.4,1.0,2.0,0.8,0.8,0.7,0.9,50.0,-655.2307872222804,130.58794234320223,2988.881480484145,2825.016224800978
187,187.0,1.0,1.0,1.0,0.6,3.0,1.0,0.7,0.7,0.7,0.9,40.0,-976.4496306917686,63.93268598001005,2179.539420423627,1137.817714019677
188,188.0,1.0,1.0,1.0,0.6,3.0,1.0,1.0,1.0,0.7,1.0,40.0,-1233.9977867607727,63.93268598001005,2672.0166006051813,1179.5760619520563
189,189.0,1.0,1.0,1.0,0.1,2.0,1.0,0.8,0.8,0.8,0.9,50.0,-516.1644026532175,130.58794234320223,2946.471200484145,1577.807456468948
190,190.0,1.0,1.0,1.0,0.6,2.0,2.0,0.9,0.9,0.9,1.0,50.0,-1080.3944636504323,101.2290504822933,3314.3551005446634,2488.210978103252
191,191.0,1.0,1.0,1.0,0.2,2.0,1.0,1.0,1.0,0.8,0.9,60.0,-420.09364283629105,130.58794234320223,3274.7893206051813,1993.5437125796243
192,192.0,1.0,1.0,1.0,0.3,2.0,1.0,1.0,1.0,0.9,1.0,40.0,-1464.6115665347882,95.87431963506812,3478.514160605181,1529.2687177522337
193,193.0,1.0,1.0,1.0,0.4,1.0,2.0,0.9,0.9,1.0,1.0,30.0,-1964.247711868182,68.90193226572049,3869.7015405446637,1033.8014278296514
194,194.0,1.0,1.0,1.0,1.0,3.0,1.0,1.0,1.0,1.0,0.9,30.0,-1886.4641848295419,41.50495899604326,3112.170600605181,940.3944270595016
195,195.0,1.0,1.0,1.0,0.3,2.0,2.0,0.8,0.8,0.7,1.0,40.0,-815.9423937034892,127.66028995263277,2742.746360484145,2445.3823266490635
196,196.0,1.0,1.0,1.0,0.6,1.0,1.0,0.9,0.9,0.8,0.9,30.0,-1914.6298115388354,41.50495899604326,3391.9275405446633,651.7996786447306
197,197.0,1.0,1.0,1.0,0.4,2.0,1.0,0.8,0.8,0.8,1.0,50.0,-872.2565768074919,123.94374175228508,2946.471200484145,2711.722903178539
198,198.0,1.0,1.0,1.0,0.3,2.0,2.0,0.7,0.7,0.7,1.0,40.0,-739.5861008833699,127.66028995263277,2578.5873004236273,2445.3823266490635
199,199.0,1.0,1.0,1.0,0.6,2.0,1.0,0.7,0.7,0.7,0.9,30.0,-1471.4075013230342,41.50495899604326,2578.5873004236273,651.7996786447306
200,200.0,1.0,1.0,1.0,0.5,1.0,2.0,0.8,0.8,0.7,1.0,50.0,-791.3334901567939,123.94374175228508,2988.881480484145,3093.8122971004154
201,201.0,1.0,1.0,1.0,0.2,3.0,1.0,0.9,0.9,0.7,0.9,50.0,-376.0415124979265,130.58794234320223,2507.857540544663,1993.5437125796243
202,202.0,1.0,1.0,1.0,0.1,2.0,1.0,0.8,0.8,0.8,1.0,50.0,-548.1354649295411,130.58794234320223,2946.471200484145,1706.9264787309778
203,203.0,1.0,1.0,1.0,0.7,1.0,1.0,0.8,0.8,0.9,0.9,30.0,-2013.6634724023515,41.50495899604326,3466.655480484145,723.9483657484234
204,204.0,1.0,1.0,1.0,0.9,3.0,1.0,0.7,0.7,0.7,1.0,30.0,-1362.9307960671586,41.50495899604326,2179.539420423627,892.5688017360948
205,205.0,1.0,1.0,1.0,0.1,1.0,1.0,1.0,1.0,0.9,1.0,40.0,-1395.6555762223034,130.58794234320223,3794.973600605181,1706.9264787309778
206,206.0,1.0,1.0,1.0,0.4,1.0,2.0,1.0,1.0,0.9,0.9,60.0,-698.3350993233977,130.58794234320223,3794.973600605181,2825.016224800978
207,207.0,1.0,1.0,1.0,0.7,3.0,2.0,0.8,0.8,0.9,1.0,60.0,-467.4251284120817,119.96669715945328,2637.1344804841456,3657.3786655829686
208,208.0,1.0,1.0,1.0,0.2,2.0,1.0,0.8,0.8,0.9,1.0,50.0,-760.9858463199263,130.58794234320223,3150.196040484145,2122.6627348416546
209,209.0,1.0,1.0,1.0,0.8,2.0,1.0,0.8,0.8,1.0,1.0,40.0,-1781.0546761585776,52.38197966632623,3353.920880484145,1090.9470731781785
210,210.0,1.0,1.0,1.0,0.1,3.0,2.0,0.7,0.7,1.0,1.0,40.0,-549.5469644419861,130.58794234320223,2619.6934204236272,1706.9264787309778
211,211.0,1.0,1.0,1.0,1.0,3.0,1.0,0.7,0.7,0.7,1.0,40.0,-1196.1073554893308,41.50495899604326,2179.539420423627,964.7174888397876
212,212.0,1.0,1.0,1.0,0.8,1.0,1.0,1.0,1.0,0.9,1.0,40.0,-2003.8670189064114,52.38197966632623,3794.973600605181,1090.9470731781785
213,213.0,1.0,1.0,1.0,0.1,1.0,2.0,0.8,0.8,0.7,1.0,30.0,-1143.1293275117694,130.58794234320223,2988.881480484145,1706.9264787309778
214,214.0,1.0,1.0,1.0,0.6,3.0,1.0,0.8,0.8,0.9,0.9,60.0,-529.3481924671562,127.66028995263277,2637.1344804841456,3523.562470924159
215,215.0,1.0,1.0,1.0,0.3,1.0,1.0,0.8,0.8,0.9,0.9,40.0,-1449.8490306898223,106.29108532121222,3466.655480484145,1718.0604870180723
216,216.0,1.0,1.0,1.0,0.5,2.0,1.0,0.7,0.7,0.8,0.9,60.0,-519.9279743785244,130.58794234320223,2782.312140423627,3240.752480911655
217,217.0,1.0,1.0,1.0,1.0,3.0,1.0,0.9,0.9,0.7,1.0,40.0,-1354.6017134138526,41.50495899604326,2507.857540544663,964.7174888397876
218,218.0,1.0,1.0,1.0,0.7,2.0,2.0,0.7,0.7,1.0,0.9,30.0,-1756.9729407547852,46.63961656469059,3189.7618204236273,832.9349654092925
219,219.0,1.0,1.0,1.0,0.1,2.0,2.0,0.9,0.9,0.8,1.0,40.0,-774.8503244743363,130.58794234320223,3110.630260544663,1706.9264787309778
220,220.0,1.0,1.0,1.0,0.3,2.0,2.0,0.9,0.9,1.0,0.9,30.0,-1651.4056646076745,77.9143539830844,3518.0799405446633,1023.5445230613075
221,221.0,1.0,1.0,1.0,0.7,1.0,1.0,0.7,0.7,0.7,0.9,40.0,-1417.8813676310335,58.508503492874055,2824.7224204236268,1115.0593709852835
222,222.0,1.0,1.0,1.0,0.9,3.0,1.0,0.7,0.7,0.9,1.0,30.0,-1537.2311342462892,41.50495899604326,2472.975420423627,892.5688017360948
223,223.0,1.0,1.0,1.0,0.7,1.0,2.0,0.7,0.7,0.9,1.0,30.0,-1835.4243508741138,45.618047621683765,3302.496420423627,837.67192734628
224,224.0,1.0,1.0,1.0,0.5,2.0,2.0,0.9,0.9,0.7,0.9,50.0,-702.3808126387482,130.58794234320223,2906.9054205446632,3240.752480911655
225,225.0,1.0,1.0,1.0,0.1,3.0,1.0,1.0,1.0,0.8,0.9,30.0,-1222.3739080329765,106.29108532121222,2818.734600605181,1126.7985397265982
226,226.0,1.0,1.0,1.0,0.8,3.0,1.0,0.8,0.8,0.9,1.0,30.0,-1579.2006280386329,41.50495899604326,2637.1344804841456,820.420114632402
227,227.0,1.0,1.0,1.0,0.2,1.0,1.0,0.7,0.7,0.7,0.9,50.0,-571.1647655663733,130.58794234320223,2824.7224204236268,1993.5437125796243
228,228.0,1.0,1.0,1.0,0.1,1.0,1.0,1.0,1.0,0.7,1.0,60.0,-377.48437907426427,130.58794234320223,3317.199600605181,1706.9264787309778
229,229.0,1.0,1.0,1.0,0.4,3.0,2.0,0.8,0.8,1.0,1.0,40.0,-974.1841127598594,101.2290504822933,2783.8524804841454,1943.7774461077354
230,230.0,1.0,1.0,1.0,0.5,3.0,1.0,1.0,1.0,0.8,1.0,30.0,-1538.7117613638375,41.50495899604326,2818.734600605181,603.9740533213238
231,231.0,1.0,1.0,1.0,0.9,3.0,2.0,1.0,1.0,0.7,0.9,60.0,-580.3332181315318,90.2139868922699,2672.0166006051813,2652.751057374204
232,232.0,1.0,1.0,1.0,0.2,1.0,2.0,0.9,0.9,1.0,0.9,60.0,-556.7760659112371,130.58794234320223,3869.7015405446637,1993.5437125796243
233,233.0,1.0,1.0,1.0,0.7,1.0,1.0,0.8,0.8,0.7,0.9,50.0,-1173.890517197659,77.404691278589,2988.881480484145,1692.920028975131
234,234.0,1.0,1.0,1.0,0.8,2.0,1.0,0.9,0.9,0.8,0.9,60.0,-966.2347148178272,86.29487042938065,3110.630260544663,2251.0652260965117
235,235.0,1.0,1.0,1.0,0.3,2.0,1.0,0.7,0.7,0.9,0.9,30.0,-1559.963425322407,63.93268598001005,2986.036980423627,756.8214227055457
236,236.0,1.0,1.0,1.0,0.8,3.0,2.0,1.0,1.0,0.7,1.0,30.0,-1451.7913248049088,41.50495899604326,2672.0166006051813,820.420114632402
237,237.0,1.0,1.0,1.0,1.0,2.0,2.0,1.0,1.0,0.9,0.9,60.0,-1140.148059392623,77.9143539830844,3478.514160605181,2229.212753944023
238,238.0,1.0,1.0,1.0,1.0,3.0,2.0,0.7,0.7,0.9,1.0,60.0,-629.7514655231308,77.404691278589,2472.975420423627,2259.2914518461334
239,239.0,1.0,1.0,1.0,0.4,1.0,1.0,1.0,1.0,0.8,0.9,30.0,-1903.0907202458584,52.38197966632623,3556.0866006051815,673.5637230348368
240,240.0,1.0,1.0,1.0,0.6,1.0,1.0,1.0,1.0,0.8,0.9,40.0,-1732.1652211984706,63.93268598001005,3556.0866006051815,1137.817714019677
241,241.0,1.0,1.0,1.0,1.0,3.0,1.0,1.0,1.0,1.0,0.9,30.0,-1886.4641848295419,41.50495899604326,3112.170600605181,940.3944270595016
242,242.0,1.0,1.0,1.0,0.9,3.0,2.0,0.7,0.7,1.0,0.9,50.0,-950.070414207322,76.26200830265213,2619.6934204236272,1983.8491313449927
243,243.0,1.0,1.0,1.0,0.5,2.0,1.0,1.0,1.0,0.9,0.9,50.0,-1237.6968044782448,106.29108532121222,3478.514160605181,2309.322434309546
244,244.0,1.0,1.0,1.0,0.5,2.0,1.0,0.8,0.8,0.9,1.0,60.0,-727.8043885713745,130.58794234320223,3150.196040484145,3369.8715031736847
245,245.0,1.0,1.0,1.0,0.1,3.0,1.0,0.9,0.9,1.0,1.0,40.0,-918.8816962529586,130.58794234320223,2948.011540544663,1706.9264787309778
246,246.0,1.0,1.0,1.0,0.8,2.0,1.0,0.8,0.8,0.7,1.0,50.0,-1130.1771724782086,70.24022911054423,2742.746360484145,1649.5932304138048
247,247.0,1.0,1.0,1.0,0.5,2.0,2.0,1.0,1.0,0.7,1.0,30.0,-1543.3440267657372,58.508503492874055,3071.064480605181,928.3917757629658
248,248.0,1.0,1.0,1.0,0.2,3.0,2.0,0.7,0.7,1.0,0.9,30.0,-1043.41222556349,109.93629839967564,2619.6934204236272,1502.82290538377
249,249.0,1.0,1.0,1.0,0.2,2.0,1.0,0.9,0.9,0.9,1.0,30.0,-1669.3373955606187,70.85427533892505,3314.3551005446634,781.9854433885688
250,250.0,1.0,1.0,1.0,1.0,2.0,1.0,0.8,0.8,0.8,0.9,50.0,-1366.215222814746,60.12499419562551,2946.471200484145,1507.5357020042613
251,251.0,1.0,1.0,1.0,0.2,2.0,2.0,0.7,0.7,0.8,1.0,40.0,-741.3615753036486,130.58794234320223,2782.312140423627,2122.6627348416546
252,252.0,1.0,1.0,1.0,0.6,2.0,2.0,0.8,0.8,1.0,0.9,60.0,-713.1042610465971,130.58794234320223,3353.920880484145,3656.4887370223314
253,253.0,1.0,1.0,1.0,0.3,2.0,1.0,0.9,0.9,0.9,0.9,30.0,-1718.4577832469286,63.93268598001005,3314.3551005446634,756.8214227055457
254,254.0,1.0,1.0,1.0,0.1,3.0,1.0,0.8,0.8,0.9,0.9,60.0,-59.98050300473669,130.58794234320223,2637.1344804841456,1577.807456468948
255,255.0,1.0,1.0,1.0,0.8,2.0,1.0,0.8,0.8,0.9,0.9,50.0,-1348.7253078665076,73.34474891161356,3150.196040484145,1710.446611633813
256,256.0,1.0,1.0,1.0,0.6,3.0,2.0,1.0,1.0,0.9,1.0,50.0,-860.4437305247548,101.2290504822933,2965.452600605181,2488.210978103252
257,257.0,1.0,1.0,1.0,0.4,1.0,1.0,0.8,0.8,1.0,1.0,50.0,-1316.907943702548,123.94374175228508,3705.542480484145,2711.722903178539
258,258.0,1.0,1.0,1.0,0.7,3.0,2.0,0.8,0.8,0.8,1.0,60.0,-391.243783936846,119.96669715945328,2490.4164804841457,3657.3786655829686
259,259.0,1.0,1.0,1.0,0.6,3.0,2.0,0.9,0.9,0.8,1.0,40.0,-1066.771822996236,76.26200830265213,2654.5755405446635,1540.22046372621
260,260.0,1.0,1.0,1.0,0.5,1.0,2.0,0.8,0.8,1.0,0.9,30.0,-1924.4319022379434,63.20979733698361,3705.542480484145,993.8725038413902
261,261.0,1.0,1.0,1.0,0.3,3.0,1.0,1.0,1.0,0.8,0.9,30.0,-1410.6669485542295,63.93268598001005,2818.734600605181,756.8214227055457
262,262.0,1.0,1.0,1.0,0.6,1.0,2.0,0.9,0.9,0.7,0.9,30.0,-1642.2446828011505,55.10236126969962,3153.0405405446627,925.8023843461924
263,263.0,1.0,1.0,1.0,0.2,3.0,1.0,0.9,0.9,0.8,0.9,60.0,-135.29012480187092,130.58794234320223,2654.5755405446635,1993.5437125796243
264,264.0,1.0,1.0,1.0,0.2,1.0,2.0,1.0,1.0,0.7,0.9,60.0,-268.3023360388747,130.58794234320223,3317.199600605181,1993.5437125796243
265,265.0,1.0,1.0,1.0,0.7,1.0,2.0,0.7,0.7,0.7,1.0,40.0,-1273.1689239358586,68.90193226572049,2824.7224204236268,1460.1174772316795
266,266.0,1.0,1.0,1.0,1.0,1.0,1.0,0.7,0.7,0.9,1.0,50.0,-1610.283341043331,58.508503492874055,3302.496420423627,1487.4053213601946
267,267.0,1.0,1.0,1.0,0.9,3.0,2.0,0.7,0.7,0.9,1.0,40.0,-1192.3430802185073,58.508503492874055,2472.975420423627,1375.6026122407486
268,268.0,1.0,1.0,1.0,0.6,1.0,1.0,0.9,0.9,0.7,0.9,40.0,-1511.91488758035,63.93268598001005,3153.0405405446627,1137.817714019677
269,269.0,1.0,1.0,1.0,0.1,1.0,1.0,1.0,1.0,1.0,1.0,40.0,-1536.658730878163,130.58794234320223,4033.8606006051814,1706.9264787309778
270,270.0,1.0,1.0,1.0,0.5,3.0,1.0,0.7,0.7,0.8,1.0,50.0,-655.6412144317653,99.93630214573125,2326.257420423627,2169.3812808181847
271,271.0,1.0,1.0,1.0,0.4,3.0,1.0,0.7,0.7,1.0,0.9,30.0,-1408.8256370078516,52.38197966632623,2619.6934204236272,673.5637230348368
272,272.0,1.0,1.0,1.0,0.3,1.0,1.0,0.8,0.8,0.8,0.9,40.0,-1308.8458760339631,106.29108532121222,3227.768480484145,1718.0604870180723
273,273.0,1.0,1.0,1.0,0.7,3.0,1.0,0.8,0.8,0.8,0.9,60.0,-533.537375430951,106.29108532121222,2490.4164804841457,2900.584381601021
274,274.0,1.0,1.0,1.0,0.2,3.0,1.0,1.0,1.0,0.8,1.0,50.0,-552.3286970886192,130.58794234320223,2818.734600605181,2122.6627348416546
275,275.0,1.0,1.0,1.0,0.7,1.0,1.0,1.0,1.0,0.7,1.0,50.0,-1356.7914474504887,77.404691278589,3317.199600605181,1748.6280353165496
276,276.0,1.0,1.0,1.0,0.1,3.0,2.0,0.8,0.8,0.8,1.0,30.0,-853.3085976372752,130.58794234320223,2490.4164804841457,1706.9264787309778
277,277.0,1.0,1.0,1.0,0.7,3.0,2.0,0.8,0.8,0.7,0.9,50.0,-607.4095100273726,87.79537208254564,2343.698480484145,2105.675993649822
278,278.0,1.0,1.0,1.0,0.1,2.0,1.0,0.8,0.8,0.8,1.0,50.0,-548.1354649295411,130.58794234320223,2946.471200484145,1706.9264787309778
279,279.0,1.0,1.0,1.0,0.5,2.0,1.0,1.0,1.0,1.0,1.0,50.0,-1399.4744343316454,99.93630214573125,3682.2390006051814,2169.3812808181847
280,280.0,1.0,1.0,1.0,0.8,2.0,2.0,0.9,0.9,0.8,1.0,50.0,-1145.869424480663,77.404691278589,3110.630260544663,1918.849174159744
281,281.0,1.0,1.0,1.0,0.2,3.0,1.0,0.9,0.9,0.9,0.9,60.0,-207.226802103517,130.58794234320223,2801.2935405446633,1993.5437125796243
282,282.0,1.0,1.0,1.0,0.8,3.0,1.0,0.7,0.7,0.7,1.0,50.0,-817.683892187307,70.24022911054423,2179.539420423627,1649.5932304138048
283,283.0,1.0,1.0,1.0,0.3,2.0,1.0,0.8,0.8,0.7,1.0,30.0,-1425.773065069976,60.12499419562551,2742.746360484145,732.0465128844278
284,284.0,1.0,1.0,1.0,0.7,1.0,1.0,1.0,1.0,0.9,1.0,30.0,-2185.094170889886,41.50495899604326,3794.973600605181,748.2714275287093
285,285.0,1.0,1.0,1.0,0.5,1.0,2.0,1.0,1.0,1.0,1.0,30.0,-2110.0782883687352,58.508503492874055,4033.8606006051814,928.3917757629658
286,286.0,1.0,1.0,1.0,0.6,3.0,1.0,0.9,0.9,0.7,0.9,30.0,-1396.6557579189157,41.50495899604326,2507.857540544663,651.7996786447306
287,287.0,1.0,1.0,1.0,0.1,2.0,2.0,0.7,0.7,0.8,1.0,40.0,-631.4350944447697,130.58794234320223,2782.312140423627,1706.9264787309778
288,288.0,1.0,1.0,1.0,0.6,3.0,2.0,0.9,0.9,0.8,1.0,30.0,-1368.7365463947272,52.38197966632623,2654.5755405446635,898.2666714122261
289,289.0,1.0,1.0,1.0,0.6,1.0,2.0,1.0,1.0,0.8,1.0,30.0,-1878.8076098873423,52.38197966632623,3556.0866006051815,898.2666714122261
290,290.0,1.0,1.0,1.0,0.8,3.0,1.0,0.7,0.7,1.0,0.9,60.0,-717.2934399072197,86.29487042938065,2619.6934204236272,2251.0652260965117
291,291.0,1.0,1.0,1.0,0.7,2.0,1.0,1.0,1.0,0.7,0.9,50.0,-1188.6600774867613,77.404691278589,3071.064480605181,1692.920028975131
292,292.0,1.0,1.0,1.0,0.7,3.0,2.0,1.0,1.0,1.0,0.9,60.0,-653.9422349793302,127.66028995263277,3112.170600605181,3924.3862215120384
293,293.0,1.0,1.0,1.0,0.5,3.0,1.0,1.0,1.0,0.7,1.0,40.0,-1164.9854584224686,70.85427533892505,2672.0166006051813,1226.9149160208622
294,294.0,1.0,1.0,1.0,0.3,3.0,1.0,0.8,0.8,1.0,1.0,50.0,-676.5417199704237,130.58794234320223,2783.8524804841454,2538.398990952331
295,295.0,1.0,1.0,1.0,1.0,1.0,1.0,0.8,0.8,1.0,1.0,40.0,-2075.33489738323,41.50495899604326,3705.542480484145,964.7174888397876
296,296.0,1.0,1.0,1.0,0.3,2.0,2.0,0.7,0.7,1.0,1.0,40.0,-1097.4950568962831,127.66028995263277,3189.7618204236273,2445.3823266490635
297,297.0,1.0,1.0,1.0,0.8,3.0,1.0,0.9,0.9,0.9,0.9,50.0,-1128.0846422633733,73.34474891161356,2801.2935405446633,1710.446611633813
298,298.0,1.0,1.0,1.0,0.2,1.0,2.0,0.7,0.7,1.0,1.0,50.0,-786.1829387359062,130.58794234320223,3541.383420423627,2122.6627348416546
299,299.0,1.0,1.0,1.0,0.9,2.0,1.0,0.8,0.8,0.9,0.9,50.0,-1420.559380512442,63.93268598001005,3150.196040484145,1518.8140053338082
300,300.0,1.0,1.0,1.0,0.6,2.0,1.0,0.9,0.9,0.8,1.0,30.0,-1763.3092405185112,41.50495899604326,3110.630260544663,676.1227404250166
301,301.0,1.0,1.0,1.0,0.6,1.0,2.0,0.9,0.9,0.9,1.0,50.0,-1265.1834891816864,101.2290504822933,3630.8145405446635,2488.210978103252
302,302.0,1.0,1.0,1.0,0.6,2.0,1.0,0.9,0.9,0.8,0.9,30.0,-1750.3728999554987,41.50495899604326,3110.630260544663,651.7996786447306
303,303.0,1.0,1.0,1.0,0.6,2.0,2.0,0.9,0.9,0.9,1.0,60.0,-707.4296795179414,130.58794234320223,3314.3551005446634,3785.6077592843617
304,304.0,1.0,1.0,1.0,0.2,2.0,2.0,0.8,0.8,0.9,1.0,40.0,-935.6453098606028,130.58794234320223,3150.196040484145,2122.6627348416546
305,305.0,1.0,1.0,1.0,1.0,1.0,2.0,0.7,0.7,1.0,1.0,60.0,-1252.5860495859692,77.404691278589,3541.383420423627,2259.2914518461334
306,306.0,1.0,1.0,1.0,0.7,3.0,2.0,0.8,0.8,1.0,0.9,40.0,-1207.652782817603,70.85427533892505,2783.8524804841454,1474.997984945687
307,307.0,1.0,1.0,1.0,0.9,3.0,2.0,0.8,0.8,0.9,1.0,40.0,-1271.590259180768,58.508503492874055,2637.1344804841456,1375.6026122407486
308,308.0,1.0,1.0,1.0,0.3,1.0,2.0,1.0,1.0,0.9,1.0,50.0,-979.6437247039592,130.58794234320223,3794.973600605181,2538.398990952331
309,309.0,1.0,1.0,1.0,1.0,1.0,1.0,0.8,0.8,0.9,0.9,60.0,-1347.996766725537,77.404691278589,3466.655480484145,2203.5834455047147
310,310.0,1.0,1.0,1.0,1.0,1.0,2.0,0.9,0.9,0.8,1.0,60.0,-1129.074098198772,77.404691278589,3391.9275405446633,2259.2914518461334
311,311.0,1.0,1.0,1.0,0.3,3.0,2.0,0.7,0.7,0.7,1.0,30.0,-922.6102221686274,77.404691278589,2179.539420423627,1067.743479943771
312,312.0,1.0,1.0,1.0,0.9,1.0,1.0,1.0,1.0,0.9,0.9,60.0,-1433.3389465686726,77.404691278589,3794.973600605181,2033.36230666152
313,313.0,1.0,1.0,1.0,0.7,1.0,1.0,0.8,0.8,0.7,0.9,50.0,-1173.890517197659,77.404691278589,2988.881480484145,1692.920028975131
314,314.0,1.0,1.0,1.0,0.9,2.0,1.0,1.0,1.0,0.7,0.9,30.0,-1820.9820937195689,41.50495899604326,3071.064480605181,868.2457399558089
315,315.0,1.0,1.0,1.0,0.7,1.0,2.0,1.0,1.0,0.7,0.9,30.0,-1777.02615315316,46.63961656469059,3317.199600605181,832.9349654092925
316,316.0,1.0,1.0,1.0,0.1,3.0,2.0,0.8,0.8,0.8,0.9,40.0,-431.3065501523444,130.58794234320223,2490.4164804841457,1577.807456468948
317,317.0,1.0,1.0,1.0,0.2,1.0,1.0,0.9,0.9,0.9,1.0,30.0,-1854.1264210918725,70.85427533892505,3630.8145405446635,781.9854433885688
318,318.0,1.0,1.0,1.0,0.8,3.0,1.0,0.9,0.9,0.8,1.0,60.0,-733.449653584658,82.74649910419797,2654.5755405446635,2154.8393552058697
319,319.0,1.0,1.0,1.0,1.0,2.0,2.0,0.9,0.9,0.9,0.9,50.0,-1390.058742871287,70.24022911054423,3314.3551005446634,1894.3732176007607
320,320.0,1.0,1.0,1.0,0.9,2.0,2.0,0.8,0.8,0.9,0.9,30.0,-1791.8264942318167,41.50495899604326,3150.196040484145,868.2457399558089
321,321.0,1.0,1.0,1.0,0.5,3.0,2.0,1.0,1.0,1.0,1.0,50.0,-829.790687121678,123.94374175228508,3112.170600605181,3093.8122971004154
322,322.0,1.0,1.0,1.0,1.0,3.0,1.0,0.8,0.8,0.7,1.0,60.0,-720.3541891795011,75.70171885222204,2343.698480484145,2178.817846762874
323,323.0,1.0,1.0,1.0,0.8,2.0,1.0,0.9,0.9,0.9,0.9,50.0,-1427.972486828768,73.34474891161356,3314.3551005446634,1710.446611633813
324,324.0,1.0,1.0,1.0,1.0,3.0,1.0,0.7,0.7,0.8,1.0,40.0,-1283.257524578896,41.50495899604326,2326.257420423627,964.7174888397876
325,325.0,1.0,1.0,1.0,0.3,2.0,1.0,0.7,0.7,0.8,0.9,60.0,-320.81283025094376,130.58794234320223,2782.312140423627,2409.279968690301
326,326.0,1.0,1.0,1.0,0.2,3.0,1.0,0.8,0.8,0.9,1.0,50.0,-493.4569202736829,130.58794234320223,2637.1344804841456,2122.6627348416546
327,327.0,1.0,1.0,1.0,0.1,2.0,1.0,0.8,0.8,0.7,1.0,30.0,-1255.6604020057011,90.2139868922699,2742.746360484145,935.9328157890616
328,328.0,1.0,1.0,1.0,0.1,1.0,1.0,0.8,0.8,0.9,0.9,50.0,-785.821510437166,130.58794234320223,3466.655480484145,1577.807456468948
329,329.0,1.0,1.0,1.0,0.3,3.0,1.0,0.7,0.7,0.8,1.0,30.0,-1200.4299538686398,60.12499419562551,2326.257420423627,732.0465128844278
330,330.0,1.0,1.0,1.0,0.1,1.0,2.0,0.7,0.7,1.0,1.0,30.0,-1486.8916125170872,130.58794234320223,3541.383420423627,1706.9264787309778
331,331.0,1.0,1.0,1.0,0.9,3.0,1.0,0.9,0.9,0.8,1.0,50.0,-1132.5751650019645,63.93268598001005,2654.5755405446635,1560.5723532661873
332,332.0,1.0,1.0,1.0,0.2,3.0,2.0,0.8,0.8,0.9,0.9,40.0,-613.009840889623,130.58794234320223,2637.1344804841456,1993.5437125796243
333,333.0,1.0,1.0,1.0,0.1,3.0,2.0,0.9,0.9,0.8,0.9,50.0,-182.31056403232046,130.58794234320223,2654.5755405446635,1577.807456468948
334,334.0,1.0,1.0,1.0,0.7,1.0,1.0,0.8,0.8,0.8,1.0,60.0,-974.9889254708904,100.82881979982099,3227.768480484145,2742.122381340471
335,335.0,1.0,1.0,1.0,0.6,3.0,2.0,0.9,0.9,1.0,1.0,50.0,-868.4167900849641,101.2290504822933,2948.011540544663,2488.210978103252
336,336.0,1.0,1.0,1.0,0.8,3.0,2.0,0.7,0.7,0.7,1.0,40.0,-955.5092336837932,63.20979733698361,2179.539420423627,1409.4329927834892
337,337.0,1.0,1.0,1.0,0.7,1.0,2.0,0.7,0.7,0.8,0.9,30.0,-1680.287770922237,46.63961656469059,3063.6094204236274,832.9349654092925
338,338.0,1.0,1.0,1.0,1.0,1.0,1.0,0.7,0.7,0.8,0.9,50.0,-1451.224955435822,60.12499419562551,3063.6094204236274,1507.5357020042613
339,339.0,1.0,1.0,1.0,0.2,1.0,2.0,0.9,0.9,0.9,0.9,40.0,-1161.19463539088,130.58794234320223,3630.8145405446635,1993.5437125796243
340,340.0,1.0,1.0,1.0,0.9,2.0,1.0,0.7,0.7,0.8,1.0,40.0,-1512.5468123559963,41.50495899604326,2782.312140423627,892.5688017360948
341,341.0,1.0,1.0,1.0,0.7,2.0,2.0,1.0,1.0,0.7,0.9,50.0,-997.2045513488348,87.79537208254564,3071.064480605181,2105.675993649822
342,342.0,1.0,1.0,1.0,0.2,3.0,1.0,1.0,1.0,1.0,0.9,40.0,-1080.2670655804927,130.58794234320223,3112.170600605181,1993.5437125796243
343,343.0,1.0,1.0,1.0,0.4,2.0,2.0,0.7,0.7,1.0,1.0,40.0,-1228.14564998137,101.2290504822933,3189.7618204236273,1943.7774461077354
344,344.0,1.0,1.0,1.0,0.5,1.0,2.0,1.0,1.0,0.7,0.9,40.0,-1324.3582864965047,83.79852469307862,3317.199600605181,1550.5390293297644
345,345.0,1.0,1.0,1.0,1.0,2.0,2.0,1.0,1.0,0.8,1.0,40.0,-1658.1751346533126,52.38197966632623,3274.7893206051813,1283.627474944131
346,346.0,1.0,1.0,1.0,1.0,1.0,2.0,0.8,0.8,0.8,1.0,40.0,-1663.9376883121279,52.38197966632623,3227.768480484145,1283.627474944131
347,347.0,1.0,1.0,1.0,0.5,3.0,1.0,1.0,1.0,1.0,1.0,30.0,-1713.0120995429677,41.50495899604326,3112.170600605181,603.9740533213238
348,348.0,1.0,1.0,1.0,0.4,1.0,2.0,1.0,1.0,0.7,0.9,40.0,-1210.9005844525902,109.13859191897987,3317.199600605181,2103.315754334294
349,349.0,1.0,1.0,1.0,0.7,2.0,2.0,0.8,0.8,1.0,1.0,40.0,-1570.104427386527,68.90193226572049,3353.920880484145,1460.1174772316795
350,350.0,1.0,1.0,1.0,0.9,1.0,2.0,0.9,0.9,1.0,1.0,40.0,-1976.5174628955374,58.508503492874055,3869.7015405446637,1375.6026122407486
351,351.0,1.0,1.0,1.0,1.0,2.0,1.0,0.9,0.9,0.9,0.9,50.0,-1565.9334424849499,60.12499419562551,3314.3551005446634,1507.5357020042613
352,352.0,1.0,1.0,1.0,1.0,1.0,2.0,0.9,0.9,0.8,1.0,30.0,-1965.0735698024018,41.50495899604326,3391.9275405446633,964.7174888397876
353,353.0,1.0,1.0,1.0,0.1,2.0,2.0,0.9,0.9,0.7,1.0,60.0,-30.328132678414608,130.58794234320223,2906.9054205446632,1706.9264787309778
354,354.0,1.0,1.0,1.0,1.0,3.0,2.0,0.8,0.8,0.7,1.0,40.0,-1145.9636346922084,52.38197966632623,2343.698480484145,1283.627474944131
355,355.0,1.0,1.0,1.0,0.5,3.0,1.0,1.0,1.0,0.7,0.9,30.0,-1438.6252517112594,41.50495899604326,2672.0166006051813,579.6509915410379
356,356.0,1.0,1.0,1.0,0.4,2.0,1.0,0.8,0.8,1.0,1.0,40.0,-1523.885473798216,77.404691278589,3353.920880484145,1237.9646187869655
357,357.0,1.0,1.0,1.0,0.3,1.0,1.0,0.9,0.9,1.0,1.0,60.0,-876.2138258900644,130.58794234320223,3869.7015405446637,2538.398990952331
358,358.0,1.0,1.0,1.0,1.0,1.0,2.0,0.9,0.9,0.7,0.9,40.0,-1586.0330049631427,52.38197966632623,3153.0405405446627,1251.6049283326943
359,359.0,1.0,1.0,1.0,0.8,3.0,2.0,0.7,0.7,0.8,1.0,50.0,-721.0542849996694,77.404691278589,2326.257420423627,1918.849174159744
360,360.0,1.0,1.0,1.0,0.2,3.0,2.0,0.8,0.8,0.8,1.0,40.0,-568.3920666421502,130.58794234320223,2490.4164804841457,2122.6627348416546
361,361.0,1.0,1.0,1.0,0.9,2.0,2.0,0.8,0.8,0.9,1.0,50.0,-1265.6085739822952,74.54606869299404,3150.196040484145,1966.7517673022462
362,362.0,1.0,1.0,1.0,0.5,2.0,1.0,0.9,0.9,0.8,0.9,60.0,-655.873234510276,130.58794234320223,3110.630260544663,3240.752480911655
363,363.0,1.0,1.0,1.0,0.6,2.0,1.0,1.0,1.0,1.0,1.0,40.0,-1828.657010213241,63.93268598001005,3682.2390006051814,1179.5760619520563
364,364.0,1.0,1.0,1.0,0.7,3.0,2.0,0.9,0.9,0.8,1.0,50.0,-805.0286927486486,82.74649910419797,2654.5755405446635,1963.00204051517
365,365.0,1.0,1.0,1.0,0.3,1.0,2.0,0.8,0.8,0.8,0.9,30.0,-1495.473315812866,77.9143539830844,3227.768480484145,1023.5445230613075
366,366.0,1.0,1.0,1.0,0.4,2.0,2.0,0.7,0.7,0.9,0.9,50.0,-673.3962541180102,130.58794234320223,2986.036980423627,2825.016224800978
367,367.0,1.0,1.0,1.0,1.0,1.0,2.0,0.8,0.8,0.8,0.9,30.0,-1872.8900502771282,41.50495899604326,3227.768480484145,940.3944270595016
368,368.0,1.0,1.0,1.0,0.3,2.0,2.0,0.7,0.7,0.9,0.9,30.0,-1372.4402659752104,77.9143539830844,2986.036980423627,1023.5445230613075
369,369.0,1.0,1.0,1.0,0.5,2.0,1.0,0.8,0.8,0.7,0.9,40.0,-1216.9882626583317,73.94929829919676,2742.746360484145,1257.6068948362793
370,370.0,1.0,1.0,1.0,0.7,2.0,1.0,1.0,1.0,1.0,0.9,50.0,-1550.073199610589,77.404691278589,3682.2390006051814,1692.920028975131
371,371.0,1.0,1.0,1.0,0.2,2.0,1.0,0.8,0.8,1.0,1.0,50.0,-873.0277920468418,130.58794234320223,3353.920880484145,2122.6627348416546
372,372.0,1.0,1.0,1.0,0.7,3.0,2.0,1.0,1.0,0.8,1.0,40.0,-1221.0897309481466,68.90193226572049,2818.734600605181,1460.1174772316795
373,373.0,1.0,1.0,1.0,0.1,2.0,2.0,0.8,0.8,0.8,0.9,50.0,-339.2783001468365,130.58794234320223,2946.471200484145,1577.807456468948
374,374.0,1.0,1.0,1.0,0.9,3.0,1.0,0.8,0.8,0.9,0.9,60.0,-790.5661967879024,77.404691278589,2637.1344804841456,2033.36230666152
375,375.0,1.0,1.0,1.0,0.2,1.0,1.0,0.9,0.9,0.9,0.9,40.0,-1398.5465876253152,130.58794234320223,3630.8145405446635,1993.5437125796243
376,376.0,1.0,1.0,1.0,1.0,3.0,1.0,0.8,0.8,0.8,0.9,60.0,-777.0562849630253,77.404691278589,2490.4164804841457,2203.5834455047147
377,377.0,1.0,1.0,1.0,0.1,2.0,2.0,0.8,0.8,1.0,0.9,30.0,-1322.3307730369406,130.58794234320223,3353.920880484145,1577.807456468948
378,378.0,1.0,1.0,1.0,0.9,1.0,1.0,0.7,0.7,0.9,1.0,50.0,-1545.9078462636564,63.93268598001005,3302.496420423627,1560.5723532661873
379,379.0,1.0,1.0,1.0,1.0,3.0,1.0,0.8,0.8,0.8,0.9,30.0,-1553.6694887258896,41.50495899604326,2490.4164804841457,940.3944270595016
380,380.0,1.0,1.0,1.0,0.5,3.0,1.0,0.7,0.7,0.7,1.0,60.0,-244.38930623583184,130.58794234320223,2179.539420423627,3369.8715031736847
381,381.0,1.0,1.0,1.0,1.0,2.0,1.0,0.9,0.9,0.9,1.0,60.0,-1272.6943710129192,75.70171885222204,3314.3551005446634,2178.817846762874
382,382.0,1.0,1.0,1.0,0.9,1.0,2.0,0.7,0.7,0.7,0.9,30.0,-1615.3620314890904,41.50495899604326,2824.7224204236268,868.2457399558089
383,383.0,1.0,1.0,1.0,0.5,1.0,1.0,0.8,0.8,1.0,0.9,40.0,-1783.72252426133,73.94929829919676,3705.542480484145,1257.6068948362793
384,384.0,1.0,1.0,1.0,0.7,2.0,1.0,1.0,1.0,0.8,1.0,40.0,-1649.937283221854,57.70311697755309,3274.7893206051813,1129.7622063257222
385,385.0,1.0,1.0,1.0,0.8,3.0,2.0,0.9,0.9,1.0,1.0,40.0,-1375.454098877011,63.20979733698361,2948.011540544663,1409.4329927834892
386,386.0,1.0,1.0,1.0,0.3,1.0,2.0,0.7,0.7,0.7,0.9,50.0,-484.8571837427004,130.58794234320223,2824.7224204236268,2409.279968690301
387,387.0,1.0,1.0,1.0,0.2,1.0,1.0,0.8,0.8,0.7,1.0,40.0,-1078.5673601659937,123.94374175228508,2988.881480484145,1947.5441153347854
388,388.0,1.0,1.0,1.0,0.9,2.0,1.0,0.8,0.8,1.0,0.9,60.0,-1210.526603820839,77.404691278589,3353.920880484145,2033.36230666152
389,389.0,1.0,1.0,1.0,0.5,3.0,2.0,0.8,0.8,0.9,0.9,60.0,-246.5299731698224,130.58794234320223,2637.1344804841456,3240.752480911655
390,390.0,1.0,1.0,1.0,0.4,2.0,2.0,0.8,0.8,0.8,1.0,30.0,-1438.737312010865,68.90193226572049,2946.471200484145,1033.8014278296514
391,391.0,1.0,1.0,1.0,0.4,2.0,2.0,0.8,0.8,0.7,0.9,30.0,-1288.8593102334332,70.85427533892505,2742.746360484145,1030.0685123133937
392,392.0,1.0,1.0,1.0,0.6,2.0,1.0,0.7,0.7,1.0,0.9,50.0,-1231.776625940353,83.79852469307862,3189.7618204236273,1746.7476930699306
393,393.0,1.0,1.0,1.0,0.2,2.0,2.0,0.8,0.8,0.7,1.0,40.0,-701.5134790365278,130.58794234320223,2742.746360484145,2122.6627348416546
394,394.0,1.0,1.0,1.0,0.8,2.0,1.0,1.0,1.0,0.8,0.9,50.0,-1386.7486250830866,73.34474891161356,3274.7893206051813,1710.446611633813
395,395.0,1.0,1.0,1.0,0.1,2.0,2.0,0.8,0.8,0.8,0.9,30.0,-1081.3886916210554,130.58794234320223,2946.471200484145,1577.807456468948
396,396.0,1.0,1.0,1.0,0.1,3.0,1.0,0.7,0.7,1.0,0.9,30.0,-1158.9327093253244,106.29108532121222,2619.6934204236272,1126.7985397265982
397,397.0,1.0,1.0,1.0,0.7,1.0,2.0,1.0,1.0,0.8,1.0,50.0,-1315.0718580219414,82.74649910419797,3556.0866006051815,1963.00204051517
398,398.0,1.0,1.0,1.0,0.6,1.0,2.0,0.9,0.9,0.7,0.9,60.0,-588.4597053287445,130.58794234320223,3153.0405405446627,3656.4887370223314
399,399.0,1.0,1.0,1.0,0.3,2.0,1.0,0.8,0.8,0.8,0.9,30.0,-1518.7395635767252,63.93268598001005,2946.471200484145,756.8214227055457
