,ID,D_ActivacionIncrem_Jaz,D_ActivacionIncrem_Abr,D_ActivacionIncrem_Gir,Opt_CalculoRagaliasIncrementales_Jaz,Opt_EscVentaCrudo,Opt_EscCAPEX_Perforacion,Opt_AlternativasFacilidades_ICV_AbrGir,Opt_CalculoRagaliasIncrementales_AbrGir,Unc_MultPreciobaseValorGas,Unc_MultCAPEXPerfo_UGEJaz,Unc_MultCAPEXFacilidades_Jaz,Unc_MultOPEX_UGEJaz,E_Brent,Total_VPN,volumen_Mbls,Capex,opex
0,0.0,1.0,1.0,1.0,1.0,2.0,1.0,0.0,1.0,0.7,0.9,1.0,0.9,40.0,-279.38507371882065,190.19516550018875,1081.17411528091,3793.6079885845534
1,1.0,1.0,1.0,1.0,1.0,1.0,2.0,1.0,1.0,0.5,0.8,1.0,1.0,50.0,-279.38507371882065,190.19516550018875,1081.17411528091,3793.6079885845534
2,2.0,1.0,1.0,1.0,1.0,1.0,2.0,0.0,1.0,0.3,0.9,0.9,1.0,40.0,-279.38507371882065,190.19516550018875,1081.17411528091,3793.6079885845534
3,3.0,1.0,1.0,1.0,1.0,2.0,3.0,1.0,1.0,0.6,1.0,0.8,0.9,30.0,-279.38507371882065,190.19516550018875,1081.17411528091,3793.6079885845534
4,4.0,1.0,1.0,1.0,1.0,2.0,1.0,0.0,1.0,0.7,0.8,0.7,1.0,60.0,-279.38507371882065,190.19516550018875,1081.17411528091,3793.6079885845534
5,5.0,1.0,1.0,1.0,1.0,2.0,3.0,1.0,1.0,1.0,0.8,0.8,0.9,60.0,-279.38507371882065,190.19516550018875,1081.17411528091,3793.6079885845534
6,6.0,1.0,1.0,1.0,1.0,1.0,2.0,1.0,1.0,0.6,0.8,0.7,0.9,50.0,-279.38507371882065,190.19516550018875,1081.17411528091,3793.6079885845534
7,7.0,1.0,1.0,1.0,1.0,1.0,2.0,1.0,1.0,0.3,0.9,0.9,0.9,30.0,-279.38507371882065,190.19516550018875,1081.17411528091,3793.6079885845534
8,8.0,1.0,1.0,1.0,1.0,1.0,1.0,1.0,1.0,1.0,1.0,0.7,0.9,30.0,-279.38507371882065,190.19516550018875,1081.17411528091,3793.6079885845534
9,9.0,1.0,1.0,1.0,1.0,2.0,3.0,1.0,1.0,0.1,1.0,0.8,1.0,30.0,-279.38507371882065,190.19516550018875,1081.17411528091,3793.6079885845534
10,10.0,1.0,1.0,1.0,1.0,2.0,2.0,1.0,1.0,0.4,0.7,1.0,0.9,50.0,-279.38507371882065,190.19516550018875,1081.17411528091,3793.6079885845534
11,11.0,1.0,1.0,1.0,1.0,1.0,3.0,0.0,1.0,0.5,1.0,0.8,0.9,30.0,-634.3993212074128,116.63605138586409,925.9940922247281,1712.7727904674457
12,12.0,1.0,1.0,1.0,1.0,1.0,2.0,0.0,1.0,0.7,0.8,0.9,1.0,40.0,-432.6193133765001,162.37515352012838,919.474123752819,3322.2459927029736
13,13.0,1.0,1.0,1.0,1.0,1.0,2.0,0.0,1.0,0.6,0.9,0.9,0.9,60.0,367.57151432149885,190.19516550018875,989.261563752819,3348.44302777751
14,14.0,1.0,1.0,1.0,1.0,1.0,1.0,1.0,1.0,0.1,0.9,0.8,1.0,60.0,658.7212730598936,190.19516550018875,1297.7821475745145,1197.8908085128685
15,15.0,1.0,1.0,1.0,1.0,1.0,2.0,0.0,1.0,0.6,1.0,0.8,1.0,60.0,338.35738626030343,190.19516550018875,1018.9184922247282,3423.7156125480915
16,16.0,1.0,1.0,1.0,1.0,2.0,1.0,1.0,1.0,0.9,0.8,0.8,1.0,40.0,-564.9184670634302,162.37515352012838,1222.2411475745146,4097.585006641488
17,17.0,1.0,1.0,1.0,1.0,2.0,2.0,0.0,1.0,0.2,0.8,0.8,0.9,60.0,1020.3012840845005,190.19516550018875,879.3436122247281,1567.7831845493306
18,18.0,1.0,1.0,1.0,1.0,2.0,2.0,0.0,1.0,0.4,0.7,1.0,0.9,50.0,470.4612801357444,190.19516550018875,889.81719528091,2458.11310616342
19,19.0,1.0,1.0,1.0,1.0,2.0,1.0,1.0,1.0,1.0,1.0,1.0,0.9,30.0,-1249.705428847751,56.00568523776178,1527.801434468143,1538.2100958016053
20,20.0,1.0,1.0,1.0,1.0,1.0,2.0,1.0,1.0,0.8,0.9,0.7,0.9,40.0,-677.285171518929,138.40243399874697,1168.7609641277006,3034.15209863247
21,21.0,1.0,1.0,1.0,1.0,2.0,3.0,0.0,1.0,0.1,1.0,1.0,0.9,60.0,1037.662215089737,190.19516550018875,1006.2551152809101,1122.6182237422863
22,22.0,1.0,1.0,1.0,1.0,2.0,1.0,0.0,1.0,0.2,0.9,1.0,0.9,40.0,184.92657526501287,190.19516550018875,1081.17411528091,1567.7831845493306
23,23.0,1.0,1.0,1.0,1.0,1.0,3.0,0.0,1.0,0.4,0.7,1.0,1.0,40.0,-75.24788075887703,190.19516550018875,824.77011528091,2533.3856909340016
24,24.0,1.0,1.0,1.0,1.0,2.0,2.0,0.0,1.0,1.0,0.9,0.9,0.9,60.0,215.34927332267813,190.19516550018875,989.261563752819,5129.102871005686
25,25.0,1.0,1.0,1.0,1.0,1.0,1.0,0.0,1.0,1.0,1.0,0.7,0.9,50.0,-405.8170279144913,165.6091073884545,1036.323580696637,4534.465342908523
26,26.0,1.0,1.0,1.0,1.0,1.0,1.0,1.0,1.0,0.9,0.7,0.7,1.0,40.0,-740.4590135252356,110.97419287326649,1069.4610041277003,2674.793976041782
27,27.0,1.0,1.0,1.0,1.0,2.0,3.0,0.0,1.0,0.4,1.0,1.0,1.0,40.0,38.25696402474091,190.19516550018875,1006.2551152809101,2533.3856909340016
28,28.0,1.0,1.0,1.0,1.0,2.0,3.0,1.0,1.0,0.3,0.7,0.9,0.9,50.0,464.60345711697465,190.19516550018875,1118.617291021329,2012.9481453563756
29,29.0,1.0,1.0,1.0,1.0,1.0,2.0,1.0,1.0,0.6,0.7,0.7,0.9,60.0,372.80110419551823,190.19516550018875,1029.1860841277005,3348.44302777751
30,30.0,1.0,1.0,1.0,1.0,2.0,1.0,0.0,1.0,0.7,1.0,0.8,0.9,50.0,86.2396526053523,190.19516550018875,1076.4540922247281,3793.6079885845534
31,31.0,1.0,1.0,1.0,1.0,1.0,2.0,0.0,1.0,0.2,0.9,0.7,0.9,30.0,-276.7052677414874,190.19516550018875,909.000540696637,1567.7831845493306
32,32.0,1.0,1.0,1.0,1.0,1.0,3.0,0.0,1.0,0.1,0.7,0.7,1.0,50.0,634.6211497969026,190.19516550018875,704.3785806966371,1197.8908085128685
33,33.0,1.0,1.0,1.0,1.0,2.0,1.0,1.0,1.0,0.9,0.9,0.9,0.9,30.0,-1068.7822534022646,76.65202721380695,1375.0212910213293,1826.4454375241146
34,34.0,1.0,1.0,1.0,1.0,1.0,1.0,0.0,1.0,0.6,0.9,1.0,1.0,60.0,293.76009491349475,190.19516550018875,1081.17411528091,3423.7156125480915
35,35.0,1.0,1.0,1.0,1.0,1.0,1.0,1.0,1.0,0.8,0.7,0.7,1.0,30.0,-968.0032986222712,56.00568523776178,1069.4610041277003,1288.8781921645602
36,36.0,1.0,1.0,1.0,1.0,2.0,3.0,0.0,1.0,0.6,0.9,1.0,0.9,50.0,258.12176729308965,190.19516550018875,945.76011528091,3348.44302777751
37,37.0,1.0,1.0,1.0,1.0,1.0,1.0,0.0,1.0,0.2,1.0,0.9,1.0,60.0,643.3917199634084,190.19516550018875,1116.584603752819,1643.0557693199135
38,38.0,1.0,1.0,1.0,1.0,1.0,1.0,0.0,1.0,0.5,0.9,1.0,1.0,40.0,-326.37737609672627,190.19516550018875,1081.17411528091,2978.5506517410463
39,39.0,1.0,1.0,1.0,1.0,2.0,1.0,1.0,1.0,0.3,0.8,0.9,0.9,40.0,-2.1734585170081626,190.19516550018875,1299.480291021329,2012.9481453563756
40,40.0,1.0,1.0,1.0,1.0,1.0,1.0,1.0,1.0,1.0,0.8,0.7,0.9,60.0,-69.5676315549071,190.19516550018875,1145.0020041277005,5129.102871005686
41,41.0,1.0,1.0,1.0,1.0,2.0,2.0,0.0,1.0,0.6,0.8,0.8,0.9,50.0,297.727077836577,190.19516550018875,879.3436122247281,3348.44302777751
42,42.0,1.0,1.0,1.0,1.0,1.0,1.0,0.0,1.0,0.4,0.9,0.7,1.0,60.0,556.3843896384246,190.19516550018875,960.7825806966371,2533.3856909340016
43,43.0,1.0,1.0,1.0,1.0,2.0,3.0,0.0,1.0,1.0,0.8,0.8,0.9,50.0,-27.358473379945416,190.19516550018875,805.0040922247281,5129.102871005686
44,44.0,1.0,1.0,1.0,1.0,1.0,2.0,0.0,1.0,1.0,0.7,0.7,1.0,40.0,-655.5977872465077,76.65202721380695,769.425660696637,2029.383819471238
45,45.0,1.0,1.0,1.0,1.0,1.0,2.0,0.0,1.0,0.1,0.8,1.0,1.0,60.0,827.9132452782359,190.19516550018875,959.6046352809101,1197.8908085128685
46,46.0,1.0,1.0,1.0,1.0,2.0,3.0,0.0,1.0,0.3,0.8,0.9,1.0,60.0,935.478948599286,190.19516550018875,845.1346037528192,2088.2207301269577
47,47.0,1.0,1.0,1.0,1.0,2.0,3.0,1.0,1.0,0.6,1.0,0.8,0.9,30.0,-643.3235023021015,161.72900002702133,1222.8631475745144,2859.758616301342
48,48.0,1.0,1.0,1.0,1.0,1.0,1.0,0.0,1.0,0.2,0.7,0.7,1.0,40.0,120.59182356139002,190.19516550018875,809.700580696637,1643.0557693199135
49,49.0,1.0,1.0,1.0,1.0,1.0,2.0,1.0,1.0,1.0,0.8,0.7,1.0,50.0,-431.8831860831317,164.33147700228596,1098.9735241277006,4552.290242087375
50,50.0,1.0,1.0,1.0,1.0,2.0,3.0,0.0,1.0,0.6,1.0,1.0,1.0,40.0,-147.92669232704492,190.19516550018875,1006.2551152809101,3423.7156125480915
51,51.0,1.0,1.0,1.0,1.0,1.0,2.0,0.0,1.0,0.8,0.7,1.0,0.9,60.0,238.50556398252598,190.19516550018875,889.81719528091,4238.772949391597
52,52.0,1.0,1.0,1.0,1.0,2.0,1.0,1.0,1.0,0.8,0.8,0.7,0.9,60.0,335.6956107997557,190.19516550018875,1145.0020041277005,4238.772949391597
53,53.0,1.0,1.0,1.0,1.0,1.0,3.0,0.0,1.0,1.0,0.9,0.9,1.0,30.0,-1020.6421691921126,56.00568523776178,905.6296037528191,1559.0351370599183
54,54.0,1.0,1.0,1.0,1.0,2.0,1.0,0.0,1.0,0.2,0.9,0.8,0.9,50.0,591.7142650458735,190.19516550018875,1000.9130922247281,1567.7831845493306
55,55.0,1.0,1.0,1.0,1.0,1.0,2.0,0.0,1.0,0.9,0.8,0.7,1.0,40.0,-606.9321408795028,110.97419287326649,839.2131006966371,2674.793976041782
56,56.0,1.0,1.0,1.0,1.0,2.0,1.0,1.0,1.0,0.3,0.7,1.0,0.9,60.0,706.9295603682082,190.19516550018875,1301.178434468143,2012.9481453563756
57,57.0,1.0,1.0,1.0,1.0,1.0,3.0,0.0,1.0,0.7,1.0,0.9,0.9,30.0,-839.116869399291,56.00568523776178,966.124603752819,1132.9746784585684
58,58.0,1.0,1.0,1.0,1.0,1.0,1.0,1.0,1.0,0.5,1.0,0.7,0.9,40.0,-407.69750958998173,190.19516550018875,1296.0840041277004,2903.2780669704653
59,59.0,1.0,1.0,1.0,1.0,2.0,2.0,0.0,1.0,0.3,0.8,0.7,0.9,30.0,-109.65802722056793,190.19516550018875,839.2131006966371,2012.9481453563756
60,60.0,1.0,1.0,1.0,1.0,2.0,2.0,1.0,1.0,0.4,0.8,0.8,1.0,60.0,674.588551279589,190.19516550018875,1176.2126675745146,2533.3856909340016
61,61.0,1.0,1.0,1.0,1.0,2.0,2.0,0.0,1.0,0.8,0.8,0.8,0.9,50.0,112.16227842996754,190.19516550018875,879.3436122247281,4238.772949391597
62,62.0,1.0,1.0,1.0,1.0,2.0,2.0,0.0,1.0,0.2,0.9,0.8,0.9,40.0,270.4622461400117,190.19516550018875,949.1310522247281,1567.7831845493306
63,63.0,1.0,1.0,1.0,1.0,2.0,3.0,0.0,1.0,0.6,0.9,0.7,0.9,40.0,-19.38000995585938,190.19516550018875,825.3685806966371,3348.44302777751
64,64.0,1.0,1.0,1.0,1.0,1.0,2.0,0.0,1.0,0.2,0.7,0.8,1.0,60.0,829.2450403135892,190.19516550018875,809.556172224728,1643.0557693199135
65,65.0,1.0,1.0,1.0,1.0,2.0,1.0,1.0,1.0,1.0,0.9,1.0,0.9,30.0,-1198.6270617466464,56.00568523776178,1452.260434468143,1538.2100958016053
66,66.0,1.0,1.0,1.0,1.0,2.0,2.0,0.0,1.0,1.0,1.0,0.8,0.9,40.0,-561.3318011950223,152.15204559618388,1018.9184922247282,4097.117087408701
67,67.0,1.0,1.0,1.0,1.0,1.0,2.0,0.0,1.0,0.3,0.7,0.7,0.9,50.0,423.39050791293636,190.19516550018875,769.425660696637,2012.9481453563756
68,68.0,1.0,1.0,1.0,1.0,1.0,3.0,0.0,1.0,1.0,0.9,0.9,1.0,60.0,35.2491851768398,190.19516550018875,905.6296037528191,5204.37545577627
69,69.0,1.0,1.0,1.0,1.0,1.0,1.0,0.0,1.0,0.5,0.9,1.0,0.9,60.0,400.26493210975235,190.19516550018875,1081.17411528091,2903.2780669704653
70,70.0,1.0,1.0,1.0,1.0,2.0,3.0,0.0,1.0,0.9,0.9,0.7,1.0,60.0,400.0645332099976,190.19516550018875,825.3685806966371,4759.210494969224
71,71.0,1.0,1.0,1.0,1.0,1.0,1.0,1.0,1.0,0.3,0.8,0.9,1.0,60.0,474.9029599125415,190.19516550018875,1299.480291021329,2088.2207301269577
72,72.0,1.0,1.0,1.0,1.0,2.0,1.0,0.0,1.0,0.6,0.8,0.9,0.9,30.0,-507.37954546630203,161.72900002702133,965.502603752819,2859.758616301342
73,73.0,1.0,1.0,1.0,1.0,2.0,1.0,0.0,1.0,0.8,1.0,1.0,1.0,30.0,-883.0078237116502,87.56854361072114,1156.7151152809101,1912.0319678013086
74,74.0,1.0,1.0,1.0,1.0,2.0,3.0,0.0,1.0,0.9,1.0,0.7,0.9,30.0,-756.9528514749024,76.65202721380695,885.863580696637,1826.4454375241146
75,75.0,1.0,1.0,1.0,1.0,2.0,2.0,0.0,1.0,0.1,0.7,0.8,1.0,50.0,784.2767106455417,190.19516550018875,809.556172224728,1197.8908085128685
76,76.0,1.0,1.0,1.0,1.0,2.0,3.0,0.0,1.0,0.6,1.0,0.7,1.0,40.0,-69.12024224266108,190.19516550018875,885.863580696637,3423.7156125480915
77,77.0,1.0,1.0,1.0,1.0,1.0,3.0,0.0,1.0,0.9,0.7,0.8,1.0,40.0,-542.3294981010454,110.97419287326649,744.509092224728,2674.793976041782
78,78.0,1.0,1.0,1.0,1.0,1.0,3.0,0.0,1.0,0.2,0.7,1.0,1.0,60.0,818.6577238334952,190.19516550018875,824.77011528091,1643.0557693199135
79,79.0,1.0,1.0,1.0,1.0,1.0,2.0,1.0,1.0,0.1,0.7,1.0,1.0,50.0,330.1648468456936,190.19516550018875,1260.9035144681432,1197.8908085128685
80,80.0,1.0,1.0,1.0,1.0,1.0,1.0,1.0,1.0,0.3,0.7,1.0,1.0,40.0,-234.57507917229597,190.19516550018875,1301.178434468143,2088.2207301269577
81,81.0,1.0,1.0,1.0,1.0,1.0,3.0,1.0,1.0,0.4,1.0,1.0,0.9,30.0,-790.0201814545997,162.37515352012838,1377.341434468143,2098.3815274033846
82,82.0,1.0,1.0,1.0,1.0,2.0,2.0,1.0,1.0,0.3,1.0,0.7,1.0,60.0,729.2759579825957,190.19516550018875,1238.5484041277002,2088.2207301269577
83,83.0,1.0,1.0,1.0,1.0,2.0,2.0,1.0,1.0,0.8,0.8,0.8,1.0,40.0,-413.2817068718938,190.19516550018875,1176.2126675745146,4314.04553416218
84,84.0,1.0,1.0,1.0,1.0,2.0,2.0,0.0,1.0,0.2,0.9,0.7,0.9,40.0,296.6251161465444,190.19516550018875,909.000540696637,1567.7831845493306
85,85.0,1.0,1.0,1.0,1.0,2.0,1.0,0.0,1.0,0.6,0.7,0.9,0.9,30.0,-456.30117836519736,161.72900002702133,889.961603752819,2859.758616301342
86,86.0,1.0,1.0,1.0,1.0,1.0,2.0,1.0,1.0,0.4,1.0,1.0,1.0,60.0,285.8972747167724,190.19516550018875,1470.2658344681429,2533.3856909340016
87,87.0,1.0,1.0,1.0,1.0,1.0,2.0,0.0,1.0,0.1,0.7,0.9,0.9,60.0,909.4426912519918,190.19516550018875,849.6866837528191,1122.6182237422863
88,88.0,1.0,1.0,1.0,1.0,2.0,1.0,0.0,1.0,0.6,0.7,1.0,0.9,50.0,260.5085414806879,190.19516550018875,930.09211528091,3348.44302777751
89,89.0,1.0,1.0,1.0,1.0,2.0,1.0,1.0,1.0,0.9,1.0,0.9,0.9,60.0,64.24404448155437,190.19516550018875,1450.5622910213292,4683.937910198643
90,90.0,1.0,1.0,1.0,1.0,1.0,1.0,0.0,1.0,0.6,1.0,0.7,0.9,60.0,342.07063325457483,190.19516550018875,1036.323580696637,3348.44302777751
91,91.0,1.0,1.0,1.0,1.0,2.0,2.0,0.0,1.0,0.5,0.9,1.0,1.0,50.0,282.07929933071097,190.19516550018875,1029.39207528091,2978.5506517410463
92,92.0,1.0,1.0,1.0,1.0,2.0,2.0,0.0,1.0,0.7,0.7,0.9,0.9,50.0,220.0331956541391,190.19516550018875,849.6866837528191,3793.6079885845534
93,93.0,1.0,1.0,1.0,1.0,2.0,1.0,1.0,1.0,0.4,0.9,1.0,1.0,50.0,156.68270792668403,190.19516550018875,1452.260434468143,2533.3856909340016
94,94.0,1.0,1.0,1.0,1.0,1.0,3.0,1.0,1.0,0.3,1.0,0.7,0.9,60.0,585.778405602264,190.19516550018875,1145.6240041277003,2012.9481453563756
95,95.0,1.0,1.0,1.0,1.0,2.0,3.0,0.0,1.0,1.0,1.0,0.8,1.0,30.0,-875.528497323525,56.00568523776178,925.9940922247281,1559.0351370599183
96,96.0,1.0,1.0,1.0,1.0,2.0,3.0,0.0,1.0,0.1,0.7,0.8,0.9,40.0,485.9953945273784,190.19516550018875,744.509092224728,1122.6182237422863
97,97.0,1.0,1.0,1.0,1.0,1.0,2.0,0.0,1.0,0.9,0.9,0.9,0.9,60.0,89.61920371131396,190.19516550018875,989.261563752819,4683.937910198643
98,98.0,1.0,1.0,1.0,1.0,2.0,1.0,1.0,1.0,0.2,0.7,0.8,1.0,40.0,164.66805682328305,190.19516550018875,1146.7001475745144,1643.0557693199135
99,99.0,1.0,1.0,1.0,1.0,1.0,3.0,0.0,1.0,0.3,0.9,0.7,0.9,40.0,40.514305400640005,190.19516550018875,825.3685806966371,2012.9481453563756
100,100.0,1.0,1.0,1.0,1.0,1.0,3.0,0.0,1.0,0.2,0.9,0.7,0.9,40.0,132.66630596311222,190.19516550018875,825.3685806966371,1567.7831845493306
101,101.0,1.0,1.0,1.0,1.0,1.0,2.0,0.0,1.0,0.9,0.9,0.9,1.0,30.0,-1011.0060851726465,56.00568523776178,989.261563752819,1423.9566646122394
102,102.0,1.0,1.0,1.0,1.0,1.0,2.0,1.0,1.0,0.9,0.8,1.0,0.9,50.0,-442.47591113046576,190.19516550018875,1330.6909544681432,4683.937910198643
103,103.0,1.0,1.0,1.0,1.0,1.0,1.0,1.0,1.0,0.2,0.8,0.9,1.0,60.0,566.8304981824813,190.19516550018875,1299.480291021329,1643.0557693199135
104,104.0,1.0,1.0,1.0,1.0,1.0,2.0,0.0,1.0,0.5,0.8,0.7,1.0,30.0,-595.5323218929135,113.418486506286,839.2131006966371,1704.616752900636
105,105.0,1.0,1.0,1.0,1.0,2.0,2.0,0.0,1.0,0.7,0.9,0.8,0.9,50.0,164.21224638160894,190.19516550018875,949.1310522247281,3793.6079885845534
106,106.0,1.0,1.0,1.0,1.0,2.0,1.0,1.0,1.0,0.5,0.8,0.9,1.0,40.0,-201.8317841424186,190.19516550018875,1299.480291021329,2978.5506517410463
107,107.0,1.0,1.0,1.0,1.0,2.0,1.0,0.0,1.0,0.6,1.0,0.9,1.0,50.0,138.24673351713,190.19516550018875,1116.584603752819,3423.7156125480915
108,108.0,1.0,1.0,1.0,1.0,2.0,1.0,1.0,1.0,0.5,0.8,0.7,0.9,40.0,-97.87956800820284,190.19516550018875,1145.0020041277005,2903.2780669704653
109,109.0,1.0,1.0,1.0,1.0,2.0,1.0,1.0,1.0,0.6,0.9,0.9,0.9,40.0,-325.78138796030595,190.19516550018875,1375.0212910213293,3348.44302777751
110,110.0,1.0,1.0,1.0,1.0,1.0,1.0,1.0,1.0,0.1,0.9,0.7,0.9,50.0,363.2873303551551,190.19516550018875,1220.5430041277004,1122.6182237422863
111,111.0,1.0,1.0,1.0,1.0,2.0,1.0,0.0,1.0,0.9,0.7,1.0,0.9,30.0,-801.8695835266133,76.65202721380695,930.09211528091,1826.4454375241146
112,112.0,1.0,1.0,1.0,1.0,1.0,1.0,1.0,1.0,0.9,1.0,0.8,1.0,40.0,-944.8808435149145,110.97419287326649,1373.3231475745145,2674.793976041782
113,113.0,1.0,1.0,1.0,1.0,1.0,1.0,0.0,1.0,0.9,0.9,0.8,1.0,60.0,68.03590551059489,190.19516550018875,1000.9130922247281,4759.210494969224
114,114.0,1.0,1.0,1.0,1.0,1.0,2.0,0.0,1.0,0.6,0.7,1.0,1.0,50.0,53.56138985524786,190.19516550018875,889.81719528091,3423.7156125480915
115,115.0,1.0,1.0,1.0,1.0,2.0,3.0,0.0,1.0,0.8,1.0,0.8,1.0,30.0,-714.4484526070104,87.56854361072114,925.9940922247281,1912.0319678013086
116,116.0,1.0,1.0,1.0,1.0,1.0,3.0,0.0,1.0,0.8,1.0,0.7,0.9,30.0,-850.3789843296279,56.00568523776178,885.863580696637,1268.0531509062475
117,117.0,1.0,1.0,1.0,1.0,1.0,2.0,0.0,1.0,0.6,0.9,0.9,1.0,60.0,353.1302252186614,190.19516550018875,989.261563752819,3423.7156125480915
118,118.0,1.0,1.0,1.0,1.0,1.0,3.0,1.0,1.0,0.4,0.9,1.0,1.0,60.0,380.50550007635144,190.19516550018875,1316.8464344681431,2533.3856909340016
119,119.0,1.0,1.0,1.0,1.0,2.0,1.0,0.0,1.0,0.4,1.0,0.8,0.9,30.0,-348.8553700019175,190.19516550018875,1076.4540922247281,2458.11310616342
120,120.0,1.0,1.0,1.0,1.0,1.0,3.0,0.0,1.0,0.7,0.7,0.7,1.0,40.0,-289.8386854742343,162.37515352012838,704.3785806966371,3322.2459927029736
121,121.0,1.0,1.0,1.0,1.0,1.0,2.0,0.0,1.0,0.7,1.0,0.7,1.0,50.0,-84.21373545258994,190.19516550018875,978.7879806966371,3868.8805733551358
122,122.0,1.0,1.0,1.0,1.0,2.0,1.0,0.0,1.0,0.2,0.8,0.9,0.9,40.0,255.72025741089064,190.19516550018875,965.502603752819,1567.7831845493306
123,123.0,1.0,1.0,1.0,1.0,2.0,2.0,1.0,1.0,0.2,0.7,1.0,0.9,60.0,824.6798679650236,190.19516550018875,1260.9035144681432,1567.7831845493306
124,124.0,1.0,1.0,1.0,1.0,2.0,1.0,1.0,1.0,0.8,0.7,0.8,1.0,40.0,-397.7021224960703,190.19516550018875,1146.7001475745144,4314.04553416218
125,125.0,1.0,1.0,1.0,1.0,1.0,2.0,0.0,1.0,0.8,1.0,0.7,0.9,30.0,-917.946712564783,56.00568523776178,978.7879806966371,1268.0531509062475
126,126.0,1.0,1.0,1.0,1.0,1.0,1.0,0.0,1.0,0.5,0.7,1.0,1.0,40.0,-236.73339089045612,190.19516550018875,930.09211528091,2978.5506517410463
127,127.0,1.0,1.0,1.0,1.0,1.0,2.0,1.0,1.0,0.6,0.9,0.9,1.0,60.0,187.30005738418214,190.19516550018875,1323.239251021329,3423.7156125480915
128,128.0,1.0,1.0,1.0,1.0,2.0,1.0,0.0,1.0,0.3,1.0,1.0,1.0,30.0,-321.96742566431425,190.19516550018875,1156.7151152809101,2088.2207301269577
129,129.0,1.0,1.0,1.0,1.0,1.0,2.0,0.0,1.0,0.9,0.7,0.8,0.9,60.0,197.86002662694648,190.19516550018875,809.556172224728,4683.937910198643
130,130.0,1.0,1.0,1.0,1.0,1.0,3.0,0.0,1.0,0.4,0.7,0.7,0.9,50.0,373.0700236957764,190.19516550018875,704.3785806966371,2458.11310616342
131,131.0,1.0,1.0,1.0,1.0,2.0,2.0,0.0,1.0,0.1,1.0,0.8,1.0,60.0,1015.92865309499,190.19516550018875,1018.9184922247282,1197.8908085128685
132,132.0,1.0,1.0,1.0,1.0,2.0,1.0,1.0,1.0,0.2,0.9,0.9,1.0,30.0,-324.1556458063696,190.19516550018875,1375.0212910213293,1643.0557693199135
133,133.0,1.0,1.0,1.0,1.0,2.0,1.0,0.0,1.0,0.1,0.7,1.0,1.0,30.0,-2.906458082173337,190.19516550018875,930.09211528091,1197.8908085128685
134,134.0,1.0,1.0,1.0,1.0,1.0,2.0,0.0,1.0,0.2,1.0,1.0,1.0,40.0,-54.97158885205095,190.19516550018875,1099.17951528091,1643.0557693199135
135,135.0,1.0,1.0,1.0,1.0,1.0,3.0,0.0,1.0,0.6,0.8,0.9,1.0,30.0,-693.2078495417735,76.65202721380695,845.1346037528192,1330.6011669452225
136,136.0,1.0,1.0,1.0,1.0,2.0,3.0,0.0,1.0,0.9,0.9,0.7,0.9,40.0,-315.9027422908064,163.67635912572442,825.3685806966371,4076.7413162362272
137,137.0,1.0,1.0,1.0,1.0,2.0,1.0,1.0,1.0,0.6,0.8,0.8,1.0,50.0,106.22290564123435,190.19516550018875,1222.2411475745146,3423.7156125480915
138,138.0,1.0,1.0,1.0,1.0,1.0,2.0,1.0,1.0,0.5,0.9,0.7,0.9,40.0,-329.23210757206283,190.19516550018875,1168.7609641277006,2903.2780669704653
139,139.0,1.0,1.0,1.0,1.0,2.0,2.0,1.0,1.0,0.5,0.9,0.8,1.0,40.0,-168.59105346113103,190.19516550018875,1246.0001075745145,2978.5506517410463
140,140.0,1.0,1.0,1.0,1.0,2.0,3.0,1.0,1.0,0.5,0.8,1.0,0.9,30.0,-522.3747015092082,190.19516550018875,1256.3514344681432,2903.2780669704653
141,141.0,1.0,1.0,1.0,1.0,1.0,1.0,1.0,1.0,0.2,1.0,0.7,0.9,30.0,-485.4285720090229,190.19516550018875,1296.0840041277004,1567.7831845493306
142,142.0,1.0,1.0,1.0,1.0,2.0,2.0,0.0,1.0,0.6,0.9,1.0,1.0,40.0,-166.68050117458338,190.19516550018875,1029.39207528091,3423.7156125480915
143,143.0,1.0,1.0,1.0,1.0,2.0,2.0,0.0,1.0,0.9,0.7,0.8,0.9,30.0,-713.4199561677433,76.65202721380695,809.556172224728,1826.4454375241146
144,144.0,1.0,1.0,1.0,1.0,2.0,3.0,0.0,1.0,0.2,1.0,0.9,0.9,60.0,971.8975468263295,190.19516550018875,966.124603752819,1567.7831845493306
145,145.0,1.0,1.0,1.0,1.0,1.0,2.0,0.0,1.0,0.5,0.7,0.9,0.9,60.0,541.5122060236951,190.19516550018875,849.6866837528191,2903.2780669704653
146,146.0,1.0,1.0,1.0,1.0,1.0,1.0,1.0,1.0,0.8,1.0,0.8,0.9,30.0,-1162.1000246717292,56.00568523776178,1373.3231475745145,1268.0531509062475
147,147.0,1.0,1.0,1.0,1.0,2.0,3.0,0.0,1.0,0.5,0.8,0.9,1.0,60.0,751.4702226865129,190.19516550018875,845.1346037528192,2978.5506517410463
148,148.0,1.0,1.0,1.0,1.0,1.0,1.0,1.0,1.0,0.3,0.9,0.9,1.0,60.0,430.2803995736175,190.19516550018875,1375.0212910213293,2088.2207301269577
149,149.0,1.0,1.0,1.0,1.0,1.0,3.0,0.0,1.0,0.5,0.7,1.0,1.0,60.0,542.6482479510872,190.19516550018875,824.77011528091,2978.5506517410463
150,150.0,1.0,1.0,1.0,1.0,2.0,3.0,1.0,1.0,0.2,0.8,0.7,1.0,30.0,-112.9778510187743,190.19516550018875,1024.6340041277006,1643.0557693199135
151,151.0,1.0,1.0,1.0,1.0,2.0,3.0,0.0,1.0,0.6,0.8,0.7,0.9,50.0,371.5991693983324,190.19516550018875,764.8735806966372,3348.44302777751
152,152.0,1.0,1.0,1.0,1.0,2.0,2.0,1.0,1.0,0.2,0.9,0.8,1.0,50.0,463.09857027223546,190.19516550018875,1246.0001075745145,1643.0557693199135
153,153.0,1.0,1.0,1.0,1.0,2.0,1.0,1.0,1.0,0.3,1.0,0.7,1.0,40.0,-16.6880321198189,190.19516550018875,1296.0840041277004,2088.2207301269577
154,154.0,1.0,1.0,1.0,1.0,1.0,1.0,0.0,1.0,0.4,0.8,0.7,0.9,50.0,260.87336805145156,190.19516550018875,885.2415806966371,2458.11310616342
155,155.0,1.0,1.0,1.0,1.0,2.0,2.0,0.0,1.0,0.4,0.8,0.8,1.0,50.0,467.4128849205792,190.19516550018875,879.3436122247281,2533.3856909340016
156,156.0,1.0,1.0,1.0,1.0,2.0,1.0,0.0,1.0,0.7,0.7,1.0,1.0,50.0,153.42145395616092,190.19516550018875,930.09211528091,3868.8805733551358
157,157.0,1.0,1.0,1.0,1.0,2.0,1.0,1.0,1.0,0.4,0.8,1.0,0.9,40.0,-138.96418852912927,190.19516550018875,1376.7194344681432,2458.11310616342
158,158.0,1.0,1.0,1.0,1.0,2.0,1.0,1.0,1.0,0.2,0.9,0.9,0.9,50.0,399.74505258056564,190.19516550018875,1375.0212910213293,1567.7831845493306
159,159.0,1.0,1.0,1.0,1.0,2.0,2.0,0.0,1.0,0.1,0.9,0.9,1.0,30.0,-32.806073358548495,190.19516550018875,989.261563752819,1197.8908085128685
160,160.0,1.0,1.0,1.0,1.0,2.0,1.0,0.0,1.0,0.1,0.9,0.8,1.0,50.0,669.2088206408177,190.19516550018875,1000.9130922247281,1197.8908085128685
161,161.0,1.0,1.0,1.0,1.0,2.0,3.0,0.0,1.0,0.3,0.8,1.0,1.0,40.0,200.2710660480056,190.19516550018875,885.2651152809101,2088.2207301269577
162,162.0,1.0,1.0,1.0,1.0,1.0,2.0,1.0,1.0,0.5,0.9,1.0,0.9,30.0,-930.1969430389113,116.63605138586409,1400.478394468143,1712.7727904674457
163,163.0,1.0,1.0,1.0,1.0,2.0,1.0,1.0,1.0,0.7,1.0,0.8,0.9,40.0,-420.5446705485742,190.19516550018875,1373.3231475745145,3793.6079885845534
164,164.0,1.0,1.0,1.0,1.0,2.0,2.0,0.0,1.0,0.9,0.8,0.8,1.0,40.0,-370.44528270135027,162.37515352012838,879.3436122247281,4097.585006641488
165,165.0,1.0,1.0,1.0,1.0,1.0,2.0,0.0,1.0,1.0,0.8,0.8,1.0,40.0,-732.0879447611254,76.65202721380695,879.3436122247281,2029.383819471238
166,166.0,1.0,1.0,1.0,1.0,2.0,1.0,0.0,1.0,1.0,1.0,1.0,1.0,40.0,-678.3050666546984,139.8768078323413,1156.7151152809101,3774.104130567303
167,167.0,1.0,1.0,1.0,1.0,1.0,1.0,0.0,1.0,0.2,1.0,0.9,0.9,50.0,303.3719803122732,190.19516550018875,1116.584603752819,1567.7831845493306
168,168.0,1.0,1.0,1.0,1.0,1.0,2.0,1.0,1.0,0.4,1.0,0.8,0.9,40.0,-321.12147028073167,190.19516550018875,1315.7875475745145,2458.11310616342
169,169.0,1.0,1.0,1.0,1.0,2.0,1.0,0.0,1.0,0.6,0.7,0.9,1.0,50.0,272.2182343452133,190.19516550018875,889.961603752819,3423.7156125480915
170,170.0,1.0,1.0,1.0,1.0,2.0,3.0,0.0,1.0,1.0,0.8,0.8,0.9,30.0,-784.9215485018688,56.00568523776178,805.0040922247281,1538.2100958016053
171,171.0,1.0,1.0,1.0,1.0,1.0,1.0,0.0,1.0,0.9,1.0,0.8,1.0,30.0,-1070.1180365552107,56.00568523776178,1076.4540922247281,1423.9566646122394
172,172.0,1.0,1.0,1.0,1.0,2.0,2.0,0.0,1.0,0.9,0.7,0.9,0.9,40.0,-340.39633923487014,163.67635912572442,849.6866837528191,4076.7413162362272
173,173.0,1.0,1.0,1.0,1.0,1.0,1.0,0.0,1.0,0.2,1.0,0.9,0.9,50.0,303.3719803122732,190.19516550018875,1116.584603752819,1567.7831845493306
174,174.0,1.0,1.0,1.0,1.0,2.0,1.0,1.0,1.0,0.6,0.8,0.9,1.0,60.0,416.35512807921174,190.19516550018875,1299.480291021329,3423.7156125480915
175,175.0,1.0,1.0,1.0,1.0,2.0,1.0,0.0,1.0,0.1,0.8,0.8,1.0,50.0,713.8313809797421,190.19516550018875,925.372092224728,1197.8908085128685
176,176.0,1.0,1.0,1.0,1.0,1.0,3.0,1.0,1.0,0.7,0.9,0.9,1.0,60.0,148.65646743276025,190.19516550018875,1239.607291021329,3868.8805733551358
177,177.0,1.0,1.0,1.0,1.0,1.0,1.0,1.0,1.0,0.6,0.9,0.9,0.9,50.0,-187.2391875896776,190.19516550018875,1375.0212910213293,3348.44302777751
178,178.0,1.0,1.0,1.0,1.0,2.0,1.0,0.0,1.0,0.2,1.0,1.0,0.9,60.0,849.2186870200147,190.19516550018875,1156.7151152809101,1567.7831845493306
179,179.0,1.0,1.0,1.0,1.0,1.0,3.0,1.0,1.0,0.9,0.8,0.8,0.9,50.0,-303.26155754810475,190.19516550018875,1101.8731475745146,4683.937910198643
180,180.0,1.0,1.0,1.0,1.0,2.0,3.0,1.0,1.0,0.8,0.7,0.8,1.0,30.0,-766.7798167727036,87.56854361072114,1041.3781475745143,1912.0319678013086
181,181.0,1.0,1.0,1.0,1.0,1.0,1.0,1.0,1.0,0.1,1.0,0.7,0.9,50.0,318.66477001623105,190.19516550018875,1296.0840041277004,1122.6182237422863
182,182.0,1.0,1.0,1.0,1.0,2.0,2.0,1.0,1.0,0.3,1.0,0.8,0.9,50.0,344.63598487741183,190.19516550018875,1315.7875475745145,2012.9481453563756
183,183.0,1.0,1.0,1.0,1.0,1.0,1.0,1.0,1.0,0.2,0.8,1.0,0.9,50.0,182.22496158494934,190.19516550018875,1376.7194344681432,1567.7831845493306
184,184.0,1.0,1.0,1.0,1.0,1.0,3.0,1.0,1.0,0.1,1.0,0.7,1.0,30.0,-308.72307472217796,190.19516550018875,1145.6240041277003,1197.8908085128685
185,185.0,1.0,1.0,1.0,1.0,2.0,3.0,1.0,1.0,0.5,1.0,1.0,1.0,60.0,471.0981938723274,190.19516550018875,1377.341434468143,2978.5506517410463
186,186.0,1.0,1.0,1.0,1.0,2.0,1.0,1.0,1.0,0.4,0.7,0.8,0.9,50.0,349.5625097289391,190.19516550018875,1146.7001475745144,2458.11310616342
187,187.0,1.0,1.0,1.0,1.0,1.0,3.0,1.0,1.0,0.6,0.7,0.7,0.9,40.0,-300.3591677779621,190.19516550018875,964.1390041277003,3348.44302777751
188,188.0,1.0,1.0,1.0,1.0,1.0,3.0,0.0,1.0,0.6,0.7,1.0,1.0,40.0,-263.87626451547226,190.19516550018875,824.77011528091,3423.7156125480915
189,189.0,1.0,1.0,1.0,1.0,1.0,2.0,0.0,1.0,0.1,0.8,0.8,0.9,50.0,540.2192456401659,190.19516550018875,879.3436122247281,1122.6182237422863
190,190.0,1.0,1.0,1.0,1.0,2.0,2.0,1.0,1.0,0.6,0.9,0.9,1.0,50.0,50.16898284477376,190.19516550018875,1323.239251021329,3423.7156125480915
191,191.0,1.0,1.0,1.0,1.0,1.0,2.0,0.0,1.0,0.2,0.8,1.0,0.9,60.0,750.4186896832913,190.19516550018875,959.6046352809101,1567.7831845493306
192,192.0,1.0,1.0,1.0,1.0,1.0,2.0,0.0,1.0,0.3,0.9,1.0,1.0,40.0,-106.1942298288729,190.19516550018875,1029.39207528091,2088.2207301269577
193,193.0,1.0,1.0,1.0,1.0,2.0,1.0,1.0,1.0,0.4,1.0,0.9,1.0,30.0,-560.046910959881,190.19516550018875,1450.5622910213292,2533.3856909340016
194,194.0,1.0,1.0,1.0,1.0,1.0,3.0,0.0,1.0,1.0,1.0,1.0,0.9,30.0,-1080.0504499429933,56.00568523776178,1006.2551152809101,1538.2100958016053
195,195.0,1.0,1.0,1.0,1.0,2.0,2.0,1.0,1.0,0.3,0.7,0.8,1.0,40.0,98.43015119808047,190.19516550018875,1106.4252275745146,2088.2207301269577
196,196.0,1.0,1.0,1.0,1.0,1.0,1.0,0.0,1.0,0.6,0.8,0.9,0.9,30.0,-767.9190031929649,76.65202721380695,965.502603752819,1302.358448129603
197,197.0,1.0,1.0,1.0,1.0,1.0,2.0,1.0,1.0,0.4,0.8,0.8,1.0,50.0,102.37677243561268,190.19516550018875,1176.2126675745146,2533.3856909340016
198,198.0,1.0,1.0,1.0,1.0,2.0,2.0,0.0,1.0,0.3,0.7,0.7,1.0,40.0,272.0004776747589,190.19516550018875,769.425660696637,2088.2207301269577
199,199.0,1.0,1.0,1.0,1.0,1.0,2.0,1.0,1.0,0.6,0.7,0.7,0.9,30.0,-779.5508737848555,76.65202721380695,1029.1860841277005,1302.358448129603
200,200.0,1.0,1.0,1.0,1.0,2.0,1.0,0.0,1.0,0.5,0.7,0.8,1.0,50.0,390.46226616333024,190.19516550018875,849.8310922247281,2978.5506517410463
201,201.0,1.0,1.0,1.0,1.0,1.0,3.0,0.0,1.0,0.2,0.7,0.9,0.9,50.0,504.80085418889263,190.19516550018875,784.6396037528191,1567.7831845493306
202,202.0,1.0,1.0,1.0,1.0,1.0,2.0,1.0,1.0,0.1,0.8,0.8,1.0,50.0,378.4028474462594,190.19516550018875,1176.2126675745146,1197.8908085128685
203,203.0,1.0,1.0,1.0,1.0,1.0,1.0,1.0,1.0,0.7,0.9,0.8,0.9,30.0,-1040.5746181395184,56.00568523776178,1297.7821475745145,1132.9746784585684
204,204.0,1.0,1.0,1.0,1.0,1.0,3.0,1.0,1.0,0.9,0.7,0.7,1.0,30.0,-961.8882254306678,56.00568523776178,964.1390041277003,1423.9566646122394
205,205.0,1.0,1.0,1.0,1.0,1.0,1.0,0.0,1.0,0.1,0.9,1.0,1.0,40.0,44.87350391347812,190.19516550018875,1081.17411528091,1197.8908085128685
206,206.0,1.0,1.0,1.0,1.0,2.0,1.0,0.0,1.0,0.4,0.9,1.0,0.9,60.0,709.9599990574899,190.19516550018875,1081.17411528091,2458.11310616342
207,207.0,1.0,1.0,1.0,1.0,2.0,3.0,0.0,1.0,0.7,0.9,0.8,1.0,60.0,558.5335823807811,190.19516550018875,865.4990922247281,3868.8805733551358
208,208.0,1.0,1.0,1.0,1.0,1.0,2.0,1.0,1.0,0.2,0.9,0.8,1.0,50.0,245.5417158840919,190.19516550018875,1246.0001075745145,1643.0557693199135
209,209.0,1.0,1.0,1.0,1.0,1.0,2.0,1.0,1.0,0.8,1.0,0.8,1.0,40.0,-793.1600331429754,134.80862943572555,1315.7875475745145,2994.58195326567
210,210.0,1.0,1.0,1.0,1.0,2.0,3.0,0.0,1.0,0.1,1.0,0.7,1.0,40.0,392.81239778207805,190.19516550018875,885.863580696637,1197.8908085128685
211,211.0,1.0,1.0,1.0,1.0,1.0,3.0,0.0,1.0,1.0,0.7,0.7,1.0,40.0,-608.300377481899,76.65202721380695,704.3785806966371,2029.383819471238
212,212.0,1.0,1.0,1.0,1.0,1.0,1.0,1.0,1.0,0.8,0.9,1.0,1.0,40.0,-886.2618417833168,134.80862943572555,1452.260434468143,2994.58195326567
213,213.0,1.0,1.0,1.0,1.0,2.0,1.0,0.0,1.0,0.1,0.7,0.8,1.0,30.0,49.44039278988937,190.19516550018875,849.8310922247281,1197.8908085128685
214,214.0,1.0,1.0,1.0,1.0,1.0,3.0,1.0,1.0,0.6,0.9,0.8,0.9,60.0,300.0023070920715,190.19516550018875,1162.3681475745145,3348.44302777751
215,215.0,1.0,1.0,1.0,1.0,1.0,1.0,1.0,1.0,0.3,0.9,0.8,0.9,40.0,-220.14644973728167,190.19516550018875,1297.7821475745145,2012.9481453563756
216,216.0,1.0,1.0,1.0,1.0,1.0,2.0,1.0,1.0,0.5,0.8,0.7,0.9,60.0,423.9260804845498,190.19516550018875,1098.9735241277006,2903.2780669704653
217,217.0,1.0,1.0,1.0,1.0,1.0,3.0,1.0,1.0,1.0,0.7,0.9,1.0,40.0,-861.8336999064949,76.65202721380695,1118.617291021329,2029.383819471238
218,218.0,1.0,1.0,1.0,1.0,2.0,2.0,1.0,1.0,0.7,1.0,0.7,0.9,30.0,-781.6272651515769,125.8698881345785,1238.5484041277002,2438.54365729845
219,219.0,1.0,1.0,1.0,1.0,2.0,2.0,1.0,1.0,0.1,0.8,0.9,1.0,40.0,196.92118256187584,190.19516550018875,1253.4518110213291,1197.8908085128685
220,220.0,1.0,1.0,1.0,1.0,2.0,2.0,0.0,1.0,0.3,1.0,0.9,0.9,30.0,-244.16660985328917,190.19516550018875,1059.049003752819,2012.9481453563756
221,221.0,1.0,1.0,1.0,1.0,1.0,1.0,0.0,1.0,0.7,0.7,0.7,0.9,40.0,-344.582908524536,164.33147700228596,809.700580696637,3310.0068856309676
222,222.0,1.0,1.0,1.0,1.0,1.0,3.0,0.0,1.0,0.9,0.9,0.7,1.0,30.0,-891.0102052602377,56.00568523776178,825.3685806966371,1423.9566646122394
223,223.0,1.0,1.0,1.0,1.0,2.0,1.0,1.0,1.0,0.7,0.9,0.7,1.0,30.0,-789.8519903268929,121.26378082768099,1220.5430041277004,2385.0643175803457
224,224.0,1.0,1.0,1.0,1.0,2.0,2.0,1.0,1.0,0.5,0.7,0.9,0.9,50.0,238.73329705387565,190.19516550018875,1183.664371021329,2903.2780669704653
225,225.0,1.0,1.0,1.0,1.0,1.0,3.0,1.0,1.0,0.1,0.8,1.0,0.9,30.0,-358.10902541027986,190.19516550018875,1256.3514344681432,1122.6182237422863
226,226.0,1.0,1.0,1.0,1.0,1.0,3.0,0.0,1.0,0.8,0.9,0.8,1.0,30.0,-850.1556280795162,56.00568523776178,865.4990922247281,1288.8781921645602
227,227.0,1.0,1.0,1.0,1.0,1.0,1.0,1.0,1.0,0.2,0.7,0.7,0.9,50.0,360.60491276306345,190.19516550018875,1069.4610041277003,1567.7831845493306
228,228.0,1.0,1.0,1.0,1.0,1.0,1.0,0.0,1.0,0.1,0.7,1.0,1.0,60.0,843.0240692435876,190.19516550018875,930.09211528091,1197.8908085128685
229,229.0,1.0,1.0,1.0,1.0,2.0,3.0,0.0,1.0,0.4,1.0,0.8,1.0,40.0,90.5884297168012,190.19516550018875,925.9940922247281,2533.3856909340016
230,230.0,1.0,1.0,1.0,1.0,1.0,3.0,0.0,1.0,0.5,0.8,1.0,1.0,30.0,-630.255526055943,113.418486506286,885.2651152809101,1704.616752900636
231,231.0,1.0,1.0,1.0,1.0,2.0,3.0,0.0,1.0,0.9,0.7,1.0,0.9,60.0,406.0503471806208,190.19516550018875,824.77011528091,4683.937910198643
232,232.0,1.0,1.0,1.0,1.0,2.0,1.0,1.0,1.0,0.2,1.0,0.9,0.9,60.0,709.5752145677727,190.19516550018875,1450.5622910213292,1567.7831845493306
233,233.0,1.0,1.0,1.0,1.0,1.0,1.0,0.0,1.0,0.7,0.7,0.8,0.9,50.0,1.5675375933202296,190.19516550018875,849.8310922247281,3793.6079885845534
234,234.0,1.0,1.0,1.0,1.0,1.0,2.0,1.0,1.0,0.8,0.8,0.9,0.9,60.0,57.502011693487646,190.19516550018875,1253.4518110213291,4238.772949391597
235,235.0,1.0,1.0,1.0,1.0,1.0,2.0,1.0,1.0,0.3,0.9,0.7,0.9,30.0,-517.1876098046973,190.19516550018875,1168.7609641277006,2012.9481453563756
236,236.0,1.0,1.0,1.0,1.0,2.0,3.0,0.0,1.0,0.8,0.7,1.0,1.0,30.0,-653.2106097856268,87.56854361072114,824.77011528091,1912.0319678013086
237,237.0,1.0,1.0,1.0,1.0,2.0,2.0,1.0,1.0,1.0,0.9,1.0,0.9,60.0,4.474840874961332,190.19516550018875,1400.478394468143,5129.102871005686
238,238.0,1.0,1.0,1.0,1.0,2.0,3.0,1.0,1.0,1.0,0.9,0.7,1.0,60.0,177.73397527299986,190.19516550018875,1085.1290041277005,5204.37545577627
239,239.0,1.0,1.0,1.0,1.0,1.0,1.0,0.0,1.0,0.4,0.8,1.0,0.9,30.0,-581.2952294964541,162.37515352012838,1005.6331152809101,2098.3815274033846
240,240.0,1.0,1.0,1.0,1.0,1.0,1.0,0.0,1.0,0.6,0.8,1.0,0.9,40.0,-362.46925818683195,190.19516550018875,1005.6331152809101,3348.44302777751
241,241.0,1.0,1.0,1.0,1.0,1.0,3.0,1.0,1.0,1.0,1.0,1.0,0.9,30.0,-1295.9931143028004,56.00568523776178,1377.341434468143,1538.2100958016053
242,242.0,1.0,1.0,1.0,1.0,2.0,3.0,0.0,1.0,0.9,1.0,0.7,0.9,50.0,22.584060921777173,190.19516550018875,885.863580696637,4683.937910198643
243,243.0,1.0,1.0,1.0,1.0,1.0,2.0,1.0,1.0,0.5,0.9,1.0,0.9,50.0,-105.57284823423448,190.19516550018875,1400.478394468143,2903.2780669704653
244,244.0,1.0,1.0,1.0,1.0,1.0,2.0,1.0,1.0,0.5,0.9,0.8,1.0,60.0,323.95491252746297,190.19516550018875,1246.0001075745145,2978.5506517410463
245,245.0,1.0,1.0,1.0,1.0,1.0,3.0,1.0,1.0,0.1,1.0,0.9,1.0,40.0,-42.92426668846888,190.19516550018875,1300.102291021329,1197.8908085128685
246,246.0,1.0,1.0,1.0,1.0,1.0,2.0,0.0,1.0,0.8,0.7,0.8,1.0,50.0,-81.1391391174697,190.19516550018875,809.556172224728,4314.04553416218
247,247.0,1.0,1.0,1.0,1.0,2.0,2.0,1.0,1.0,0.5,0.7,1.0,1.0,30.0,-549.4182995853386,190.19516550018875,1260.9035144681432,2978.5506517410463
248,248.0,1.0,1.0,1.0,1.0,2.0,3.0,1.0,1.0,0.2,1.0,0.7,0.9,30.0,-168.49192759016455,190.19516550018875,1145.6240041277003,1567.7831845493306
249,249.0,1.0,1.0,1.0,1.0,1.0,2.0,1.0,1.0,0.2,0.9,0.9,1.0,30.0,-513.2983207289396,190.19516550018875,1323.239251021329,1643.0557693199135
250,250.0,1.0,1.0,1.0,1.0,1.0,2.0,0.0,1.0,1.0,0.8,0.8,0.9,50.0,-311.0640146352685,165.6091073884545,879.3436122247281,4534.465342908523
251,251.0,1.0,1.0,1.0,1.0,2.0,2.0,0.0,1.0,0.2,0.8,0.7,1.0,40.0,323.12545396379045,190.19516550018875,839.2131006966371,1643.0557693199135
252,252.0,1.0,1.0,1.0,1.0,2.0,2.0,0.0,1.0,0.6,1.0,0.8,0.9,60.0,570.430194217459,190.19516550018875,1018.9184922247282,3348.44302777751
253,253.0,1.0,1.0,1.0,1.0,1.0,2.0,1.0,1.0,0.3,0.9,0.9,0.9,30.0,-619.561067177428,190.19516550018875,1323.239251021329,2012.9481453563756
254,254.0,1.0,1.0,1.0,1.0,1.0,3.0,0.0,1.0,0.1,0.9,0.8,0.9,60.0,907.402062073604,190.19516550018875,865.4990922247281,1122.6182237422863
255,255.0,1.0,1.0,1.0,1.0,1.0,2.0,1.0,1.0,0.8,0.9,0.8,0.9,50.0,-296.96512413481594,190.19516550018875,1246.0001075745145,4238.772949391597
256,256.0,1.0,1.0,1.0,1.0,2.0,3.0,0.0,1.0,0.6,0.9,1.0,1.0,50.0,243.64907224318313,190.19516550018875,945.76011528091,3423.7156125480915
257,257.0,1.0,1.0,1.0,1.0,1.0,1.0,1.0,1.0,0.4,1.0,0.8,1.0,50.0,-16.394146127759786,190.19516550018875,1373.3231475745145,2533.3856909340016
258,258.0,1.0,1.0,1.0,1.0,2.0,3.0,1.0,1.0,0.7,0.8,0.8,1.0,60.0,446.10426571505525,190.19516550018875,1101.8731475745146,3868.8805733551358
259,259.0,1.0,1.0,1.0,1.0,2.0,3.0,0.0,1.0,0.6,0.8,0.9,1.0,40.0,-51.39653286899393,190.19516550018875,845.1346037528192,3423.7156125480915
260,260.0,1.0,1.0,1.0,1.0,2.0,1.0,0.0,1.0,0.5,1.0,0.8,0.9,30.0,-447.6722521837387,190.19516550018875,1076.4540922247281,2903.2780669704653
261,261.0,1.0,1.0,1.0,1.0,1.0,3.0,0.0,1.0,0.3,0.8,1.0,0.9,30.0,-363.00080630030124,190.19516550018875,885.2651152809101,2012.9481453563756
262,262.0,1.0,1.0,1.0,1.0,2.0,1.0,0.0,1.0,0.6,0.7,0.9,0.9,30.0,-456.30117836519736,161.72900002702133,889.961603752819,2859.758616301342
263,263.0,1.0,1.0,1.0,1.0,1.0,3.0,0.0,1.0,0.2,0.8,0.9,0.9,60.0,824.2826151560776,190.19516550018875,845.1346037528192,1567.7831845493306
264,264.0,1.0,1.0,1.0,1.0,2.0,1.0,1.0,1.0,0.2,0.7,1.0,0.9,60.0,798.8570986381479,190.19516550018875,1301.178434468143,1567.7831845493306
265,265.0,1.0,1.0,1.0,1.0,2.0,1.0,1.0,1.0,0.7,0.7,0.7,1.0,40.0,-255.35023600877057,190.19516550018875,1069.4610041277003,3868.8805733551358
266,266.0,1.0,1.0,1.0,1.0,1.0,1.0,1.0,1.0,1.0,0.9,0.7,1.0,50.0,-508.82585700960783,164.33147700228596,1220.5430041277004,4552.290242087375
267,267.0,1.0,1.0,1.0,1.0,2.0,3.0,1.0,1.0,0.9,0.9,0.7,1.0,40.0,-466.37310353468575,162.37515352012838,1085.1290041277005,4097.585006641488
268,268.0,1.0,1.0,1.0,1.0,1.0,1.0,1.0,1.0,0.6,0.7,0.9,0.9,40.0,-460.87211465537507,190.19516550018875,1223.939291021329,3348.44302777751
269,269.0,1.0,1.0,1.0,1.0,1.0,1.0,1.0,1.0,0.1,1.0,1.0,1.0,40.0,-184.08594457891695,190.19516550018875,1527.801434468143,1197.8908085128685
270,270.0,1.0,1.0,1.0,1.0,1.0,3.0,0.0,1.0,0.5,0.8,0.7,1.0,50.0,231.58990953459656,190.19516550018875,764.8735806966372,2978.5506517410463
271,271.0,1.0,1.0,1.0,1.0,1.0,3.0,0.0,1.0,0.4,1.0,0.7,0.9,30.0,-485.3001303436384,162.37515352012838,885.863580696637,2098.3815274033846
272,272.0,1.0,1.0,1.0,1.0,1.0,1.0,1.0,1.0,0.3,0.8,0.8,0.9,40.0,-175.46941343161652,190.19516550018875,1222.2411475745146,2012.9481453563756
273,273.0,1.0,1.0,1.0,1.0,1.0,3.0,1.0,1.0,0.7,0.8,0.8,0.9,60.0,242.74901911776254,190.19516550018875,1101.8731475745146,3793.6079885845534
274,274.0,1.0,1.0,1.0,1.0,1.0,3.0,1.0,1.0,0.2,0.8,1.0,1.0,50.0,245.00477074977957,190.19516550018875,1256.3514344681432,1643.0557693199135
275,275.0,1.0,1.0,1.0,1.0,1.0,1.0,0.0,1.0,0.7,0.7,1.0,1.0,50.0,-65.59577524356321,190.19516550018875,930.09211528091,3868.8805733551358
276,276.0,1.0,1.0,1.0,1.0,2.0,3.0,1.0,1.0,0.1,0.8,0.8,1.0,30.0,-65.4296235702827,190.19516550018875,1101.8731475745146,1197.8908085128685
277,277.0,1.0,1.0,1.0,1.0,2.0,3.0,1.0,1.0,0.7,0.7,0.8,0.9,50.0,140.32624956148842,190.19516550018875,1041.3781475745143,3793.6079885845534
278,278.0,1.0,1.0,1.0,1.0,1.0,2.0,0.0,1.0,0.1,0.8,0.8,1.0,50.0,525.7862629651706,190.19516550018875,879.3436122247281,1197.8908085128685
279,279.0,1.0,1.0,1.0,1.0,1.0,2.0,1.0,1.0,0.5,1.0,1.0,1.0,50.0,-161.0917311999142,190.19516550018875,1470.2658344681429,2978.5506517410463
280,280.0,1.0,1.0,1.0,1.0,2.0,2.0,1.0,1.0,0.8,0.8,0.9,1.0,50.0,-94.89588555608807,190.19516550018875,1253.4518110213291,4314.04553416218
281,281.0,1.0,1.0,1.0,1.0,1.0,3.0,1.0,1.0,0.2,0.9,0.9,0.9,60.0,623.5053113383566,190.19516550018875,1239.607291021329,1567.7831845493306
282,282.0,1.0,1.0,1.0,1.0,1.0,3.0,1.0,1.0,0.8,0.7,0.7,1.0,50.0,-142.60644106815457,190.19516550018875,964.1390041277003,4314.04553416218
283,283.0,1.0,1.0,1.0,1.0,1.0,2.0,0.0,1.0,0.3,0.7,0.8,1.0,30.0,-331.88358645428906,190.19516550018875,809.556172224728,2088.2207301269577
284,284.0,1.0,1.0,1.0,1.0,1.0,1.0,0.0,1.0,0.7,0.9,1.0,1.0,30.0,-937.3305150926631,56.00568523776178,1081.17411528091,1153.7997197168813
285,285.0,1.0,1.0,1.0,1.0,2.0,1.0,1.0,1.0,0.5,1.0,1.0,1.0,30.0,-731.9181037467532,190.19516550018875,1527.801434468143,2978.5506517410463
286,286.0,1.0,1.0,1.0,1.0,1.0,3.0,1.0,1.0,0.6,0.7,0.9,0.9,30.0,-834.6269213929774,76.65202721380695,1118.617291021329,1302.358448129603
287,287.0,1.0,1.0,1.0,1.0,2.0,2.0,1.0,1.0,0.1,0.8,0.7,1.0,40.0,286.09277645466915,190.19516550018875,1098.9735241277006,1197.8908085128685
288,288.0,1.0,1.0,1.0,1.0,2.0,3.0,1.0,1.0,0.6,0.8,0.9,1.0,30.0,-633.8918434416086,159.76563690605562,1179.1122910213292,2877.593343510784
289,289.0,1.0,1.0,1.0,1.0,2.0,1.0,0.0,1.0,0.6,0.8,1.0,1.0,30.0,-556.6354650512633,159.76563690605562,1005.6331152809101,2877.593343510784
290,290.0,1.0,1.0,1.0,1.0,1.0,3.0,1.0,1.0,0.8,1.0,0.7,0.9,60.0,124.55920349164286,190.19516550018875,1145.6240041277003,4238.772949391597
291,291.0,1.0,1.0,1.0,1.0,1.0,2.0,0.0,1.0,0.7,0.7,1.0,0.9,50.0,-25.010909353706083,190.19516550018875,889.81719528091,3793.6079885845534
292,292.0,1.0,1.0,1.0,1.0,2.0,3.0,0.0,1.0,0.7,1.0,1.0,0.9,60.0,485.6681288266358,190.19516550018875,1006.2551152809101,3793.6079885845534
293,293.0,1.0,1.0,1.0,1.0,1.0,3.0,1.0,1.0,0.5,0.7,1.0,1.0,40.0,-354.3502440308012,190.19516550018875,1195.8564344681429,2978.5506517410463
294,294.0,1.0,1.0,1.0,1.0,1.0,3.0,1.0,1.0,0.3,1.0,0.8,1.0,50.0,172.19612531491268,190.19516550018875,1222.8631475745144,2088.2207301269577
295,295.0,1.0,1.0,1.0,1.0,1.0,1.0,0.0,1.0,1.0,1.0,0.8,1.0,40.0,-867.6900536583072,76.65202721380695,1076.4540922247281,2029.383819471238
296,296.0,1.0,1.0,1.0,1.0,2.0,2.0,1.0,1.0,0.3,1.0,0.7,1.0,40.0,20.20574283477708,190.19516550018875,1238.5484041277002,2088.2207301269577
297,297.0,1.0,1.0,1.0,1.0,1.0,3.0,0.0,1.0,0.8,0.9,0.9,0.9,50.0,-121.10337865750847,190.19516550018875,905.6296037528191,4238.772949391597
298,298.0,1.0,1.0,1.0,1.0,2.0,1.0,1.0,1.0,0.2,1.0,0.7,1.0,50.0,429.8611034594394,190.19516550018875,1296.0840041277004,1643.0557693199135
299,299.0,1.0,1.0,1.0,1.0,1.0,2.0,1.0,1.0,0.9,0.9,0.8,0.9,50.0,-393.1018163943579,190.19516550018875,1246.0001075745145,4683.937910198643
300,300.0,1.0,1.0,1.0,1.0,1.0,2.0,1.0,1.0,0.6,0.8,0.9,1.0,30.0,-941.6104300537243,76.65202721380695,1253.4518110213291,1330.6011669452225
301,301.0,1.0,1.0,1.0,1.0,2.0,1.0,1.0,1.0,0.6,0.9,0.9,1.0,50.0,16.94455720027308,190.19516550018875,1375.0212910213293,3423.7156125480915
302,302.0,1.0,1.0,1.0,1.0,1.0,2.0,1.0,1.0,0.6,0.8,0.9,0.9,30.0,-928.822026421819,76.65202721380695,1253.4518110213291,1302.358448129603
303,303.0,1.0,1.0,1.0,1.0,2.0,2.0,0.0,1.0,0.6,0.9,0.9,1.0,60.0,570.7617440729795,190.19516550018875,989.261563752819,3423.7156125480915
304,304.0,1.0,1.0,1.0,1.0,2.0,2.0,0.0,1.0,0.2,0.9,0.8,1.0,40.0,256.0211493133722,190.19516550018875,949.1310522247281,1643.0557693199135
305,305.0,1.0,1.0,1.0,1.0,2.0,1.0,1.0,1.0,1.0,1.0,0.7,1.0,60.0,45.99960688523214,190.19516550018875,1296.0840041277004,5204.37545577627
306,306.0,1.0,1.0,1.0,1.0,2.0,3.0,0.0,1.0,0.7,1.0,0.8,0.9,40.0,-174.7433848334869,190.19516550018875,925.9940922247281,3793.6079885845534
307,307.0,1.0,1.0,1.0,1.0,2.0,3.0,1.0,1.0,0.9,0.9,0.8,1.0,40.0,-517.5598322210512,162.37515352012838,1162.3681475745145,4097.585006641488
308,308.0,1.0,1.0,1.0,1.0,2.0,1.0,1.0,1.0,0.3,0.9,1.0,1.0,50.0,248.74625602010371,190.19516550018875,1452.260434468143,2088.2207301269577
309,309.0,1.0,1.0,1.0,1.0,1.0,1.0,0.0,1.0,1.0,0.9,0.8,0.9,60.0,-11.050070269227717,190.19516550018875,1000.9130922247281,5129.102871005686
310,310.0,1.0,1.0,1.0,1.0,2.0,1.0,1.0,1.0,1.0,0.8,0.9,1.0,60.0,46.06915035682085,190.19516550018875,1299.480291021329,5204.37545577627
311,311.0,1.0,1.0,1.0,1.0,2.0,3.0,0.0,1.0,0.3,0.7,0.7,1.0,30.0,-41.35121671843021,190.19516550018875,704.3785806966371,2088.2207301269577
312,312.0,1.0,1.0,1.0,1.0,1.0,1.0,0.0,1.0,0.9,0.9,1.0,0.9,60.0,30.14783123346812,190.19516550018875,1081.17411528091,4683.937910198643
313,313.0,1.0,1.0,1.0,1.0,1.0,1.0,0.0,1.0,0.7,0.7,0.8,0.9,50.0,1.5675375933202296,190.19516550018875,849.8310922247281,3793.6079885845534
314,314.0,1.0,1.0,1.0,1.0,1.0,2.0,1.0,1.0,0.9,0.7,1.0,0.9,30.0,-1152.420717314151,56.00568523776178,1260.9035144681432,1403.1316233539267
315,315.0,1.0,1.0,1.0,1.0,2.0,1.0,0.0,1.0,0.7,0.7,1.0,0.9,30.0,-607.8164039162672,125.8698881345785,930.09211528091,2438.54365729845
316,316.0,1.0,1.0,1.0,1.0,2.0,3.0,1.0,1.0,0.1,0.8,0.8,0.9,40.0,303.6410176495213,190.19516550018875,1101.8731475745146,1122.6182237422863
317,317.0,1.0,1.0,1.0,1.0,1.0,1.0,0.0,1.0,0.2,0.9,0.9,1.0,30.0,-377.24804285277787,190.19516550018875,1041.043603752819,1643.0557693199135
318,318.0,1.0,1.0,1.0,1.0,1.0,3.0,1.0,1.0,0.8,0.8,0.9,1.0,60.0,90.75845642663245,190.19516550018875,1179.1122910213292,4314.04553416218
319,319.0,1.0,1.0,1.0,1.0,2.0,2.0,0.0,1.0,1.0,0.9,0.9,0.9,50.0,-142.6384892536194,190.19516550018875,989.261563752819,5129.102871005686
320,320.0,1.0,1.0,1.0,1.0,2.0,2.0,1.0,1.0,0.9,0.9,0.8,0.9,30.0,-979.9694781840552,76.65202721380695,1246.0001075745145,1826.4454375241146
321,321.0,1.0,1.0,1.0,1.0,2.0,3.0,0.0,1.0,0.5,1.0,1.0,1.0,50.0,300.77367592097954,190.19516550018875,1006.2551152809101,2978.5506517410463
322,322.0,1.0,1.0,1.0,1.0,1.0,3.0,1.0,1.0,1.0,0.7,0.8,1.0,60.0,-16.352115400146136,190.19516550018875,1041.3781475745143,5204.37545577627
323,323.0,1.0,1.0,1.0,1.0,1.0,2.0,0.0,1.0,0.8,0.9,0.9,0.9,50.0,-174.987858886675,190.19516550018875,989.261563752819,4238.772949391597
324,324.0,1.0,1.0,1.0,1.0,1.0,3.0,1.0,1.0,1.0,0.8,0.7,1.0,40.0,-799.6011649744818,76.65202721380695,1024.6340041277006,2029.383819471238
325,325.0,1.0,1.0,1.0,1.0,1.0,2.0,1.0,1.0,0.3,0.8,0.7,0.9,60.0,608.0192728539026,190.19516550018875,1098.9735241277006,2012.9481453563756
326,326.0,1.0,1.0,1.0,1.0,1.0,3.0,0.0,1.0,0.2,0.9,0.8,1.0,50.0,446.5888188025381,190.19516550018875,865.4990922247281,1643.0557693199135
327,327.0,1.0,1.0,1.0,1.0,1.0,2.0,0.0,1.0,0.1,0.7,0.8,1.0,30.0,-142.63862602969039,190.19516550018875,809.556172224728,1197.8908085128685
328,328.0,1.0,1.0,1.0,1.0,1.0,1.0,1.0,1.0,0.1,0.9,0.8,0.9,50.0,318.70153340875856,190.19516550018875,1297.7821475745145,1122.6182237422863
329,329.0,1.0,1.0,1.0,1.0,1.0,3.0,1.0,1.0,0.3,0.8,0.7,1.0,30.0,-436.8540739168324,190.19516550018875,1024.6340041277006,2088.2207301269577
330,330.0,1.0,1.0,1.0,1.0,2.0,1.0,1.0,1.0,0.1,1.0,0.7,1.0,30.0,-187.36667660225785,190.19516550018875,1296.0840041277004,1197.8908085128685
331,331.0,1.0,1.0,1.0,1.0,1.0,3.0,0.0,1.0,0.9,0.8,0.9,1.0,50.0,-195.33682951985708,190.19516550018875,845.1346037528192,4759.210494969224
332,332.0,1.0,1.0,1.0,1.0,2.0,3.0,0.0,1.0,0.2,0.9,0.8,0.9,40.0,324.12593353954674,190.19516550018875,865.4990922247281,1567.7831845493306
333,333.0,1.0,1.0,1.0,1.0,2.0,3.0,1.0,1.0,0.1,0.8,0.9,0.9,50.0,613.507943029255,190.19516550018875,1179.1122910213292,1122.6182237422863
334,334.0,1.0,1.0,1.0,1.0,1.0,1.0,0.0,1.0,0.7,0.8,0.8,1.0,60.0,298.5278058516471,190.19516550018875,925.372092224728,3868.8805733551358
335,335.0,1.0,1.0,1.0,1.0,2.0,3.0,0.0,1.0,0.6,1.0,0.9,1.0,50.0,234.83165157578165,190.19516550018875,966.124603752819,3423.7156125480915
336,336.0,1.0,1.0,1.0,1.0,2.0,3.0,1.0,1.0,0.8,0.7,0.7,1.0,40.0,-283.16907729183623,190.19516550018875,964.1390041277003,4314.04553416218
337,337.0,1.0,1.0,1.0,1.0,2.0,1.0,1.0,1.0,0.7,0.8,0.7,0.9,30.0,-721.2772493180832,125.8698881345785,1145.0020041277005,2438.54365729845
338,338.0,1.0,1.0,1.0,1.0,1.0,1.0,0.0,1.0,1.0,0.8,0.7,0.9,50.0,-314.46974624570765,165.6091073884545,885.2415806966371,4534.465342908523
339,339.0,1.0,1.0,1.0,1.0,2.0,1.0,0.0,1.0,0.2,0.9,0.9,0.9,40.0,211.09230811104305,190.19516550018875,1041.043603752819,1567.7831845493306
340,340.0,1.0,1.0,1.0,1.0,1.0,2.0,1.0,1.0,0.9,0.8,0.7,1.0,40.0,-758.0920059313678,110.97419287326649,1098.9735241277006,2674.793976041782
341,341.0,1.0,1.0,1.0,1.0,2.0,2.0,0.0,1.0,0.7,0.7,1.0,0.9,50.0,193.8232588325878,190.19516550018875,889.81719528091,3793.6079885845534
342,342.0,1.0,1.0,1.0,1.0,1.0,3.0,1.0,1.0,0.2,1.0,1.0,0.9,40.0,-165.19924567961942,190.19516550018875,1377.341434468143,1567.7831845493306
343,343.0,1.0,1.0,1.0,1.0,2.0,2.0,0.0,1.0,0.4,1.0,0.7,1.0,40.0,57.121214168174646,190.19516550018875,978.7879806966371,2533.3856909340016
344,344.0,1.0,1.0,1.0,1.0,2.0,1.0,0.0,1.0,0.5,0.7,1.0,0.9,40.0,-2.47654619641234,190.19516550018875,930.09211528091,2903.2780669704653
345,345.0,1.0,1.0,1.0,1.0,2.0,2.0,1.0,1.0,1.0,0.8,1.0,1.0,40.0,-758.645622117324,139.8768078323413,1330.6909544681432,3774.104130567303
346,346.0,1.0,1.0,1.0,1.0,2.0,1.0,0.0,1.0,1.0,0.8,0.8,1.0,40.0,-516.9634079517201,139.8768078323413,925.372092224728,3774.104130567303
347,347.0,1.0,1.0,1.0,1.0,1.0,3.0,1.0,1.0,0.5,1.0,1.0,1.0,30.0,-926.4800352971853,113.418486506286,1377.341434468143,1704.616752900636
348,348.0,1.0,1.0,1.0,1.0,2.0,1.0,0.0,1.0,0.4,0.7,1.0,0.9,40.0,90.05537767786895,190.19516550018875,930.09211528091,2458.11310616342
349,349.0,1.0,1.0,1.0,1.0,2.0,2.0,0.0,1.0,0.7,1.0,0.8,1.0,40.0,-249.30711783097078,190.19516550018875,1018.9184922247282,3868.8805733551358
350,350.0,1.0,1.0,1.0,1.0,2.0,1.0,1.0,1.0,0.9,1.0,0.9,1.0,40.0,-718.2619299520047,162.37515352012838,1450.5622910213292,4097.585006641488
351,351.0,1.0,1.0,1.0,1.0,1.0,2.0,0.0,1.0,1.0,0.9,0.9,0.9,50.0,-379.5622797993833,165.6091073884545,989.261563752819,4534.465342908523
352,352.0,1.0,1.0,1.0,1.0,2.0,1.0,1.0,1.0,1.0,0.8,0.9,1.0,30.0,-1106.6870698993978,56.00568523776178,1299.480291021329,1559.0351370599183
353,353.0,1.0,1.0,1.0,1.0,2.0,2.0,0.0,1.0,0.1,0.7,0.9,1.0,60.0,1112.5665629651403,190.19516550018875,849.6866837528191,1197.8908085128685
354,354.0,1.0,1.0,1.0,1.0,2.0,3.0,0.0,1.0,1.0,0.7,0.8,1.0,40.0,-389.3229282279059,139.8768078323413,744.509092224728,3774.104130567303
355,355.0,1.0,1.0,1.0,1.0,1.0,3.0,1.0,1.0,0.5,0.7,1.0,0.9,30.0,-789.1041427458365,116.63605138586409,1195.8564344681429,1712.7727904674457
356,356.0,1.0,1.0,1.0,1.0,1.0,2.0,0.0,1.0,0.4,1.0,0.8,1.0,40.0,-187.74011621250833,190.19516550018875,1018.9184922247282,2533.3856909340016
357,357.0,1.0,1.0,1.0,1.0,1.0,1.0,1.0,1.0,0.3,1.0,0.9,1.0,60.0,385.6578392346932,190.19516550018875,1450.5622910213292,2088.2207301269577
358,358.0,1.0,1.0,1.0,1.0,2.0,1.0,0.0,1.0,1.0,0.7,0.9,0.9,40.0,-479.4958805108084,152.15204559618388,889.961603752819,4097.117087408701
359,359.0,1.0,1.0,1.0,1.0,2.0,3.0,1.0,1.0,0.8,0.8,0.7,1.0,50.0,42.36351304634779,190.19516550018875,1024.6340041277006,4314.04553416218
360,360.0,1.0,1.0,1.0,1.0,2.0,3.0,0.0,1.0,0.2,0.8,0.8,1.0,40.0,344.6639122234972,190.19516550018875,805.0040922247281,1643.0557693199135
361,361.0,1.0,1.0,1.0,1.0,2.0,2.0,0.0,1.0,0.9,0.9,0.8,1.0,50.0,-37.05068020518183,190.19516550018875,949.1310522247281,4759.210494969224
362,362.0,1.0,1.0,1.0,1.0,1.0,2.0,0.0,1.0,0.5,0.8,0.9,0.9,60.0,500.573634219307,190.19516550018875,919.474123752819,2903.2780669704653
363,363.0,1.0,1.0,1.0,1.0,1.0,2.0,1.0,1.0,0.6,1.0,1.0,1.0,40.0,-625.8673890294901,190.19516550018875,1470.2658344681429,3423.7156125480915
364,364.0,1.0,1.0,1.0,1.0,2.0,3.0,0.0,1.0,0.7,0.8,0.9,1.0,50.0,212.2741973402434,190.19516550018875,845.1346037528192,3868.8805733551358
365,365.0,1.0,1.0,1.0,1.0,2.0,1.0,1.0,1.0,0.3,0.8,0.8,0.9,30.0,-313.2972040796011,190.19516550018875,1222.2411475745146,2012.9481453563756
366,366.0,1.0,1.0,1.0,1.0,2.0,2.0,0.0,1.0,0.4,0.9,0.7,0.9,50.0,467.0813350650585,190.19516550018875,909.000540696637,2458.11310616342
367,367.0,1.0,1.0,1.0,1.0,2.0,1.0,1.0,1.0,1.0,0.8,0.8,0.9,30.0,-1045.1752372728113,56.00568523776178,1222.2411475745146,1538.2100958016053
368,368.0,1.0,1.0,1.0,1.0,2.0,2.0,0.0,1.0,0.3,0.9,0.7,0.9,30.0,-150.69182628587862,190.19516550018875,909.000540696637,2012.9481453563756
369,369.0,1.0,1.0,1.0,1.0,1.0,2.0,1.0,1.0,0.5,0.7,0.8,0.9,40.0,-291.7780572508168,190.19516550018875,1106.4252275745146,2903.2780669704653
370,370.0,1.0,1.0,1.0,1.0,1.0,2.0,1.0,1.0,0.7,1.0,1.0,0.9,50.0,-333.57337395807195,190.19516550018875,1470.2658344681429,3793.6079885845534
371,371.0,1.0,1.0,1.0,1.0,1.0,2.0,0.0,1.0,0.2,1.0,0.8,1.0,50.0,351.99153811077565,190.19516550018875,1018.9184922247282,1643.0557693199135
372,372.0,1.0,1.0,1.0,1.0,2.0,3.0,1.0,1.0,0.7,0.8,1.0,1.0,40.0,-357.4858765067873,190.19516550018875,1256.3514344681432,3868.8805733551358
373,373.0,1.0,1.0,1.0,1.0,2.0,2.0,1.0,1.0,0.1,0.8,0.8,0.9,50.0,610.3926845093985,190.19516550018875,1176.2126675745146,1122.6182237422863
374,374.0,1.0,1.0,1.0,1.0,1.0,3.0,0.0,1.0,0.9,0.9,0.8,0.9,60.0,169.59091514437588,190.19516550018875,865.4990922247281,4683.937910198643
375,375.0,1.0,1.0,1.0,1.0,1.0,1.0,0.0,1.0,0.2,0.9,0.9,0.9,40.0,-6.58808925547098,190.19516550018875,1041.043603752819,1567.7831845493306
376,376.0,1.0,1.0,1.0,1.0,1.0,3.0,0.0,1.0,1.0,0.8,0.8,0.9,60.0,111.2509626447397,190.19516550018875,805.0040922247281,5129.102871005686
377,377.0,1.0,1.0,1.0,1.0,2.0,2.0,0.0,1.0,0.1,1.0,0.8,0.9,30.0,-33.12209776983474,190.19516550018875,1018.9184922247282,1122.6182237422863
378,378.0,1.0,1.0,1.0,1.0,1.0,1.0,1.0,1.0,0.9,0.9,0.7,1.0,50.0,-396.8283660868472,190.19516550018875,1220.5430041277004,4759.210494969224
379,379.0,1.0,1.0,1.0,1.0,1.0,3.0,1.0,1.0,1.0,0.8,0.8,0.9,30.0,-1113.337812048635,56.00568523776178,1101.8731475745146,1538.2100958016053
380,380.0,1.0,1.0,1.0,1.0,1.0,3.0,0.0,1.0,0.5,0.7,0.7,1.0,60.0,621.1454464891773,190.19516550018875,704.3785806966371,2978.5506517410463
381,381.0,1.0,1.0,1.0,1.0,1.0,2.0,0.0,1.0,1.0,0.9,0.9,1.0,60.0,621.1454464891773,190.19516550018875,704.3785806966371,2978.5506517410463
382,382.0,1.0,1.0,1.0,1.0,2.0,1.0,0.0,1.0,0.9,0.7,0.7,0.9,30.0,621.1454464891773,190.19516550018875,704.3785806966371,2978.5506517410463
383,383.0,1.0,1.0,1.0,1.0,1.0,1.0,0.0,1.0,0.5,1.0,0.8,0.9,40.0,-304.0059666816115,190.19516550018875,1076.4540922247281,2903.2780669704653
384,384.0,1.0,1.0,1.0,1.0,1.0,2.0,1.0,1.0,0.7,0.8,1.0,1.0,40.0,-678.1544399866921,162.37515352012838,1330.6909544681432,3322.2459927029736
385,385.0,1.0,1.0,1.0,1.0,2.0,3.0,0.0,1.0,0.8,1.0,0.9,1.0,40.0,-311.4667845474147,190.19516550018875,966.124603752819,4314.04553416218
386,386.0,1.0,1.0,1.0,1.0,2.0,1.0,0.0,1.0,0.3,0.7,0.7,0.9,50.0,615.1947174603149,190.19516550018875,809.700580696637,2012.9481453563756
387,387.0,1.0,1.0,1.0,1.0,1.0,1.0,1.0,1.0,0.2,0.7,0.8,1.0,40.0,-53.06714308043364,190.19516550018875,1146.7001475745144,1643.0557693199135
388,388.0,1.0,1.0,1.0,1.0,1.0,2.0,1.0,1.0,0.9,1.0,0.8,0.9,60.0,-73.00104824625676,190.19516550018875,1315.7875475745145,4683.937910198643
389,389.0,1.0,1.0,1.0,1.0,2.0,3.0,0.0,1.0,0.5,0.9,0.8,0.9,60.0,757.1019676704578,190.19516550018875,865.4990922247281,2903.2780669704653
390,390.0,1.0,1.0,1.0,1.0,2.0,2.0,1.0,1.0,0.4,0.8,0.8,1.0,30.0,-392.9628806102954,190.19516550018875,1176.2126675745146,2533.3856909340016
391,391.0,1.0,1.0,1.0,1.0,2.0,2.0,0.0,1.0,0.4,0.7,0.8,0.9,30.0,-188.38904310015488,190.19516550018875,809.556172224728,2458.11310616342
392,392.0,1.0,1.0,1.0,1.0,1.0,2.0,0.0,1.0,0.6,1.0,0.7,0.9,50.0,23.67667054475542,190.19516550018875,978.7879806966371,3348.44302777751
393,393.0,1.0,1.0,1.0,1.0,2.0,2.0,0.0,1.0,0.2,0.7,0.8,1.0,40.0,337.8964500494716,190.19516550018875,809.556172224728,1643.0557693199135
394,394.0,1.0,1.0,1.0,1.0,1.0,2.0,1.0,1.0,0.8,0.8,1.0,0.9,50.0,-345.57764637293775,190.19516550018875,1330.6909544681432,4238.772949391597
395,395.0,1.0,1.0,1.0,1.0,2.0,2.0,1.0,1.0,0.1,0.8,0.8,0.9,30.0,-98.68723456682345,190.19516550018875,1176.2126675745146,1122.6182237422863
396,396.0,1.0,1.0,1.0,1.0,1.0,3.0,0.0,1.0,0.1,1.0,0.7,0.9,30.0,-165.20743009183636,190.19516550018875,885.863580696637,1122.6182237422863
397,397.0,1.0,1.0,1.0,1.0,2.0,1.0,0.0,1.0,0.7,0.8,1.0,1.0,50.0,108.71029583619865,190.19516550018875,1005.6331152809101,3868.8805733551358
398,398.0,1.0,1.0,1.0,1.0,2.0,1.0,0.0,1.0,0.6,0.7,0.9,0.9,60.0,641.2545343163763,190.19516550018875,889.961603752819,3348.44302777751
399,399.0,1.0,1.0,1.0,1.0,1.0,2.0,1.0,1.0,0.3,0.8,0.8,0.9,30.0,-521.4766432268297,190.19516550018875,1176.2126675745146,2012.9481453563756
