,ID,VPN,I_SENSI_CAPEX_FACIL ,I_SENSI_CAPEX_PERFO,Unc_MultPreciobaseValorGas,E_Brent,Unc_MultCAPEXPerfo_palagua,D_CANT_TALADROS_INFILL,D_CANT_TALADROS_WF,D_TIPO_COMPLET_INFILL_WF,D_TIPO_COMPLET_V,D_DLLO_INFILL_B_123,D_DLLO_INFILL_B_456,D_DLLO_INFILL_B_7,D_DLLO_INFILL_B_CAIPAL,D_DLLO_INFILL_B_89,D_DLLO_PILOTO,D_CAPEX_FACILIDADES,VOL_TEC_TOTAL_OIL,VOL_TEC_INCREMENTAL,VOL_TEC_TOTAL_GAS,VOL_TEC_TOTAL_WATER,D_DLLO_IAV_456,D_DLLO_IAV_7,D_DLLO_IAV_123,D_DLLO_WF_CAIPAL,D_DLLO_WF_456,D_DLLO_WF_7,D_DLLO_WF_123,D_DLLO_WF_89,EFI_55,Lif_Cost_55,Dev_Cost_55,Vol_tol_le_55,Total_capex,Total_opex
0,0,-117812.8844,1.0,0.9,0.7,40,0.9,2,1,0,0,1,1,1,0,1,1,0,95.40259085475773,74.3088138563091,31.49855662111176,736.867146230962,1.0,1.0,1.0,0.0,0.0,1.0,1.0,0.0,0.0,9.1713,16.8439,68363.71978937149,1189.9493487907,1493.5969882
1,1,-93057.0196,1.0,0.8,0.5,50,1.0,2,1,0,0,1,1,1,0,1,1,0,70.82058636044253,51.41188823635825,29.832888000877986,730.6875867895341,0.0,1.0,1.0,0.0,1.0,1.0,0.0,0.0,0.0,11.6897,21.353,47919.519837743734,1069.1126648466,1409.5168035
2,2,-57050.6848,0.9,0.9,0.3,40,1.0,2,1,0,0,1,1,1,0,1,1,0,52.7361783108667,30.78121114908843,30.909773255596342,792.30456645306,0.0,0.0,0.0,0.0,1.0,1.0,0.0,0.0,0.0,9.8062,15.7632,29134.49566931607,494.8511774544,1062.3536096
3,3,-271012.8527,0.8,1.0,0.6,30,0.9,2,1,0,0,1,1,1,0,1,1,0,72.1240068189641,52.204452031172295,34.30560000761274,1019.6482866433769,1.0,0.0,0.0,0.0,1.0,1.0,1.0,0.0,0.0,7.7837,20.4369,43818.693375561794,946.7876035645,1186.0993748
4,4,59369.4593,0.7,0.8,0.7,60,1.0,2,1,0,0,1,1,1,0,1,1,0,46.06119070529086,27.458803873144326,27.26825946110487,657.6834525820864,0.0,0.0,0.0,0.0,1.0,1.0,0.0,0.0,0.46723133770858366,13.7194,16.061,27210.507334933776,471.0643773951,1063.5890925
5,5,72258.8285,0.8,0.8,1.0,60,0.9,2,1,0,0,1,1,1,0,1,1,0,39.817281587555456,19.617312506426394,21.921594607126146,589.2963813583374,0.0,0.0,0.0,0.0,0.0,1.0,0.0,0.0,0.6197160876561153,7.0804,18.467,15990.460144939065,318.5269520825,925.8682262
6,6,56868.1342,0.7,0.8,0.6,50,0.9,2,1,0,0,1,1,1,0,1,1,0,47.22511077546299,26.889742466914868,26.698628904211915,685.4834663187482,0.0,0.0,0.0,0.0,0.0,0.0,1.0,0.0,0.5093614232908358,9.3533,13.6989,26548.351024976262,391.5244218796,885.816676
7,7,-253190.3034,0.9,0.9,0.3,30,0.9,2,1,0,0,1,1,1,0,1,1,0,50.52644865146446,32.047545918327856,21.803940109448657,482.09150889855607,0.0,1.0,1.0,0.0,0.0,0.0,0.0,0.0,0.0,9.6849,25.6481,28843.972651464683,776.7476796456,1099.4218747
8,8,-289349.9778,0.7,1.0,1.0,30,0.9,2,1,0,0,1,1,1,0,1,1,0,55.55033097080049,36.361898893698765,26.517302019366703,693.6934476616016,0.0,1.0,0.0,0.0,1.0,0.0,0.0,0.0,0.0,7.8378,27.5176,28043.465417038897,812.5692389813,1202.8684688
9,9,-134728.1752,0.8,1.0,0.1,30,1.0,2,1,0,0,1,1,1,0,1,1,0,47.11781903193929,29.45055920431667,27.941505075882162,799.0698163824045,0.0,0.0,0.0,0.0,1.0,1.0,0.0,0.0,0.0,9.9589,16.1405,26184.292817261987,453.7779064506,1055.8044033
10,10,60460.0465,1.0,0.7,0.4,50,0.9,2,1,0,0,1,1,1,0,1,1,0,32.92041586983868,17.160632518147285,18.760821283265564,414.6600542950466,0.0,0.0,0.0,0.0,0.0,0.0,0.0,0.0,0.626315283739492,7.9907,13.8383,16081.672471787297,240.4876531892,834.640887
11,11,-33684.1673,0.8,1.0,0.5,30,0.9,2,1,0,0,1,1,1,0,1,1,0,39.30236900217555,18.025595875564917,21.721780406109552,442.36064209860035,0.0,0.0,0.0,0.0,0.0,0.0,0.0,0.0,0.0,6.7254,12.7993,17304.95218659554,239.2548366169,839.325793
12,12,-271587.3689,0.9,0.8,0.7,40,1.0,2,1,0,0,1,1,1,0,1,1,0,60.897090601038705,41.5365994764214,28.2793424901412,828.0992207913862,1.0,1.0,0.0,0.0,0.0,1.0,1.0,0.0,0.0,10.3862,30.0978,32108.79789106721,1017.924319657,1514.0801487
13,13,5690.1524,0.9,0.9,0.6,60,0.9,2,1,0,0,1,1,1,0,1,1,0,66.37923180570903,49.59206754862298,33.65049561633387,1011.5927017671983,0.0,1.0,0.0,0.0,1.0,1.0,1.0,0.0,0.2215619978903575,12.5603,19.2558,51367.87063457807,1051.6485871034,1127.5183073
14,14,-6362.2816,0.8,0.9,0.1,60,1.0,2,1,0,0,1,1,1,0,1,1,0,86.60747937077713,67.66889436744088,34.83572945484208,925.2048611256471,1.0,1.0,1.0,0.0,1.0,0.0,1.0,0.0,0.18359796257258637,9.5855,22.2532,67546.65285713597,1571.5037991131,1331.1538226
15,15,5124.2873,0.8,1.0,0.6,60,1.0,2,1,0,0,1,1,1,0,1,1,0,68.95071462227928,52.1776967754152,31.951545716704278,883.1747008060698,0.0,0.0,1.0,0.0,1.0,0.0,1.0,0.0,0.21710763871043115,13.5858,20.4155,52169.84213681036,1119.8611203783,1362.4925915
16,16,-185548.3194,0.8,0.8,0.9,40,1.0,2,1,0,0,1,1,1,0,1,1,0,60.069876783602496,42.60558466786394,32.2631922437987,994.2679762503155,0.0,0.0,0.0,0.0,1.0,1.0,1.0,0.0,0.0,9.4767,22.8608,35902.60302906901,873.7414262327,1246.0306864
17,17,37274.7753,0.8,0.8,0.2,60,0.9,2,1,0,0,1,1,1,0,1,1,0,77.32820853564755,60.44922127485491,31.40447080629717,845.9889615000845,1.0,0.0,1.0,0.0,0.0,1.0,1.0,0.0,0.2717509277986457,9.0932,21.2662,59897.77145595891,1330.2419958654,1138.4079829
18,18,-35785.0723,1.0,0.7,0.4,50,0.9,2,1,0,0,1,1,1,0,1,1,0,91.15597560244768,71.11117890215587,38.794430378652336,1035.619237846875,1.0,1.0,0.0,0.0,1.0,1.0,1.0,0.0,0.13812415121979718,9.4874,17.2793,73681.94213545011,1342.6704637653,1192.3990651
19,19,-463375.5573,1.0,1.0,1.0,30,0.9,2,1,0,0,1,1,1,0,1,1,0,89.23551255258695,71.53422638362748,36.55019705499173,1071.3971111468334,1.0,1.0,1.0,0.0,1.0,1.0,1.0,0.0,0.0,8.6389,25.8492,53738.89176230331,1458.1303473219,1678.223916
20,20,-178327.0635,0.7,0.9,0.8,40,0.9,2,1,0,0,1,1,1,0,1,1,0,64.10156556948955,43.93657933687236,31.696325977815906,954.3803595041911,0.0,1.0,0.0,0.0,1.0,1.0,0.0,0.0,0.0,8.0378,23.5861,37209.05078251884,928.7678945974,1152.7615002
21,21,-15053.4405,1.0,1.0,0.1,60,0.9,2,1,0,0,1,1,1,0,1,1,0,85.04397716726977,66.7349245601407,33.91012710236173,925.2784159881427,1.0,1.0,1.0,0.0,1.0,0.0,1.0,0.0,0.17736267870551353,9.4932,21.9114,68474.6976989906,1568.7101594517,1147.1044555
22,22,-104051.9267,1.0,0.9,0.2,40,0.9,2,1,0,0,1,1,1,0,1,1,0,66.86170449089467,46.23782268919802,27.281962283462956,684.2594504669012,1.0,1.0,0.0,0.0,0.0,0.0,1.0,0.0,0.0,8.1952,18.7107,44323.075868280364,866.0083401735,1071.5067283
23,23,-159529.0812,1.0,0.7,0.4,40,1.0,2,1,0,0,1,1,1,0,1,1,0,85.6138867887509,63.9271060042481,38.872373227575835,1038.7074141937712,0.0,1.0,1.0,0.0,1.0,1.0,1.0,0.0,0.0,11.0531,16.3405,64948.71879733555,1120.5637065653,1392.6801902
24,24,33333.7073,0.9,0.9,1.0,60,0.9,2,1,0,0,1,1,1,0,1,1,0,50.74266870257436,32.31882950059816,30.13762373326668,769.4120224700475,0.0,0.0,0.0,0.0,1.0,1.0,1.0,0.0,0.3437085728211622,12.9004,16.3258,34078.287188777475,598.1466450738,940.0407859
25,25,-63699.3713,0.7,1.0,1.0,50,0.9,2,1,0,0,1,1,1,0,1,1,0,54.39111396940858,34.80205200909295,22.68658418729544,495.8369809555939,1.0,0.0,0.0,0.0,0.0,0.0,0.0,0.0,0.0,11.1835,24.5111,29581.89577232304,759.5984275064,1308.4029224
26,26,-74413.4746,0.7,0.7,0.9,40,1.0,2,1,0,0,1,1,1,0,1,1,0,45.904639256642966,24.067389284481248,25.54024132447156,632.8301878773651,0.0,0.0,0.0,0.0,0.0,1.0,1.0,0.0,0.0,9.112,20.3458,20707.336279761064,452.8499680896,1081.5678897
27,27,-206375.6752,1.0,1.0,0.4,40,1.0,2,1,0,0,1,1,1,0,1,1,0,71.52082939569253,52.341061312862436,36.477714818133514,1172.4767979841772,0.0,1.0,0.0,0.0,1.0,1.0,1.0,0.0,0.0,9.4546,21.0478,48375.411419674965,1084.1866730022,1284.1315261
28,28,46385.2144,0.9,0.7,0.3,50,0.9,2,1,0,0,1,1,1,0,1,1,0,46.349604320095914,25.709150483647985,27.18650131973306,649.8995817267611,0.0,0.0,0.0,0.0,1.0,0.0,0.0,0.0,0.4556545624400398,9.6158,13.5322,25440.648339194,371.8553421193,864.4790624
29,29,77024.0948,0.7,0.7,0.6,60,0.9,2,1,0,0,1,1,1,0,1,1,0,94.11886227436915,72.59422636584193,38.85595904868319,1230.7563585240978,1.0,1.0,1.0,0.0,1.0,1.0,1.0,0.0,0.36296844330219347,12.1488,17.3452,74055.54133249755,1351.2864333467,1464.0107626
30,30,-54180.014,0.8,1.0,0.7,50,0.9,2,1,0,0,1,1,1,0,1,1,0,79.58248349924473,58.7592472439743,32.937285557339294,878.2814714799049,1.0,0.0,1.0,0.0,1.0,1.0,0.0,0.0,0.08168291914417108,13.2312,17.6581,58569.367476413325,1081.5553423314,1390.0291832
31,31,-352615.9439,0.7,0.9,0.2,30,0.9,2,1,0,0,1,1,1,0,1,1,0,77.43150677134321,60.00104394957796,34.23352977443018,1043.5880120332702,0.0,1.0,1.0,0.0,1.0,1.0,1.0,0.0,0.0,7.9549,21.2481,54423.2285517211,1214.8607340309,1155.2323768
32,32,60728.3789,0.7,0.7,0.1,50,1.0,2,1,0,0,1,1,1,0,1,1,0,93.78875691056778,71.36501530472117,38.125502911904405,1040.1199942195537,0.0,1.0,1.0,0.0,1.0,1.0,1.0,0.0,0.34207199970312124,8.1795,15.0915,71048.67626534615,1123.7405320641,1293.5525121
33,33,-436799.4871,0.9,0.9,0.9,30,0.9,2,1,0,0,1,1,1,0,1,1,0,78.5184460089666,59.310572353047704,32.53405115860605,879.3410452986207,1.0,0.0,1.0,0.0,1.0,1.0,0.0,0.0,0.0,8.4604,28.3864,45285.00150005127,1346.1994261956,1491.5921443
34,34,85298.1656,1.0,0.9,0.6,60,1.0,2,1,0,0,1,1,1,0,1,1,0,64.47648202719886,46.15444526461006,32.22702562713692,990.9109336735357,0.0,1.0,0.0,0.0,1.0,0.0,1.0,0.0,0.45035302432789537,12.8862,16.6963,45876.52279032337,812.5834126531,1286.4700528
35,35,-95118.315,0.7,0.7,0.8,30,1.0,2,1,0,0,1,1,1,0,1,1,0,38.08800245934185,21.40637208754066,21.527596936242038,593.0483047647667,0.0,0.0,0.0,0.0,0.0,1.0,0.0,0.0,0.0,9.4767,16.4404,19004.857381834572,335.5535571587,1069.0378075
36,36,68312.2977,1.0,0.9,0.6,50,0.9,2,1,0,0,1,1,1,0,1,1,0,82.91577315876333,65.28764655801618,38.28404730034049,1021.5321077658654,1.0,0.0,0.0,0.0,1.0,1.0,1.0,0.0,0.3866940444124985,10.1343,13.51,67707.87329705883,969.7698371231,1155.4662452
37,37,35477.8086,0.9,1.0,0.2,60,1.0,2,1,0,0,1,1,1,0,1,1,0,82.11958701144334,61.89151451193909,30.692160819634392,862.1232778192096,1.0,1.0,1.0,0.0,0.0,1.0,1.0,0.0,0.2687278192417036,10.8536,20.3969,61824.35170247204,1310.1197295981,1384.0393942
38,38,-85122.5095,1.0,0.9,0.5,40,1.0,2,1,0,0,1,1,1,0,1,1,0,49.16260734879083,31.573589868608412,29.135847094011694,772.6251619422999,0.0,0.0,0.0,0.0,1.0,1.0,1.0,0.0,0.0,10.4482,18.1144,27111.777712406176,527.7336628536,1091.5597655
39,39,-84878.0764,0.9,0.8,0.3,40,0.9,2,1,0,0,1,1,1,0,1,1,0,55.19070824951726,35.18268569522171,32.415129371090124,969.1277837220948,0.0,0.0,0.0,0.0,1.0,1.0,1.0,0.0,0.0,9.9756,15.9442,34486.645639886905,591.6818373386,949.3762038
40,40,211100.8741,0.7,0.8,1.0,60,0.9,2,1,0,0,1,1,1,0,1,1,0,97.81996090338822,75.35045745196047,37.78391849162889,906.3340581270018,1.0,0.0,1.0,0.0,1.0,0.0,1.0,0.0,0.7058427664865707,10.2781,14.8858,73110.79823496036,1137.4917500985,1473.9396411
41,41,-95787.4375,0.8,0.8,0.6,50,0.9,2,1,0,0,1,1,1,0,1,1,0,77.2163310579966,59.28460596037078,29.244203845026778,646.4601637899522,1.0,1.0,1.0,0.0,1.0,0.0,0.0,0.0,0.0,11.6493,21.4262,55182.29919885057,1228.8824921079,1421.7692645
42,42,84521.883,0.7,0.9,0.4,60,1.0,2,1,0,0,1,1,1,0,1,1,0,55.570151216204096,32.84333625073925,32.512075466747426,821.2374551177993,0.0,0.0,0.0,0.0,1.0,0.0,1.0,0.0,0.5565987844200143,11.1414,15.3341,33023.28063580933,546.4155505198,1077.1069096
43,43,-11920.2652,0.8,0.8,1.0,50,0.9,2,1,0,0,1,1,1,0,1,1,0,54.39007034892721,35.409086154608374,32.13177452700446,969.8811282449844,0.0,0.0,0.0,0.0,1.0,1.0,1.0,0.0,0.17719759406658392,12.9104,14.4676,37940.574494801316,590.6794897875,968.3913903
44,44,-236022.6301,0.7,0.7,1.0,40,1.0,2,1,0,0,1,1,1,0,1,1,0,65.90814041272552,45.48114872328836,32.66477041756209,808.1769748556462,0.0,1.0,0.0,0.0,1.0,1.0,1.0,0.0,0.0,9.3415,25.4921,37464.944857910355,1008.4729168974,1352.99365
45,45,17188.7456,1.0,0.8,0.1,60,1.0,2,1,0,0,1,1,1,0,1,1,0,72.72761779587516,53.65067000489907,32.402310511008515,864.3932460652678,1.0,1.0,0.0,0.0,1.0,1.0,0.0,0.0,0.2284314816762941,10.4772,21.0789,53712.946344553035,1190.6339435159,1240.359291
46,46,92972.1382,0.9,0.8,0.3,60,1.0,2,1,0,0,1,1,1,0,1,1,0,46.35899302620141,26.275512514419148,27.252675026252213,732.0410956087563,0.0,0.0,0.0,0.0,1.0,0.0,0.0,0.0,0.6704055191814339,11.9961,14.6925,26244.300395656297,416.3407560054,1037.8581151
47,47,-123307.8849,0.8,1.0,0.6,30,0.9,2,1,0,0,1,1,1,0,1,1,0,45.52566747519393,26.326425653401824,25.493584461104188,763.1251751358673,0.0,0.0,0.0,0.0,0.0,1.0,1.0,0.0,0.0,7.5651,18.6818,22133.570450368272,443.3449075867,920.5555196
48,48,-290313.621,0.7,0.7,0.2,40,1.0,2,1,0,0,1,1,1,0,1,1,0,79.55525706074286,59.95375474324851,35.209128599635044,1042.0455485751718,0.0,1.0,1.0,0.0,1.0,1.0,1.0,0.0,0.0,9.5818,23.1826,56516.06893638004,1376.8849649125,1333.7022825
49,49,-3008.9399,0.7,0.8,1.0,50,1.0,2,1,0,0,1,1,1,0,1,1,0,56.471063004970546,36.413690811788484,33.381886675218354,967.4521861048404,0.0,0.0,0.0,0.0,1.0,1.0,1.0,0.0,0.19557687824244566,12.3251,15.0602,36298.066549899435,589.1430085939,1130.0799467
50,50,-81647.7142,1.0,1.0,0.6,40,1.0,2,1,0,0,1,1,1,0,1,1,0,54.19163571367969,37.292048580898395,32.260598700580175,1136.760812218949,0.0,0.0,0.0,0.0,1.0,1.0,1.0,0.0,0.0,10.4102,16.6093,33258.38643562711,595.3476829951,1148.7912595
51,51,65260.4476,1.0,0.7,0.8,60,0.9,2,1,0,0,1,1,1,0,1,1,0,47.8421506313695,29.96032699177193,28.48287668680175,657.358373172524,0.0,0.0,0.0,0.0,1.0,0.0,1.0,0.0,0.49987311046479743,13.2742,14.946,31878.92057792475,512.7816424075,908.8961421
52,52,113920.5366,0.7,0.8,0.8,60,0.9,2,1,0,0,1,1,1,0,1,1,0,79.32159529437192,56.93578313539322,35.14268594451907,844.3183146530445,1.0,0.0,0.0,0.0,1.0,1.0,0.0,0.0,0.4798057176853187,8.6033,17.8518,54688.075243596744,1029.0981673925,1184.2041096
53,53,-244065.0062,0.9,0.9,1.0,30,1.0,2,1,0,0,1,1,1,0,1,1,0,81.0878743631731,60.593656857303216,36.230338447654134,1018.9821828358087,1.0,0.0,0.0,0.0,1.0,1.0,1.0,0.0,0.0,8.1199,17.5849,51565.27214290055,956.3589165052,1434.0592535
54,54,18796.2958,0.8,0.9,0.2,50,0.9,2,1,0,0,1,1,1,0,1,1,0,44.69421700564459,27.493941382280674,25.473613562716185,764.1882798546976,0.0,0.0,0.0,0.0,0.0,1.0,1.0,0.0,0.28357887304097584,10.7164,15.5806,26571.90949575416,444.4073084608,895.0553528
55,55,-320570.9935,0.7,0.8,0.9,40,1.0,2,1,0,0,1,1,1,0,1,1,0,77.64911593806228,57.961150830022376,35.07534860195989,1036.1685185376025,1.0,1.0,0.0,0.0,1.0,1.0,1.0,0.0,0.0,10.4322,25.7164,48915.08092823852,1325.4099606863,1563.5999637
56,56,66266.8751,1.0,0.7,0.3,60,0.9,2,1,0,0,1,1,1,0,1,1,0,65.6470241206032,46.67161156878879,26.762668850124157,758.8751941453788,1.0,1.0,0.0,0.0,0.0,0.0,1.0,0.0,0.3563639490106873,9.3731,20.5606,44646.741080479966,958.0767913297,1128.5575993
57,57,-176717.3167,0.9,1.0,0.7,30,0.9,2,1,0,0,1,1,1,0,1,1,0,56.1022641431245,38.32148911300823,33.754649942567866,967.746699898373,0.0,0.0,0.0,0.0,1.0,1.0,1.0,0.0,0.0,8.0806,17.2512,34251.174637677264,637.0037640399,955.322735
58,58,-268107.0205,0.7,1.0,0.5,40,0.9,2,1,0,0,1,1,1,0,1,1,0,60.09102749216382,44.15961247163763,24.86019328223368,719.5440055447125,1.0,1.0,1.0,0.0,0.0,0.0,1.0,0.0,0.0,11.7021,27.8631,37567.587732545144,1094.19005101,1399.7894495
59,59,-170807.8722,0.7,0.8,0.3,30,0.9,2,1,0,0,1,1,1,0,1,1,0,51.44967660237536,36.13422736561705,31.006209692609808,971.8705706953693,0.0,0.0,0.0,0.0,1.0,1.0,1.0,0.0,0.0,8.6632,17.4942,31313.693782610488,589.0086437095,950.3091184
60,60,103626.285,0.8,0.8,0.4,60,1.0,2,1,0,0,1,1,1,0,1,1,0,91.95993140349674,73.75337687554223,30.852399205598335,756.10455128837,1.0,1.0,1.0,0.0,1.0,0.0,0.0,0.0,0.390110472859166,10.4444,18.9043,73670.10312395442,1439.8887297086,1471.6313315
61,61,24994.3215,0.8,0.8,0.8,50,0.9,2,1,0,0,1,1,1,0,1,1,0,58.48993816481854,39.29267121311405,34.80240196988521,1130.7603240087633,0.0,0.0,0.0,0.0,1.0,1.0,1.0,0.0,0.31861704788769324,11.9325,13.0618,41904.411343748674,591.8300185475,982.066878
62,62,-64438.1284,0.8,0.9,0.2,40,0.9,2,1,0,0,1,1,1,0,1,1,0,49.00188858478594,31.209944170183267,29.35445784759317,657.6259418710197,0.0,0.0,0.0,0.0,1.0,0.0,1.0,0.0,0.0,10.1038,15.3878,31223.71917850048,517.2537475817,882.8384013
63,63,-211563.6389,0.7,0.9,0.6,40,0.9,2,1,0,0,1,1,1,0,1,1,0,54.816526086081794,35.85988296794612,24.445275260718816,687.2265351551032,1.0,1.0,0.0,0.0,0.0,0.0,1.0,0.0,0.0,10.7654,27.6118,29560.817987575494,857.3963201521,1284.924324
64,64,90701.6414,0.8,0.7,0.2,60,1.0,2,1,0,0,1,1,1,0,1,1,0,69.45606173444402,46.25781054058661,34.896891125251706,692.9948941889381,0.0,1.0,0.0,0.0,1.0,0.0,1.0,0.0,0.46941171049279484,11.5748,16.0112,48919.667940196014,831.2724005629,1165.7979975
65,65,-198272.1139,1.0,0.9,1.0,30,0.9,2,1,0,0,1,1,1,0,1,1,0,58.22605999193843,36.967174408800275,33.985217146875065,1132.799227344674,0.0,0.0,0.0,0.0,1.0,1.0,1.0,0.0,0.0,7.869,18.8957,33002.22443839337,672.3342772027,989.5598846
66,66,-305217.9489,0.8,1.0,1.0,40,0.9,2,1,0,0,1,1,1,0,1,1,0,80.34294065482901,58.51143506477213,33.16436926220526,878.5450157303502,1.0,0.0,1.0,0.0,1.0,1.0,0.0,0.0,0.0,9.8693,27.3319,47210.5886928642,1348.5978726899,1539.5057512
67,67,-100950.2767,0.7,0.7,0.3,50,0.9,2,1,0,0,1,1,1,0,1,1,0,74.1732731914811,55.41791245370528,30.01315794864142,736.6079337899672,1.0,0.0,1.0,0.0,1.0,0.0,0.0,0.0,0.0,10.155,21.6921,55430.90225439734,1254.6360033971,1161.6703586
68,68,11431.5143,0.9,0.9,1.0,60,1.0,2,1,0,0,1,1,1,0,1,1,0,63.024800064554356,45.850459627117345,28.489984842942853,709.798133923678,0.0,0.0,1.0,0.0,1.0,0.0,0.0,0.0,0.2176695487075485,12.8387,22.5824,41082.53198602215,974.3415953574,1480.6322495
69,69,131753.1509,1.0,0.9,0.5,60,0.9,2,1,0,0,1,1,1,0,1,1,0,101.0527318305123,80.04795308227636,35.07988889938345,861.738181081834,1.0,1.0,1.0,0.0,0.0,1.0,1.0,0.0,0.4392368254744763,10.0804,17.9447,81729.4984142569,1521.303553373,1359.0466867
70,70,73959.4392,0.7,0.9,0.9,60,1.0,2,1,0,0,1,1,1,0,1,1,0,52.61157995635275,33.395780428706,31.159111602057457,767.8349373912138,0.0,0.0,0.0,0.0,1.0,1.0,1.0,0.0,0.5368387573803372,15.7426,13.3456,36475.13978301691,523.6285033047,1098.4597989
71,71,98655.7919,0.9,0.8,0.3,60,1.0,2,1,0,0,1,1,1,0,1,1,0,46.12700813445987,29.15502599229899,26.530639782937932,763.3350252080268,0.0,0.0,0.0,0.0,0.0,1.0,1.0,0.0,0.67281709191688,12.7745,14.6371,28519.673486164604,448.7956840544,1063.1449415
72,72,-137926.8278,0.9,0.8,0.6,30,0.9,2,1,0,0,1,1,1,0,1,1,0,52.99371715201318,33.56382207073645,31.47017160798702,767.555722250054,0.0,0.0,0.0,0.0,1.0,1.0,1.0,0.0,0.0,7.8948,16.6006,29354.338738514656,524.5161249879,924.6558837
73,73,-364386.0118,1.0,1.0,0.8,30,1.0,2,1,0,0,1,1,1,0,1,1,0,66.15848547027382,49.20320407799919,24.614374106418197,530.5967199488256,1.0,0.0,1.0,0.0,0.0,0.0,0.0,0.0,0.0,11.0017,26.7611,39235.75236560471,1096.9623851802,1614.7308757
74,74,-525716.3449,0.7,1.0,0.9,30,0.9,2,1,0,0,1,1,1,0,1,1,0,80.15783216683826,61.58988792992463,29.69882839167509,863.6651861493361,1.0,1.0,1.0,0.0,0.0,1.0,1.0,0.0,0.0,10.136,30.2066,47628.456835838995,1496.6888199593,1665.7499774
75,75,17152.0811,0.8,0.7,0.1,50,1.0,2,1,0,0,1,1,1,0,1,1,0,57.43750385106934,39.00853337524846,34.24826732017452,1132.2332487245308,0.0,0.0,0.0,0.0,1.0,1.0,1.0,0.0,0.26821840187707846,11.4521,14.3763,38260.600689830084,594.5260080465,1135.0823894
76,76,-229152.0238,0.7,1.0,0.6,40,1.0,2,1,0,0,1,1,1,0,1,1,0,80.42195239566755,61.45995069652502,33.52215043519887,1034.7532153650152,1.0,0.0,1.0,0.0,1.0,0.0,1.0,0.0,0.0,10.0798,22.0499,53917.11513537675,1245.2885127293,1536.1094594
77,77,-70983.7845,0.8,0.7,0.9,40,1.0,2,1,0,0,1,1,1,0,1,1,0,60.11296778239675,35.64214497461755,34.83004250756512,963.9444619627354,0.0,0.0,0.0,0.0,1.0,1.0,1.0,0.0,0.0,9.2221,16.0938,32467.520996591353,563.5666221096,1124.2630096
78,78,43146.4663,1.0,0.7,0.2,60,1.0,2,1,0,0,1,1,1,0,1,1,0,53.147777625798994,33.326161382714886,31.391022668516243,767.5450603589054,0.0,0.0,0.0,0.0,1.0,1.0,1.0,0.0,0.3825258384838013,14.8708,15.3831,36228.68800077723,599.5488749477,1078.5892772
79,79,-18142.171,1.0,0.7,0.1,50,1.0,2,1,0,0,1,1,1,0,1,1,0,57.47678782498781,37.22210750985542,34.000004521506305,966.8675660250071,0.0,0.0,0.0,0.0,1.0,1.0,1.0,0.0,0.139017147182527,11.5094,15.9223,37176.855953318445,638.2733041804,1109.4921116
80,80,-53915.2216,1.0,0.7,0.3,40,1.0,2,1,0,0,1,1,1,0,1,1,0,57.718973820607914,39.151089826798156,34.65935089951867,967.096429107689,0.0,0.0,0.0,0.0,1.0,1.0,1.0,0.0,0.0,11.2088,13.4948,38850.7285356184,565.7631944905,1112.7206194
81,81,-378030.5415,1.0,1.0,0.4,30,0.9,2,1,0,0,1,1,1,0,1,1,0,97.92790487613655,79.06069790286816,38.375012386867326,1054.3049943883652,1.0,0.0,1.0,0.0,1.0,1.0,1.0,0.0,0.0,6.7346,19.9898,72102.14412000967,1507.6166478987,1259.6120608
82,82,70606.2849,0.7,1.0,0.3,60,1.0,2,1,0,0,1,1,1,0,1,1,0,44.22091838717532,27.270512615467048,25.232812521884437,764.9816888573425,0.0,0.0,0.0,0.0,0.0,1.0,1.0,0.0,0.53654073559415,13.2004,15.8546,26212.359281244335,445.6930306442,1064.0852168
83,83,-178667.9191,0.8,0.8,0.8,40,1.0,2,1,0,0,1,1,1,0,1,1,0,74.33113314912626,54.62305113270248,32.91374851243024,1018.9374533559449,1.0,1.0,0.0,0.0,1.0,0.0,1.0,0.0,0.0,10.5324,20.4501,47424.747754761614,1019.9730520037,1530.0850644
84,84,-44369.5513,0.7,0.9,0.2,40,0.9,2,1,0,0,1,1,1,0,1,1,0,87.42613881757042,66.67211485531917,31.671281260306802,737.7391789043527,1.0,0.0,1.0,0.0,1.0,0.0,0.0,0.0,0.07752238926997637,6.8256,15.1145,65274.12352321886,1023.7283404857,1103.4645134
85,85,-277828.1923,0.9,0.7,0.6,30,0.9,2,1,0,0,1,1,1,0,1,1,0,94.45966925459487,76.22615424356277,32.41608665705081,761.6441967213929,1.0,1.0,1.0,0.0,1.0,1.0,0.0,0.0,0.0,7.7134,17.4419,66620.88273351587,1203.7213400082,1420.2947658
86,86,9148.6781,1.0,1.0,0.4,60,1.0,2,1,0,0,1,1,1,0,1,1,0,65.6088551064656,49.4901098041652,31.105691315060756,879.7281715032036,1.0,0.0,0.0,0.0,1.0,0.0,1.0,0.0,0.21718844161602568,12.5861,20.7814,48819.27035064864,1069.5124165926,1287.0264231
87,87,81540.5898,0.9,0.7,0.1,60,0.9,2,1,0,0,1,1,1,0,1,1,0,56.20728172106598,36.29034849154809,33.22090686667418,968.4634099543492,0.0,0.0,0.0,0.0,1.0,1.0,1.0,0.0,0.5336634645506735,11.0548,14.4929,37854.31910282901,591.4800868383,944.149043
88,88,-50058.8092,1.0,0.7,0.6,50,0.9,2,1,0,0,1,1,1,0,1,1,0,57.43374312781468,34.28910710875067,28.661289515922984,781.9783906419765,0.0,0.0,0.0,0.0,0.0,1.0,1.0,0.0,0.03646533190348328,10.9766,19.8659,33769.822115800074,711.8895443547,1014.7235239
89,89,-141597.7676,0.9,1.0,0.9,60,0.9,2,1,0,0,1,1,1,0,1,1,0,79.10184535881962,61.964314210087046,30.181412822587856,761.5715341921878,1.0,1.0,1.0,0.0,1.0,0.0,1.0,0.0,0.0,18.1455,23.1082,63969.989214369314,1536.7238240232,1647.0906565
90,90,-22718.2823,0.7,1.0,0.6,60,0.9,2,1,0,0,1,1,1,0,1,1,0,87.26857974528743,70.29737074543331,35.85789243457402,1050.392519721986,1.0,1.0,1.0,0.0,1.0,0.0,1.0,0.0,0.167740257332342,13.1486,20.9988,72210.65698140641,1591.7116067488,1437.646782
91,91,663.1286,1.0,0.9,0.5,50,1.0,2,1,0,0,1,1,1,0,1,1,0,55.18014541816653,35.589778217250384,32.55096636481291,968.5311375503899,0.0,0.0,0.0,0.0,1.0,1.0,1.0,0.0,0.20604505691435684,11.9753,15.0202,34754.898497229515,562.1968286349,1119.5398936
92,92,-234886.6184,0.9,0.7,0.7,50,0.9,2,1,0,0,1,1,1,0,1,1,0,88.16999378978582,70.50540136479813,35.80899910187268,1070.493738243927,1.0,1.0,1.0,0.0,1.0,1.0,1.0,0.0,0.0,14.2416,21.6486,72940.47837485393,1656.2819204029,1517.7607816
93,93,23409.7912,1.0,0.9,0.4,50,1.0,2,1,0,0,1,1,1,0,1,1,0,47.43860149867561,28.890774720912663,26.82221074491759,872.2323917480528,0.0,0.0,0.0,0.0,0.0,1.0,1.0,0.0,0.2925912041044776,10.5605,15.8149,26441.898585715488,448.6128967897,1084.5516793
94,94,-22716.0284,0.7,1.0,0.3,60,0.9,2,1,0,0,1,1,1,0,1,1,0,70.79805029742835,51.42321554485994,28.749733896365825,835.2754746929585,0.0,1.0,1.0,0.0,0.0,1.0,1.0,0.0,0.15742054323540994,12.2875,21.8636,53200.65844737258,1214.1415004464,1161.8828345
95,95,-572755.3924,0.8,1.0,1.0,30,1.0,2,1,0,0,1,1,1,0,1,1,0,91.42805117423589,71.54099195317944,37.54982233924715,1067.6475221468884,1.0,1.0,1.0,0.0,1.0,1.0,1.0,0.0,0.0,9.5773,28.6734,55168.78918608658,1661.0354755327,1852.4419995
96,96,-109144.0621,0.8,0.7,0.1,40,0.9,2,1,0,0,1,1,1,0,1,1,0,72.95075849856124,54.799827652781296,30.47809028330075,834.181039058316,0.0,1.0,1.0,0.0,0.0,1.0,1.0,0.0,0.0,8.7392,17.0815,54943.24815744259,981.4717643835,1064.3862481
97,97,-40444.5613,0.9,0.9,0.9,60,0.9,2,1,0,0,1,1,1,0,1,1,0,63.237859061646546,43.258664928030484,28.83369236883128,708.8121964828442,1.0,0.0,0.0,0.0,1.0,1.0,0.0,0.0,0.11448099214832846,16.2136,20.9622,44956.801510891666,991.4721232861,1258.2369218
98,98,-201049.481,0.8,0.7,0.2,40,1.0,2,1,0,0,1,1,1,0,1,1,0,87.22779549122077,71.41051587334839,35.616835049054274,1072.4137302481315,1.0,1.0,1.0,0.0,1.0,1.0,1.0,0.0,0.0,9.786,18.6774,67495.50830725186,1320.5569224159,1425.901241
99,99,-349543.0808,0.7,0.9,0.3,40,0.9,2,1,0,0,1,1,1,0,1,1,0,71.54515522797229,45.54241098341237,34.751643465191734,828.9947172971752,1.0,1.0,0.0,0.0,1.0,1.0,1.0,0.0,0.0,12.9014,24.5066,49341.4472870499,1279.4875643512,1154.7290831
100,100,-78097.7015,0.7,0.9,0.2,40,0.9,2,1,0,0,1,1,1,0,1,1,0,54.92263774191625,36.0992541974918,32.59678506283835,969.5458959992957,0.0,0.0,0.0,0.0,1.0,1.0,1.0,0.0,0.0,9.978,15.4412,35495.83023558569,590.3525536297,946.6258267
101,101,-390228.5278,0.9,0.9,0.9,30,1.0,2,1,0,0,1,1,1,0,1,1,0,97.90558907705127,75.2708838475063,41.20004699654849,1228.919391277581,1.0,1.0,1.0,0.0,1.0,1.0,1.0,0.0,0.0,8.9533,20.9944,61469.46723701901,1359.6209168442,1779.6434217
102,102,-83982.34,1.0,0.8,0.9,50,0.9,2,1,0,0,1,1,1,0,1,1,0,84.0696769773438,65.07168654606626,35.89264616249651,1052.4512990480996,1.0,0.0,1.0,0.0,1.0,1.0,1.0,0.0,0.04101484025075904,14.7691,16.7877,67633.79745289119,1194.2241461933,1491.9432109
103,103,68575.1865,0.9,0.8,0.2,60,1.0,2,1,0,0,1,1,1,0,1,1,0,50.93788149614719,31.837022198991498,30.129830383926947,825.4146258118598,0.0,0.0,0.0,0.0,1.0,0.0,1.0,0.0,0.48531040840575274,12.2558,15.9641,31737.530120614334,545.4362725914,1072.3926796
104,104,-561352.5027,0.7,0.8,0.5,30,1.0,2,1,0,0,1,1,1,0,1,1,0,86.43969636274036,66.35213886470281,34.473976991217704,869.2515621340249,1.0,1.0,1.0,0.0,1.0,1.0,1.0,0.0,0.0,9.4553,28.2674,54902.43921434148,1620.523973127,1575.7841962
105,105,-11011.179,0.8,0.9,0.7,50,0.9,2,1,0,0,1,1,1,0,1,1,0,95.28904016160953,77.35671571600436,36.74768217728716,1055.919718841161,1.0,0.0,1.0,0.0,1.0,1.0,1.0,0.0,0.19292829430242112,11.5359,15.81,79901.1200635673,1322.2481895446,1392.8528348
106,106,-387574.1007,0.9,0.8,0.5,40,1.0,2,1,0,0,1,1,1,0,1,1,0,88.19655131272754,69.4618886806818,35.55220923077917,1071.01825105943,1.0,1.0,1.0,0.0,1.0,1.0,1.0,0.0,0.0,10.719,25.2763,62781.305859694665,1659.8657203742,1596.399879
107,107,-7202.9032,0.9,1.0,0.6,50,1.0,2,1,0,0,1,1,1,0,1,1,0,52.39195935444449,29.03562315407762,30.209581119555544,793.8559129213816,0.0,0.0,0.0,0.0,1.0,1.0,0.0,0.0,0.16945772557872749,12.2515,15.7876,29383.548826247996,499.5945302879,1075.3826196
108,108,-196906.8218,0.7,0.8,0.5,40,0.9,2,1,0,0,1,1,1,0,1,1,0,81.11749768505572,63.973889933247115,31.732620243757438,898.9233034186472,1.0,1.0,1.0,0.0,1.0,1.0,0.0,0.0,0.0,10.0802,20.107,57657.67172499071,1208.0402411647,1388.879253
109,109,-353178.2191,0.9,0.9,0.6,40,0.9,2,1,0,0,1,1,1,0,1,1,0,96.43749199793956,71.59656021376219,39.86944963833987,1063.6025291471033,1.0,1.0,1.0,0.0,1.0,1.0,1.0,0.0,0.0,11.2322,22.1292,71568.60943901632,1662.8258384298,1439.5349557
110,110,-238502.8104,0.7,0.9,0.1,50,0.9,2,1,0,0,1,1,1,0,1,1,0,69.59298242000855,53.3435678300513,33.25576970517393,1053.718325944964,1.0,0.0,1.0,0.0,1.0,1.0,1.0,0.0,0.0,12.3731,25.0937,55586.76612573882,1474.8389707618,1141.9251774
111,111,-190763.7166,1.0,0.7,0.9,30,0.9,2,1,0,0,1,1,1,0,1,1,0,54.42471129585037,35.90864501201901,32.307630847883964,970.4918921857305,0.0,0.0,0.0,0.0,1.0,1.0,1.0,0.0,0.0,7.8866,19.2069,30853.027592005274,637.6063709746,965.1657374
112,112,-297312.8311,0.8,1.0,0.9,40,1.0,2,1,0,0,1,1,1,0,1,1,0,72.90473074213662,53.225926621330515,30.987167337995842,870.3189982781278,0.0,1.0,1.0,0.0,1.0,1.0,0.0,0.0,0.0,10.6323,27.2469,43477.08750250093,1239.5638792592,1601.7475843
113,113,-136.6139,0.8,0.9,0.9,60,1.0,2,1,0,0,1,1,1,0,1,1,0,62.53639634855156,44.71482242227427,31.040025650120327,812.7063811703235,0.0,1.0,0.0,0.0,1.0,1.0,1.0,0.0,0.21772695245006052,17.4487,17.9968,47365.09618824758,902.0721870143,1352.1673907
114,114,-28390.2483,1.0,0.7,0.6,50,1.0,2,1,0,0,1,1,1,0,1,1,0,57.64119438041068,35.95181592184084,33.82100641065554,965.7018898764568,0.0,0.0,0.0,0.0,1.0,1.0,1.0,0.0,0.10330430283139388,11.7339,16.4296,35874.044181214624,635.2058604599,1119.972111
115,115,-448756.818,0.8,1.0,0.8,30,1.0,2,1,0,0,1,1,1,0,1,1,0,96.81695392731308,79.44033304712298,34.07063632457106,900.2896918814213,1.0,1.0,1.0,0.0,1.0,1.0,0.0,0.0,0.0,8.8619,21.834,67760.51512843138,1538.4855703919,1724.8745253
116,116,-439601.4323,0.7,1.0,0.8,30,0.9,2,1,0,0,1,1,1,0,1,1,0,85.99283547308167,64.90940831511023,33.92521123509472,925.7452646425934,1.0,1.0,1.0,0.0,1.0,0.0,1.0,0.0,0.0,8.4639,26.7728,49095.56324313592,1372.6621935438,1565.7270845
117,117,171823.149,0.9,0.9,0.6,60,1.0,2,1,0,0,1,1,1,0,1,1,0,108.07605424056572,87.94067522879425,40.419964079726896,1235.424741531832,1.0,1.0,1.0,0.0,1.0,1.0,1.0,0.0,0.5166871635268536,11.9166,15.8139,90936.40296287008,1506.3140930025,1634.8172865
118,118,98000.3715,1.0,0.9,0.4,60,1.0,2,1,0,0,1,1,1,0,1,1,0,40.12581531334074,24.562077563573986,23.077421141835856,621.8424789926203,0.0,0.0,0.0,0.0,0.0,0.0,1.0,0.0,0.717655413054123,11.0878,15.6853,22798.871481121612,384.6723853547,1035.1655425
119,119,-378762.5471,0.8,1.0,0.4,30,0.9,2,1,0,0,1,1,1,0,1,1,0,91.02069953491645,68.26037698121387,36.49959620087696,1067.5913690672578,1.0,1.0,1.0,0.0,1.0,1.0,1.0,0.0,0.0,8.113,21.3291,59182.398418785706,1320.1374027146,1351.0238983
120,120,-287836.1639,0.7,0.7,0.7,40,1.0,2,1,0,0,1,1,1,0,1,1,0,71.9774164268611,53.12302116127714,32.83850980682451,1013.23678490317,1.0,1.0,1.0,0.0,1.0,1.0,0.0,0.0,0.0,10.6748,27.7738,41548.920266165806,1216.2846910352,1712.6425225
121,121,3806.4447,0.7,1.0,0.7,50,1.0,2,1,0,0,1,1,1,0,1,1,0,55.59291362205987,37.351350427536794,33.296105854150426,969.0336713744687,0.0,0.0,0.0,0.0,1.0,1.0,1.0,0.0,0.21731859002951018,11.941,15.0538,36535.726011801926,593.2104449078,1123.4207542
122,122,-237346.184,0.9,0.8,0.2,40,0.9,2,1,0,0,1,1,1,0,1,1,0,58.82230690168695,41.98856189210019,29.647187230269083,853.2089806529979,0.0,0.0,1.0,0.0,1.0,1.0,0.0,0.0,0.0,9.523,26.0764,38351.598772016536,1057.1533640093,1060.6042772
123,123,90049.1502,1.0,0.7,0.2,60,0.9,2,1,0,0,1,1,1,0,1,1,0,43.4371583447165,25.326010349508724,25.681366474741097,653.1642855656453,0.0,0.0,0.0,0.0,1.0,0.0,0.0,0.0,0.6678699693603313,10.2782,15.0052,24877.372222431914,402.5673840063,860.2065881
124,124,-30339.4015,0.8,0.7,0.8,40,1.0,2,1,0,0,1,1,1,0,1,1,0,45.30931259654588,24.55890728777293,26.43961323169214,543.9588230027813,0.0,0.0,0.0,0.0,1.0,0.0,0.0,0.0,0.0,8.2791,16.7119,21445.568048852787,386.9568300056,1041.7031982
125,125,-82948.912,0.7,1.0,0.8,30,0.9,2,1,0,0,1,1,1,0,1,1,0,41.18894595391739,20.12675350279481,22.70660483361353,588.5763698191461,0.0,0.0,0.0,0.0,0.0,1.0,0.0,0.0,0.0,7.1752,17.3464,17722.7773412926,330.8251486579,902.3291478
126,126,7406.4859,1.0,0.7,0.5,40,1.0,2,1,0,0,1,1,1,0,1,1,0,35.504006523182255,17.842399460784506,20.09552059131588,445.93731292368614,0.0,0.0,0.0,0.0,0.0,0.0,0.0,0.0,0.20305071164701016,9.4606,12.9716,17099.768545457744,239.2987841891,1002.6290741
127,127,60857.891,0.9,0.9,0.6,60,1.0,2,1,0,0,1,1,1,0,1,1,0,53.38101070168558,37.41733304249204,32.23452115880705,970.4493017215499,0.0,0.0,0.0,0.0,1.0,1.0,1.0,0.0,0.4270104703694915,13.4186,15.8227,37278.66547454198,635.6191402995,1121.8325212
128,128,-394153.0585,1.0,1.0,0.3,30,1.0,2,1,0,0,1,1,1,0,1,1,0,70.83921176818959,51.59140774109201,31.268094497653642,724.8629461406779,1.0,1.0,0.0,0.0,1.0,1.0,0.0,0.0,0.0,8.9326,24.4439,45525.29151687377,1167.6415548095,1299.3926082
129,129,-17230.8031,0.8,0.7,0.9,60,0.9,2,1,0,0,1,1,1,0,1,1,0,64.10285453751709,46.37767269166956,26.355533236200305,591.8178423161846,1.0,1.0,0.0,0.0,0.0,0.0,1.0,0.0,0.13945397807508447,13.2633,24.022,42293.03090963852,1061.2514775682,1393.9951384
130,130,-58887.422,0.7,0.7,0.4,50,0.9,2,1,0,0,1,1,1,0,1,1,0,79.50416180718709,60.02557951207551,33.25015129716101,878.2601861825809,1.0,0.0,1.0,0.0,1.0,1.0,0.0,0.0,0.07020767221177057,10.5021,18.9731,59446.19303875476,1180.5820689163,1237.2022278
131,131,48059.1721,0.8,1.0,0.1,60,1.0,2,1,0,0,1,1,1,0,1,1,0,94.97848684737352,70.7841212437508,39.04086933311659,1063.9876583885732,1.0,1.0,1.0,0.0,1.0,1.0,1.0,0.0,0.2996046719205518,10.3405,18.7943,73570.68536342066,1452.3978282503,1368.0237738
132,132,-85302.8603,0.9,0.9,0.2,30,1.0,2,1,0,0,1,1,1,0,1,1,0,47.34684317245889,29.948982709821255,28.743077412327896,547.3719251090114,0.0,0.0,0.0,0.0,1.0,0.0,0.0,0.0,0.0,10.1266,12.2283,28431.941278726626,374.4945661926,1001.0445129
133,133,-161024.9,1.0,0.7,0.1,30,1.0,2,1,0,0,1,1,1,0,1,1,0,56.94572006807901,36.22460531810162,33.5570382623205,967.6602534873109,0.0,0.0,0.0,0.0,1.0,1.0,1.0,0.0,0.0,9.3883,16.1386,32427.009655262475,563.1913347943,1109.5563293
134,134,-172291.9184,1.0,1.0,0.2,40,1.0,2,1,0,0,1,1,1,0,1,1,0,82.9954700118676,62.79140067502032,35.20235074613532,850.9482958283967,1.0,0.0,1.0,0.0,1.0,1.0,1.0,0.0,0.0,9.7673,18.1621,61003.2866145173,1160.2167641955,1334.4633833
135,135,-111649.2237,0.9,0.8,0.6,30,1.0,2,1,0,0,1,1,1,0,1,1,0,48.04294952031329,29.96373733737209,27.582036323307953,762.1512741542235,0.0,0.0,0.0,0.0,0.0,1.0,1.0,0.0,0.0,9.5711,14.9108,27026.102023447987,432.4909507118,1076.1456087
136,136,-48734.2384,0.7,0.9,0.9,40,0.9,2,1,0,0,1,1,1,0,1,1,0,47.950067454857695,28.580931032301088,27.299127077245373,760.8123449157596,0.0,0.0,0.0,0.0,0.0,1.0,1.0,0.0,0.0,7.2995,18.0983,24331.948665145268,473.6574373181,930.0232288
137,137,-53321.9024,0.8,0.8,0.6,50,1.0,2,1,0,0,1,1,1,0,1,1,0,69.31716559121632,50.011791199821396,35.090733547718905,1008.1838543600926,0.0,1.0,0.0,0.0,1.0,1.0,1.0,0.0,0.06751313882999839,12.4786,17.5583,50148.70742608725,936.4291838225,1295.2387909
138,138,-31991.0273,0.7,0.9,0.5,40,0.9,2,1,0,0,1,1,1,0,1,1,0,48.066474819711175,25.836635362491755,27.056093095689498,630.6187595152451,0.0,0.0,0.0,0.0,0.0,1.0,1.0,0.0,0.008887347672906627,7.8247,16.2602,23230.797233909077,407.3585611338,889.2250274
139,139,-210422.0856,0.8,0.9,0.5,40,1.0,2,1,0,0,1,1,1,0,1,1,0,84.79188533625091,61.1312479011942,31.7203361366685,859.4258468503228,1.0,1.0,1.0,0.0,0.0,1.0,1.0,0.0,0.0,10.9289,20.4525,55974.70968756353,1189.2560524642,1574.5459395
140,140,-122561.8442,1.0,0.8,0.5,30,0.9,2,1,0,0,1,1,1,0,1,1,0,52.79531882946506,31.48896692553492,31.075327352686827,793.9347275755147,0.0,0.0,0.0,0.0,1.0,1.0,0.0,0.0,0.0,7.4285,16.2029,28599.52876818306,499.6141570826,906.8602229
141,141,-454407.1441,0.7,1.0,0.2,30,0.9,2,1,0,0,1,1,1,0,1,1,0,81.99349108073099,63.52024380130766,32.20296888894162,758.7119037437628,1.0,1.0,1.0,0.0,1.0,1.0,0.0,0.0,0.0,7.868,24.339,59140.15859276502,1500.266476573,1177.1351464
142,142,-173957.1567,1.0,0.9,0.6,40,1.0,2,1,0,0,1,1,1,0,1,1,0,82.14078378603145,61.011796304669815,34.37987797150578,907.4242460380857,1.0,0.0,1.0,0.0,1.0,0.0,1.0,0.0,0.0,10.486,19.3162,55399.8780377951,1120.0155806308,1517.3263784
143,143,-150539.129,0.8,0.7,0.9,30,0.9,2,1,0,0,1,1,1,0,1,1,0,48.39441789674994,28.768857441595326,28.327458179718313,657.0947216989061,0.0,0.0,0.0,0.0,1.0,0.0,1.0,0.0,0.0,8.0391,18.7886,25391.39251776022,512.5307587073,915.2358539
144,144,67438.675,0.9,1.0,0.2,60,0.9,2,1,0,0,1,1,1,0,1,1,0,69.02494311949327,46.50963986474184,32.201534932355365,845.1821118525761,1.0,0.0,0.0,0.0,1.0,1.0,0.0,0.0,0.3887791232819298,7.6472,19.4271,44230.49438900109,906.7929601905,1045.3655778
145,145,96980.013,0.9,0.7,0.5,60,0.9,2,1,0,0,1,1,1,0,1,1,0,51.49655731848744,28.0912629096828,28.77117712967607,756.7740874537183,0.0,0.0,0.0,0.0,0.0,1.0,1.0,0.0,0.7067733948230829,7.8649,15.4382,25669.433256424752,427.3019752362,906.1774453
146,146,-194915.8364,0.8,1.0,0.8,30,0.9,2,1,0,0,1,1,1,0,1,1,0,55.09699069610846,37.03434403642251,25.302028781315855,730.661217139418,0.0,1.0,0.0,0.0,0.0,0.0,1.0,0.0,0.0,8.2112,20.5729,30840.819355189768,668.2620042801,1167.7179742
147,147,69573.9666,0.9,0.8,0.5,60,1.0,2,1,0,0,1,1,1,0,1,1,0,55.61281384499249,36.03255245576224,32.82370294981023,969.2981920592661,0.0,0.0,0.0,0.0,1.0,1.0,1.0,0.0,0.4885576069983835,14.8701,14.194,38777.44950538698,592.6458812091,1119.9118603
148,148,43744.4779,0.9,0.9,0.3,60,1.0,2,1,0,0,1,1,1,0,1,1,0,65.74727368098822,45.098040462982595,26.554597900655896,685.303134949755,1.0,1.0,0.0,0.0,0.0,0.0,1.0,0.0,0.29676922787828697,10.5765,20.97,43295.19983833455,946.3967816571,1297.3370451
149,149,64986.7748,1.0,0.7,0.5,60,1.0,2,1,0,0,1,1,1,0,1,1,0,48.432448673686565,27.359753760652307,27.171937957324708,760.1842218416468,0.0,0.0,0.0,0.0,0.0,1.0,1.0,0.0,0.4995840636227756,12.6912,16.2491,27082.246663566177,472.8233522785,1073.3922182
150,150,-347287.7959,0.7,0.8,0.2,30,1.0,2,1,0,0,1,1,1,0,1,1,0,71.13947563338593,52.42806742444706,32.87253887178619,1006.8241011411343,0.0,0.0,1.0,0.0,1.0,0.0,1.0,0.0,0.0,9.1475,21.8937,49315.02641139438,1136.6216036657,1257.6936235
151,151,-174575.4521,0.7,0.8,0.6,50,0.9,2,1,0,0,1,1,1,0,1,1,0,74.38570582728417,56.10548745749897,26.145254370337696,755.4418821956733,1.0,1.0,1.0,0.0,0.0,1.0,0.0,0.0,0.0,11.7686,25.7816,51137.93712926521,1365.2734815686,1459.2201972
152,152,-19373.4088,0.8,0.9,0.2,50,1.0,2,1,0,0,1,1,1,0,1,1,0,50.24996505638095,30.243282218014127,22.255032407827755,484.572907659513,0.0,1.0,0.0,0.0,0.0,0.0,0.0,0.0,0.09532088034587295,9.4877,20.8035,29733.579105853685,649.3773578177,1110.8141322
153,153,-143138.0418,0.7,1.0,0.3,40,1.0,2,1,0,0,1,1,1,0,1,1,0,81.68298337502048,64.35731934126287,40.50500411296124,1025.3309341973431,0.0,0.0,1.0,0.0,1.0,1.0,1.0,0.0,0.0,10.2318,15.7096,65399.2219992233,1091.7260435078,1283.6249478
154,154,-171047.6412,0.7,0.8,0.4,50,0.9,2,1,0,0,1,1,1,0,1,1,0,84.61707295254013,67.09132020512212,33.857349516381326,925.7139464910545,1.0,1.0,1.0,0.0,1.0,0.0,1.0,0.0,0.0,10.947,22.4966,66549.30903758947,1564.218814371,1323.3471537
155,155,-155953.0193,0.8,0.8,0.4,50,1.0,2,1,0,0,1,1,1,0,1,1,0,74.64970301430102,54.186515877206546,28.972627354134133,716.5232678426778,1.0,0.0,1.0,0.0,0.0,1.0,1.0,0.0,0.0,11.4645,24.1124,51891.59073601467,1302.0265519119,1417.4858711
156,156,-191151.7803,1.0,0.7,0.7,50,1.0,2,1,0,0,1,1,1,0,1,1,0,67.66814044618216,49.871484339507276,33.54865622388586,1201.6765909417927,1.0,1.0,0.0,0.0,1.0,1.0,1.0,0.0,0.0,11.436,27.3462,41034.03460184025,1190.3656532096,1533.4286178
157,157,-263083.6474,1.0,0.8,0.4,40,0.9,2,1,0,0,1,1,1,0,1,1,0,89.62002957422459,70.377653357546,36.517374671395444,1069.3726142577336,1.0,1.0,1.0,0.0,1.0,1.0,1.0,0.0,0.0,10.5834,19.9465,69455.74253197358,1451.7125577496,1349.5601224
158,158,-48144.8993,0.9,0.9,0.2,50,0.9,2,1,0,0,1,1,1,0,1,1,0,79.60683750598221,60.49489468876165,35.52234562984654,1020.56226902756,1.0,0.0,0.0,0.0,1.0,1.0,1.0,0.0,0.10551129292339567,9.6722,17.4603,63094.440858651404,1163.2939174094,1086.3060702
159,159,-178413.6397,0.9,0.9,0.1,30,1.0,2,1,0,0,1,1,1,0,1,1,0,68.78853523157032,45.500710332583154,25.745454930846112,498.46692609213545,0.0,0.0,1.0,0.0,0.0,0.0,0.0,0.0,0.0,8.0521,16.2269,48681.10977630448,822.5991158522,1104.6398025
160,160,-119343.8492,0.8,0.9,0.1,50,1.0,2,1,0,0,1,1,1,0,1,1,0,78.64037496438887,60.40869125825061,32.76215745420533,998.7705349610561,1.0,0.0,1.0,0.0,1.0,1.0,0.0,0.0,0.0,9.9587,21.7301,60171.86988660508,1368.7192914161,1289.0162418
161,161,-170700.1003,1.0,0.8,0.3,40,1.0,2,1,0,0,1,1,1,0,1,1,0,84.53051152885627,64.87988816386292,36.43339189869322,851.0373438894854,1.0,0.0,1.0,0.0,1.0,1.0,1.0,0.0,0.0,10.915,16.9367,65353.00295729008,1161.5874896693,1374.8802231
162,162,-183887.6768,1.0,0.9,0.5,30,0.9,2,1,0,0,1,1,1,0,1,1,0,52.851777669089294,33.21153821130787,31.29842256473311,767.3205510142602,0.0,0.0,0.0,0.0,1.0,1.0,1.0,0.0,0.0,8.3986,18.6363,29972.72184951728,600.1381045087,921.1823987
163,163,-190093.9867,0.8,1.0,0.7,40,0.9,2,1,0,0,1,1,1,0,1,1,0,84.47199500554002,67.15770275607426,36.43494684962938,1218.698105067114,1.0,0.0,1.0,0.0,1.0,1.0,1.0,0.0,0.0,9.4867,19.8461,58745.933672155385,1226.7427984697,1423.6385281
164,164,-267850.8832,0.8,0.8,0.9,40,1.0,2,1,0,0,1,1,1,0,1,1,0,57.020556748563266,38.94628073118513,26.740804923311728,617.7651111660467,0.0,1.0,1.0,0.0,1.0,0.0,0.0,0.0,0.0,12.0417,30.8554,30159.44143652128,981.4235510927,1606.2672873
165,165,-150327.5617,0.8,0.8,1.0,40,1.0,2,1,0,0,1,1,1,0,1,1,0,54.52362227327753,35.94274480877776,28.737994112179216,822.8472240393003,0.0,0.0,0.0,0.0,1.0,1.0,0.0,0.0,0.0,8.9977,23.3487,29715.272082515232,736.4053530169,1237.611429
166,166,-389493.2665,1.0,1.0,1.0,40,1.0,2,1,0,0,1,1,1,0,1,1,0,70.25663493504624,53.07692533524871,23.958150387306986,627.0506464211778,1.0,1.0,1.0,0.0,0.0,1.0,0.0,0.0,0.0,14.0223,30.6372,42501.264467913374,1349.9858686804,1939.1445187
167,167,-2182.7432,0.9,1.0,0.2,50,0.9,2,1,0,0,1,1,1,0,1,1,0,61.77084284437292,41.43248789061232,27.99756886629498,702.7753448652516,1.0,0.0,0.0,0.0,1.0,0.0,0.0,0.0,0.18749869184800347,9.8181,17.4094,41466.75423206498,758.3052218754,1015.1625893
168,168,-167898.9018,0.8,1.0,0.4,40,0.9,2,1,0,0,1,1,1,0,1,1,0,83.03972929196134,64.00288973843456,31.621414853891938,861.1173554988792,1.0,1.0,1.0,0.0,0.0,1.0,1.0,0.0,0.0,9.4039,19.2653,59301.79967372996,1188.602017852,1323.5942068
169,169,-228793.8849,0.9,0.7,0.6,50,1.0,2,1,0,0,1,1,1,0,1,1,0,91.24713230523682,70.33091801891932,37.14540414167781,1068.0550681385212,1.0,1.0,1.0,0.0,1.0,1.0,1.0,0.0,0.0,13.3025,22.5995,70041.24849734365,1658.7831092299,1642.8511867
170,170,-451612.4239,0.8,0.8,1.0,30,0.9,2,1,0,0,1,1,1,0,1,1,0,61.917829773967036,41.654748500538304,28.833658198262754,826.8929269930023,1.0,1.0,0.0,0.0,0.0,1.0,1.0,0.0,0.0,9.3138,36.6266,29887.526229729134,1153.1583424776,1463.6096764
171,171,-495294.6276,0.8,1.0,0.9,30,1.0,2,1,0,0,1,1,1,0,1,1,0,105.88309663347746,83.86143401545452,38.51580621824114,1070.4187438220793,1.0,1.0,1.0,0.0,1.0,1.0,1.0,0.0,0.0,8.1021,23.1493,69584.01091901015,1679.2744695259,1782.1161556
172,172,-326169.2131,0.9,0.7,0.9,40,0.9,2,1,0,0,1,1,1,0,1,1,0,73.49954446703651,56.86718691753574,33.92072771115481,1068.958182728255,1.0,1.0,1.0,0.0,1.0,1.0,1.0,0.0,0.0,10.1916,29.5557,41765.68556607431,1302.2151753402,1662.2717252
173,173,35219.0167,0.9,1.0,0.2,50,0.9,2,1,0,0,1,1,1,0,1,1,0,51.71558005465825,31.916585244337675,29.623750729885362,869.4095636965076,0.0,0.0,0.0,0.0,0.0,1.0,1.0,0.0,0.35518013017927663,9.3884,14.5857,31719.058443882524,497.4731611444,907.8664397
174,174,-28947.2607,0.9,0.8,0.6,60,1.0,2,1,0,0,1,1,1,0,1,1,0,83.48782113310355,62.00696255272929,37.448032214935665,1038.6597941119087,0.0,1.0,1.0,0.0,1.0,1.0,1.0,0.0,0.15936374641369508,13.9013,20.1083,65064.04136644582,1380.3884668895,1471.6675753
175,175,-11906.1085,0.8,0.8,0.1,50,1.0,2,1,0,0,1,1,1,0,1,1,0,52.98377797331548,36.12896216834264,31.68620311750304,971.7169589623754,0.0,0.0,0.0,0.0,1.0,1.0,1.0,0.0,0.15647211730852265,12.5127,15.6083,35301.47697300316,593.0519981402,1109.5192222
176,176,-3760.3158,0.9,0.9,0.7,60,1.0,2,1,0,0,1,1,1,0,1,1,0,64.8956079565044,45.525710846903564,26.45033901940885,656.1800000405597,1.0,1.0,0.0,0.0,0.0,1.0,0.0,0.0,0.16885608082527254,12.9054,23.3082,42202.69245091933,1027.046581004,1478.3737453
177,177,2316.3171,0.9,0.9,0.6,50,0.9,2,1,0,0,1,1,1,0,1,1,0,84.37047694715612,64.18591896737911,32.728553042522485,870.581803552153,0.0,1.0,1.0,0.0,1.0,1.0,0.0,0.0,0.20957078841947724,10.3663,16.6345,63785.73222769961,1105.1267847998,1272.3547538
178,178,102965.7772,1.0,1.0,0.2,60,0.9,2,1,0,0,1,1,1,0,1,1,0,60.614505741605626,42.79036101667498,25.620062435333864,674.5450894330878,0.0,0.0,1.0,0.0,0.0,0.0,1.0,0.0,0.5376575809092152,9.8176,17.384,42645.64861836466,775.3531195342,1024.1258237
179,179,-83655.6486,0.8,0.8,0.9,50,0.9,2,1,0,0,1,1,1,0,1,1,0,86.03818595638896,67.91964348327508,31.02689447560465,744.8723073750139,1.0,0.0,1.0,0.0,1.0,1.0,0.0,0.0,0.023829099971447526,10.5852,20.5946,62709.432684397194,1338.2727215713,1482.2848347
180,180,-129908.7458,0.8,0.7,0.8,30,1.0,2,1,0,0,1,1,1,0,1,1,0,42.20851393941271,25.36097922519088,24.210587296046917,636.1493176412416,0.0,0.0,0.0,0.0,0.0,1.0,1.0,0.0,0.0,10.4437,17.1629,22114.044424023134,406.396794221,1076.4814706
181,181,-191479.1603,0.7,1.0,0.1,50,0.9,2,1,0,0,1,1,1,0,1,1,0,63.659908460814,42.44900057022936,31.624527959557348,822.6957712414248,0.0,0.0,1.0,0.0,1.0,1.0,1.0,0.0,0.0,12.0303,24.2549,45092.8152339503,1156.5165662909,1041.7623174
182,182,-24829.8782,0.8,1.0,0.3,50,0.9,2,1,0,0,1,1,1,0,1,1,0,73.72250139700253,56.11791405373439,25.99426780585551,692.9021049368523,1.0,1.0,1.0,0.0,0.0,1.0,0.0,0.0,0.12617026367000136,9.9339,19.2367,54123.73763052349,1079.3621604288,1234.8330602
183,183,-25619.5083,1.0,0.8,0.2,50,0.9,2,1,0,0,1,1,1,0,1,1,0,65.87139175189142,47.3757180987496,30.919792750964884,847.6452528911689,1.0,0.0,0.0,0.0,1.0,1.0,0.0,0.0,0.12647320207260507,9.6413,18.2904,46890.552841825905,904.0479292365,1047.0075014
184,184,-440618.8077,0.7,1.0,0.1,30,1.0,2,1,0,0,1,1,1,0,1,1,0,77.93508927162799,57.474393378993526,35.80372659401506,1231.9068603335475,1.0,1.0,1.0,0.0,1.0,1.0,1.0,0.0,0.0,9.2102,24.8622,50974.00689876682,1338.2319484097,1397.0595601
185,185,-52084.1876,1.0,1.0,0.5,60,1.0,2,1,0,0,1,1,1,0,1,1,0,91.1994048053152,64.1281449094493,38.81423047149657,1045.4827376048797,1.0,0.0,1.0,0.0,1.0,1.0,1.0,0.0,0.11804602636563817,10.0714,23.2476,60907.9359409489,1488.3563905501,1489.5954562
186,186,-165889.3638,0.8,0.7,0.4,50,0.9,2,1,0,0,1,1,1,0,1,1,0,61.984112694109115,44.91289073658366,29.652774528630243,899.1460199807398,0.0,1.0,1.0,0.0,1.0,0.0,1.0,0.0,0.0,11.4816,26.502,40165.17615331884,1118.8223866389,1218.7830609
187,187,-65179.6919,0.7,0.7,0.6,40,0.9,2,1,0,0,1,1,1,0,1,1,0,54.848591471104626,35.92365275661622,32.44869408306264,968.721296684276,0.0,0.0,0.0,0.0,1.0,1.0,1.0,0.0,0.0,10.2971,14.6897,35360.22782364208,559.2955181011,957.1066251
188,188,-188673.3836,1.0,0.7,0.6,40,1.0,2,1,0,0,1,1,1,0,1,1,0,66.64413118144641,45.4053373156911,33.83679341431075,875.5541568210483,0.0,0.0,1.0,0.0,1.0,0.0,1.0,0.0,0.0,9.4317,23.9961,38488.3618864946,979.6526325453,1358.8544818
189,189,-6933.0564,0.8,0.8,0.1,50,0.9,2,1,0,0,1,1,1,0,1,1,0,46.09463083136033,29.80674225194187,27.4691766611059,917.8740962836607,0.0,0.0,0.0,0.0,1.0,1.0,0.0,0.0,0.16475971249812052,11.104,16.5421,28959.86486726965,514.3533084192,911.1812722
190,190,-28576.7858,0.9,0.9,0.6,50,1.0,2,1,0,0,1,1,1,0,1,1,0,56.613506541745664,36.162549955377926,33.392647002155,966.698161668191,0.0,0.0,0.0,0.0,1.0,1.0,1.0,0.0,0.10290936445109346,12.1171,16.3046,36180.741971919764,635.5892807853,1120.4488616
191,191,14087.6214,1.0,0.8,0.2,60,0.9,2,1,0,0,1,1,1,0,1,1,0,63.49958954474249,43.32254717227302,25.2649836653253,656.9831735031947,1.0,1.0,0.0,0.0,0.0,1.0,0.0,0.0,0.2122922975882061,8.6592,23.6575,41518.7601990497,1023.2214236388,1065.481654
192,192,-363218.9184,1.0,0.9,0.3,40,1.0,2,1,0,0,1,1,1,0,1,1,0,89.21888204568376,69.89774929896478,36.24127683308889,1069.9214730125143,1.0,1.0,1.0,0.0,1.0,1.0,1.0,0.0,0.0,10.1448,23.9923,66161.84357845463,1661.2363821537,1481.6890171
193,193,-317707.1429,0.9,1.0,0.4,30,1.0,2,1,0,0,1,1,1,0,1,1,0,55.071353691727666,38.02690633970381,26.718305164667747,814.9086305331269,1.0,0.0,0.0,0.0,0.0,1.0,1.0,0.0,0.0,10.2336,25.9238,32015.17968464356,876.3271624532,1297.782327
194,194,-389601.3537,1.0,1.0,1.0,30,0.9,2,1,0,0,1,1,1,0,1,1,0,77.08812463401087,56.67434518263633,36.17137684769829,1188.9401749614638,0.0,0.0,1.0,0.0,1.0,1.0,1.0,0.0,0.0,7.4108,26.3151,44624.829079537405,1242.4940333608,1337.0249121
195,195,-272177.4768,0.8,0.7,0.3,40,1.0,2,1,0,0,1,1,1,0,1,1,0,61.14026216848304,43.272333595981365,32.65747510118977,1011.1683985725199,0.0,1.0,0.0,0.0,1.0,1.0,1.0,0.0,0.0,10.4412,25.9251,37758.46989526108,1041.6452970253,1255.5216164
196,196,-85011.9018,0.9,0.8,0.6,30,0.9,2,1,0,0,1,1,1,0,1,1,0,45.900747517537134,26.01038520948672,27.008296045011832,731.5486551774059,0.0,0.0,0.0,0.0,1.0,0.0,0.0,0.0,0.0,7.5935,15.0826,23719.591318645587,385.4802110752,893.4152634
197,197,-11056.1601,0.8,0.8,0.4,50,1.0,2,1,0,0,1,1,1,0,1,1,0,46.060854409248556,26.66086475834994,27.07779889358874,657.9528050015023,0.0,0.0,0.0,0.0,1.0,1.0,0.0,0.0,0.12994136457510796,11.4884,17.4602,25046.75577989699,471.1991708137,1048.2185593
198,198,-104510.4998,0.7,0.7,0.3,40,1.0,2,1,0,0,1,1,1,0,1,1,0,53.40336519101338,36.76373030950577,31.970000847588153,970.8519801170431,0.0,0.0,0.0,0.0,1.0,1.0,1.0,0.0,0.0,10.7779,17.6571,33494.59590292073,636.2023417032,1115.1076456
199,199,-350322.8015,0.7,0.7,0.6,30,0.9,2,1,0,0,1,1,1,0,1,1,0,77.03032660533202,55.69547030688618,37.28701835853002,1015.7557504325873,1.0,0.0,0.0,0.0,1.0,1.0,1.0,0.0,0.0,7.0062,23.3056,46876.846499595566,1158.3016259712,1167.5034505
200,200,-45508.9281,0.8,0.7,0.5,50,1.0,2,1,0,0,1,1,1,0,1,1,0,85.59449135886838,66.62561496382506,36.89365307367022,1052.6222358889402,1.0,0.0,1.0,0.0,1.0,1.0,1.0,0.0,0.1082699874588735,12.3379,17.075,66651.73901774723,1197.1179847728,1494.6794302
201,201,5110.0488,0.9,0.7,0.2,50,0.9,2,1,0,0,1,1,1,0,1,1,0,72.52633988099026,55.015901296556756,30.345670695638105,836.0848969773165,0.0,1.0,1.0,0.0,0.0,1.0,1.0,0.0,0.2114012036895366,9.3961,17.2593,54567.04232659743,985.4415969083,1109.3242372
202,202,-16068.3924,0.8,0.8,0.1,50,1.0,2,1,0,0,1,1,1,0,1,1,0,74.56175096223821,58.688437941730555,33.037278501060435,1004.8807264057696,1.0,0.0,0.0,0.0,1.0,0.0,1.0,0.0,0.1473368759988467,8.5838,18.3846,56639.59182992747,1096.0326657686,1220.1015089
203,203,-467182.1358,0.8,0.9,0.7,30,0.9,2,1,0,0,1,1,1,0,1,1,0,66.86591366173595,45.044522422007844,32.031966714152894,894.3498190128977,0.0,1.0,1.0,0.0,1.0,0.0,1.0,0.0,0.0,7.8405,37.5908,32085.251384017647,1272.2179712898,1337.2818266
204,204,-552538.0795,0.7,0.7,0.9,30,1.0,2,1,0,0,1,1,1,0,1,1,0,63.656669691467215,44.18092592416984,26.484776474511232,716.077712586361,1.0,1.0,1.0,0.0,0.0,0.0,1.0,0.0,0.0,12.4423,39.6691,33350.60798747809,1387.4842270551,1861.9988825
205,205,-51414.0435,1.0,0.9,0.1,40,1.0,2,1,0,0,1,1,1,0,1,1,0,46.28033834480734,26.752237878493084,26.10130684937924,762.2453321193059,0.0,0.0,0.0,0.0,0.0,1.0,1.0,0.0,0.0,10.3944,16.3178,24428.96276488004,427.5099557216,1051.3870468
206,206,93489.8878,1.0,0.9,0.4,60,0.9,2,1,0,0,1,1,1,0,1,1,0,47.17320715765327,28.033160507605583,26.785848858866444,761.6521889751136,0.0,0.0,0.0,0.0,0.0,1.0,1.0,0.0,0.6878025577885736,13.3426,13.4162,29727.533893680862,428.0894248708,904.4856844
207,207,15387.0222,0.8,0.9,0.7,60,1.0,2,1,0,0,1,1,1,0,1,1,0,50.40864421173862,32.54661492365846,25.343542938831952,658.6523455815873,0.0,1.0,0.0,0.0,0.0,0.0,1.0,0.0,0.21702576895556064,12.043,23.3201,28559.47002275126,706.544299944,1302.2077401
208,208,-118298.0586,0.8,0.9,0.2,50,1.0,2,1,0,0,1,1,1,0,1,1,0,88.08576754019114,69.79323858631211,35.56661020747915,1071.1029895891736,1.0,1.0,1.0,0.0,1.0,1.0,1.0,0.0,0.0,10.7089,20.0947,69037.55349909162,1452.4403889257,1427.3689941
209,209,-55039.9213,0.8,1.0,0.8,40,1.0,2,1,0,0,1,1,1,0,1,1,0,50.76287275293263,30.834648183207282,29.870633948967317,914.4669926479008,0.0,0.0,0.0,0.0,1.0,1.0,0.0,0.0,0.0,9.6443,16.3793,27684.117973974706,488.0169281388,1102.8258385
210,210,-191144.65,0.7,1.0,0.1,40,1.0,2,1,0,0,1,1,1,0,1,1,0,68.17284427192094,46.64422777318116,31.753603232981124,845.3995724686488,1.0,0.0,0.0,0.0,1.0,1.0,0.0,0.0,0.0,9.402,21.1905,45543.1476040471,1015.8762401146,1191.7585219
211,211,-135436.9332,0.7,0.7,1.0,40,1.0,2,1,0,0,1,1,1,0,1,1,0,68.40894279727888,50.187979085935304,31.449006730414077,853.9595329652313,0.0,0.0,1.0,0.0,1.0,1.0,0.0,0.0,0.0,9.9663,20.2909,41058.19338663762,877.7424056328,1495.7268909
212,212,-288755.2029,1.0,0.9,0.8,40,1.0,2,1,0,0,1,1,1,0,1,1,0,71.71156354450046,55.07343280917833,24.751457218132693,757.0656658123601,1.0,1.0,1.0,0.0,0.0,1.0,0.0,0.0,0.0,13.4897,24.4726,47020.571739068255,1192.3529234389,1796.4339858
213,213,-435972.6983,0.8,0.7,0.1,30,1.0,2,1,0,0,1,1,1,0,1,1,0,60.43402048480072,42.78099385117041,27.734569134668877,835.47736745614,0.0,1.0,1.0,0.0,0.0,1.0,1.0,0.0,0.0,10.092,29.6442,38640.6377029455,1204.5457132771,1246.8613191
214,214,102537.6974,0.8,0.9,0.6,60,0.9,2,1,0,0,1,1,1,0,1,1,0,56.07138607857262,35.83943504147875,33.59165371338953,946.4717511964618,0.0,0.0,0.0,0.0,1.0,0.0,1.0,0.0,0.6314895290900834,10.8688,14.0149,37543.18535525564,568.3584931101,933.1384654
215,215,-218683.3127,0.8,0.9,0.3,40,0.9,2,1,0,0,1,1,1,0,1,1,0,86.94684987698176,68.50968496902526,34.73973551846671,1071.9230809341345,1.0,1.0,1.0,0.0,1.0,1.0,1.0,0.0,0.0,10.1996,18.783,67224.96968481265,1320.2339742551,1301.0940504
216,216,73080.2881,0.7,0.8,0.5,60,0.9,2,1,0,0,1,1,1,0,1,1,0,74.6861323908089,54.78795340034422,35.53771760334476,1009.9794051272728,0.0,1.0,0.0,0.0,1.0,1.0,1.0,0.0,0.37375206992384946,10.2131,17.6876,56361.59504248206,1056.6370079123,1103.4284907
217,217,-256582.3274,0.9,0.7,1.0,40,1.0,2,1,0,0,1,1,1,0,1,1,0,80.34203778165383,61.46464760826957,29.67784800436396,863.8682558465474,1.0,1.0,1.0,0.0,0.0,1.0,1.0,0.0,0.0,12.5708,22.8208,50049.034549545366,1187.3025384433,1916.7370006
218,218,-609940.6194,0.7,1.0,0.7,30,0.9,2,1,0,0,1,1,1,0,1,1,0,75.93020134360373,56.975730671729764,35.01776729032253,1066.608773175337,1.0,1.0,1.0,0.0,1.0,1.0,1.0,0.0,0.0,8.4399,38.4649,40467.786417848576,1643.447234775,1533.8829952
219,219,-268138.5464,0.9,0.8,0.1,40,1.0,2,1,0,0,1,1,1,0,1,1,0,77.60588083791481,57.97118034116222,28.012220875271126,719.074828748403,1.0,1.0,1.0,0.0,0.0,0.0,1.0,0.0,0.0,9.3571,23.3058,58144.38400723823,1406.4009252326,1281.8186349
220,220,-225784.2159,0.9,1.0,0.3,30,0.9,2,1,0,0,1,1,1,0,1,1,0,61.13069145256577,43.7869079734843,24.757975270545085,514.83640306185,1.0,1.0,0.0,0.0,0.0,0.0,0.0,0.0,0.0,8.2112,19.7736,40306.112641677995,833.7197543481,1075.7015599
221,221,-204921.5472,0.7,0.7,0.7,40,0.9,2,1,0,0,1,1,1,0,1,1,0,71.32921193073965,55.544554530398656,30.82110885605583,991.535937816692,0.0,1.0,1.0,0.0,1.0,1.0,0.0,0.0,0.0,9.3787,22.7613,46611.11045789025,1111.9664003756,1347.6790509
222,222,-145166.0871,0.7,0.9,0.9,30,1.0,2,1,0,0,1,1,1,0,1,1,0,46.78629749089699,27.602156243727844,26.40478893444366,762.4189388344412,0.0,0.0,0.0,0.0,0.0,1.0,1.0,0.0,0.0,9.7128,17.8172,24768.156777968445,472.9209767851,1098.3195673
223,223,-271541.7582,0.7,0.9,0.7,30,1.0,2,1,0,0,1,1,1,0,1,1,0,76.92627086497487,58.531835494928345,28.5404389213343,621.5786094910217,0.0,1.0,1.0,0.0,1.0,0.0,0.0,0.0,0.0,9.441,18.3091,52846.41385722127,1006.3081081967,1477.7834147
224,224,37632.0167,0.9,0.7,0.5,50,0.9,2,1,0,0,1,1,1,0,1,1,0,41.26533283947407,21.574554651398884,23.10734790493974,588.7533458811535,0.0,0.0,0.0,0.0,0.0,1.0,0.0,0.0,0.3956484975517181,7.6963,16.0559,19122.36475280337,331.0051911023,872.162419
225,225,-164439.4431,1.0,0.8,0.1,30,0.9,2,1,0,0,1,1,1,0,1,1,0,79.42354562401479,58.80649895450673,33.914186101508655,851.6814667056987,0.0,0.0,1.0,0.0,1.0,1.0,0.0,0.0,0.0,6.2873,15.0416,56190.3486724942,885.2611887785,1021.3316599
226,226,-345169.7102,0.8,0.9,0.8,30,1.0,2,1,0,0,1,1,1,0,1,1,0,69.88311747618444,50.04309309181077,32.10673748340781,850.141952858502,0.0,0.0,1.0,0.0,1.0,1.0,0.0,0.0,0.0,9.0248,25.0645,40426.37181797359,1066.4040010568,1420.4191264
227,227,-24870.006,0.7,0.7,0.2,50,0.9,2,1,0,0,1,1,1,0,1,1,0,56.16168179564292,37.97075092827083,28.57899565937903,781.4173293977236,1.0,0.0,0.0,0.0,1.0,0.0,0.0,0.0,0.10161462398533737,9.4911,20.0692,35761.09591349328,760.2174338253,1024.4077988
228,228,101157.132,1.0,0.7,0.1,60,1.0,2,1,0,0,1,1,1,0,1,1,0,60.629313958815246,41.46998172665894,36.23218044701136,1131.3001436395634,0.0,0.0,0.0,0.0,1.0,1.0,1.0,0.0,0.5573821752194993,11.7113,14.7625,42125.198632710206,673.1009456484,1135.4229602
229,229,-128281.8336,0.8,1.0,0.4,40,1.0,2,1,0,0,1,1,1,0,1,1,0,82.17172438361989,63.63489784761886,35.63872909661062,1027.4092489483905,0.0,0.0,1.0,0.0,1.0,1.0,1.0,0.0,0.0,8.6151,17.4136,59278.419227440536,1083.4643443207,1328.1904277
230,230,-181050.7454,1.0,0.8,0.5,30,1.0,2,1,0,0,1,1,1,0,1,1,0,66.99822420913507,48.06256219680387,25.32865631682081,647.9822903502686,0.0,0.0,1.0,0.0,0.0,1.0,0.0,0.0,0.0,9.056,16.3867,43817.89796805979,748.2445342497,1307.9794654
231,231,82347.1453,1.0,0.7,0.9,60,0.9,2,1,0,0,1,1,1,0,1,1,0,47.78935779537645,28.72015950951765,27.1819920076639,760.886678181279,0.0,0.0,0.0,0.0,0.0,1.0,1.0,0.0,0.59731363429237,13.8822,14.4908,30395.613267451932,473.2078546737,932.1374529
232,232,83010.0041,0.9,1.0,0.2,60,0.9,2,1,0,0,1,1,1,0,1,1,0,49.38417430341712,31.68700719599667,29.373260241792256,825.7990322940487,0.0,0.0,0.0,0.0,1.0,0.0,1.0,0.0,0.5847886686788792,12.633,14.0757,33504.914917957576,506.7986119169,908.4864385
233,233,26507.2767,0.8,0.7,0.7,50,0.9,2,1,0,0,1,1,1,0,1,1,0,46.8261418876409,29.631799933620147,27.83301143312049,798.3102017782172,0.0,0.0,0.0,0.0,1.0,1.0,0.0,0.0,0.3252385792140162,11.3227,14.5069,28713.745478712175,448.5770556115,923.5335135
234,234,-15894.12,0.9,0.8,0.8,60,0.9,2,1,0,0,1,1,1,0,1,1,0,76.69724438868687,59.41658975191506,30.769577885665747,845.3506567590059,1.0,0.0,1.0,0.0,0.0,1.0,1.0,0.0,0.17376583492238953,14.4484,21.5124,59006.54380344899,1325.1016342999,1455.7204019
235,235,-257572.1121,0.7,0.9,0.3,30,0.9,2,1,0,0,1,1,1,0,1,1,0,76.3094901838924,55.084002853519664,35.69208382596787,1023.7664800163159,0.0,0.0,1.0,0.0,1.0,1.0,1.0,0.0,0.0,7.6145,18.9039,49473.0295239761,986.9419640607,1126.5821447
236,236,-145548.9767,1.0,0.7,0.8,30,1.0,2,1,0,0,1,1,1,0,1,1,0,46.55846103610845,27.929555101206073,26.38098170344501,762.3744307061029,0.0,0.0,0.0,0.0,0.0,1.0,1.0,0.0,0.0,10.0788,17.1521,25768.59773312297,473.2564727653,1091.7759756
237,237,-36083.148,1.0,0.9,1.0,60,0.9,2,1,0,0,1,1,1,0,1,1,0,69.02066204682981,49.69989482484193,28.855878122207635,725.4879395882764,0.0,1.0,1.0,0.0,1.0,0.0,0.0,0.0,0.1032987125079993,12.5391,25.1779,43579.84548944943,1145.7968134957,1457.8358337
238,238,17134.2435,0.7,0.9,1.0,60,1.0,2,1,0,0,1,1,1,0,1,1,0,93.7507896892033,77.29660489059538,32.06652850957911,763.2830025823869,1.0,1.0,1.0,0.0,1.0,0.0,1.0,0.0,0.2176548546845438,12.7504,20.8773,71841.10519416448,1551.4438399799,1856.8061036
239,239,-410654.1933,1.0,0.8,0.4,30,0.9,2,1,0,0,1,1,1,0,1,1,0,73.7564485956615,54.853807678978384,28.70066338906655,718.0809479338476,1.0,0.0,1.0,0.0,0.0,1.0,1.0,0.0,0.0,8.5628,26.1714,47799.491169557085,1304.4428708681,1238.8823025
240,240,-165636.3071,1.0,0.8,0.6,40,0.9,2,1,0,0,1,1,1,0,1,1,0,64.52496512922407,44.43891449584727,34.552365195907996,1007.6076975818783,0.0,1.0,0.0,0.0,1.0,1.0,1.0,0.0,0.0,11.6906,18.4813,43772.06247088965,863.93425528,1125.675999
241,241,-379325.3979,1.0,1.0,1.0,30,0.9,2,1,0,0,1,1,1,0,1,1,0,82.01822337051144,64.95411466456676,32.231231767594366,898.628429299668,1.0,1.0,1.0,0.0,1.0,1.0,0.0,0.0,0.0,8.9124,25.0051,46310.87561135787,1210.962288142,1693.4403004
242,242,-44912.5675,0.7,1.0,0.9,50,0.9,2,1,0,0,1,1,1,0,1,1,0,79.60985476638363,57.36726403754346,28.613218509137287,595.0211246427748,0.0,1.0,1.0,0.0,0.0,0.0,1.0,0.0,0.07878475713250795,9.8024,20.7771,52282.5884920483,1126.1390558612,1400.8921304
243,243,34410.6299,1.0,0.9,0.5,50,0.9,2,1,0,0,1,1,1,0,1,1,0,41.70050301737288,24.53144655046883,24.73499549807451,654.7733760441749,0.0,0.0,0.0,0.0,1.0,0.0,0.0,0.0,0.36801233388496063,8.7966,15.6982,21932.247657178043,371.3927651846,881.5839393
244,244,-39053.4949,0.8,0.9,0.5,60,1.0,2,1,0,0,1,1,1,0,1,1,0,68.17858859122691,51.314836053907904,22.767438045895602,549.5615311941092,1.0,1.0,1.0,0.0,0.0,0.0,0.0,0.0,0.10060915914627784,13.9983,24.3326,50269.00654914386,1264.5756399217,1541.8961969
245,245,-386287.897,0.9,1.0,0.1,40,1.0,2,1,0,0,1,1,1,0,1,1,0,71.77946170235523,48.50407592079803,30.747289108483002,856.6408805431477,1.0,1.0,1.0,0.0,0.0,1.0,1.0,0.0,0.0,9.7639,31.2551,45327.988681769,1483.2252998532,1320.8805817
246,246,-112218.0378,0.8,0.7,0.8,50,1.0,2,1,0,0,1,1,1,0,1,1,0,76.22185463604269,58.259703261032854,34.44979017986128,1038.193058679067,1.0,1.0,0.0,0.0,1.0,1.0,1.0,0.0,0.0,11.6739,21.4894,51748.66948882575,1171.4072516827,1535.3803994
247,247,-223412.2059,1.0,0.7,0.5,30,1.0,2,1,0,0,1,1,1,0,1,1,0,74.02006533494406,54.62666192241053,25.34160465913202,665.77760419935,0.0,1.0,1.0,0.0,0.0,1.0,0.0,0.0,0.0,9.1822,17.0651,49796.72946678593,880.5130044362,1405.2013645
248,248,-262431.3624,0.7,1.0,0.2,30,0.9,2,1,0,0,1,1,1,0,1,1,0,72.71821503266335,53.2831393041265,29.75672131371187,945.2115194944639,0.0,1.0,1.0,0.0,0.0,1.0,1.0,0.0,0.0,8.2312,18.9598,50436.143468459384,998.7821019228,1127.9647823
249,249,-289003.7329,0.9,0.9,0.2,30,1.0,2,1,0,0,1,1,1,0,1,1,0,78.9995699563409,56.80255107950801,31.24592813035408,842.5959515016057,1.0,0.0,1.0,0.0,0.0,1.0,1.0,0.0,0.0,8.8634,19.1253,53199.93654542435,1061.7434069969,1321.4996959
250,250,-136318.9092,0.8,0.8,1.0,50,0.9,2,1,0,0,1,1,1,0,1,1,0,78.61521100999254,59.323291052364695,32.20047979471364,855.6282622537125,1.0,0.0,1.0,0.0,1.0,1.0,1.0,0.0,0.0,17.3034,17.85,62052.54047189738,1156.9984755343,1562.5516887
251,251,-187299.2213,0.7,0.8,0.2,40,1.0,2,1,0,0,1,1,1,0,1,1,0,94.3644334343092,73.86834884557375,35.723694014774296,1036.1573709910292,1.0,0.0,1.0,0.0,1.0,0.0,1.0,0.0,0.0,7.5944,19.3071,71242.01827973903,1434.1746029383,1342.3111918
252,252,89451.7326,0.8,1.0,0.6,60,0.9,2,1,0,0,1,1,1,0,1,1,0,50.14317232719785,27.83464181088856,28.06420111245594,760.4144003311853,0.0,0.0,0.0,0.0,0.0,1.0,1.0,0.0,0.6437137952803306,8.1896,16.3032,25606.203489871878,450.445004708,914.6426951
253,253,-173544.3847,0.9,0.9,0.3,30,0.9,2,1,0,0,1,1,1,0,1,1,0,54.610951793483466,38.18623360425735,32.770214011227075,1134.6170813441825,0.0,0.0,0.0,0.0,1.0,1.0,1.0,0.0,0.0,8.4584,17.048,33777.28420998645,621.3565527467,974.4437314
254,254,73979.3944,0.8,0.9,0.1,60,0.9,2,1,0,0,1,1,1,0,1,1,0,80.63170101631484,62.9287871286838,33.67634588600285,1056.8167260102866,1.0,0.0,1.0,0.0,1.0,1.0,1.0,0.0,0.37692878589642465,10.1065,17.6062,64714.066954197595,1195.0420756583,1140.9486783
255,255,-196160.7551,0.8,0.9,0.8,50,0.9,2,1,0,0,1,1,1,0,1,1,0,66.09162918014107,47.885498759001536,34.27660549974171,1184.893958406518,1.0,0.0,0.0,0.0,1.0,1.0,1.0,0.0,0.0,15.4219,21.9476,50511.35359086602,1182.720383226,1259.3344988
256,256,-40352.0632,1.0,0.9,0.6,50,1.0,2,1,0,0,1,1,1,0,1,1,0,73.66086238232566,57.220822782471785,30.80708804159587,857.696458271584,0.0,0.0,1.0,0.0,1.0,1.0,0.0,0.0,0.09128016536013397,10.0397,19.3263,53454.503518482314,1079.0131199827,1361.0141317
257,257,-139467.673,0.8,1.0,0.4,50,1.0,2,1,0,0,1,1,1,0,1,1,0,74.6713145722681,57.4356143084763,32.568909672926,1026.7755537207797,0.0,1.0,1.0,0.0,1.0,0.0,1.0,0.0,0.0,10.8231,23.1355,54059.891307412385,1311.4653047361,1398.1911003
258,258,70205.6051,0.8,0.8,0.7,60,1.0,2,1,0,0,1,1,1,0,1,1,0,70.53075239624545,49.45615826622348,31.349321046441602,813.743704294661,0.0,0.0,1.0,0.0,0.0,1.0,1.0,0.0,0.40225006491812076,13.5525,17.7572,49613.221196022016,925.7604409358,1389.4038615
259,259,-170442.6722,0.9,0.8,0.6,40,1.0,2,1,0,0,1,1,1,0,1,1,0,70.4415911043474,53.33094094534596,25.198500228977437,662.7015264108948,1.0,1.0,0.0,0.0,0.0,1.0,0.0,0.0,0.0,10.3093,20.3284,49253.67716418436,1038.9207432101,1435.0414156
260,260,-334742.4553,0.8,1.0,0.5,30,0.9,2,1,0,0,1,1,1,0,1,1,0,77.29552551148011,57.33359651253772,33.698750814090126,1023.1452892854264,0.0,1.0,1.0,0.0,1.0,0.0,1.0,0.0,0.0,7.7829,22.5377,48877.73554430219,1156.5065322725,1253.1692166
261,261,-532901.4462,1.0,0.8,0.3,30,0.9,2,1,0,0,1,1,1,0,1,1,0,86.01926912648801,69.92567469293107,34.751876026892624,1073.4986290267632,1.0,1.0,1.0,0.0,1.0,1.0,1.0,0.0,0.0,8.5643,25.2472,62931.73111806229,1661.995883265,1300.0006988
262,262,-378454.989,0.9,0.7,0.6,30,0.9,2,1,0,0,1,1,1,0,1,1,0,87.21320331625,67.81775227236254,35.14923622183455,870.0134372517122,1.0,1.0,1.0,0.0,1.0,1.0,1.0,0.0,0.0,8.9653,21.5108,57177.62359022173,1285.3975606828,1443.5729946
263,263,65736.3656,0.9,0.8,0.2,60,0.9,2,1,0,0,1,1,1,0,1,1,0,53.347570379664006,36.80507877837826,32.053621605058936,970.3777861598495,0.0,0.0,0.0,0.0,1.0,1.0,1.0,0.0,0.45505321821833744,12.1972,15.3415,38486.99522702543,635.9794674775,946.9027147
264,264,97904.3732,1.0,0.7,0.2,60,0.9,2,1,0,0,1,1,1,0,1,1,0,54.13993395560026,29.580843874718408,31.266729645125743,790.9533085530522,0.0,0.0,0.0,0.0,1.0,1.0,0.0,0.0,0.684742514358898,7.1153,15.4696,26906.394333202854,450.9691654005,895.9753589
265,265,-27493.1678,0.7,0.7,0.7,40,1.0,2,1,0,0,1,1,1,0,1,1,0,42.54955067723503,23.816936417505687,25.09264460205863,547.1249477001461,0.0,0.0,0.0,0.0,1.0,0.0,0.0,0.0,0.0006837548944930552,9.8908,15.3428,21707.81063164705,359.2350130985,1040.5610726
266,266,-211085.7177,0.7,0.9,1.0,50,1.0,2,1,0,0,1,1,1,0,1,1,0,75.33952449043298,54.44138799871581,35.816199428785325,1213.6949794765542,1.0,0.0,1.0,0.0,1.0,1.0,1.0,0.0,0.0,11.5071,28.7431,43498.39195706896,1323.5425372027,1757.0936087
267,267,-228447.9352,0.7,0.9,0.9,40,1.0,2,1,0,0,1,1,1,0,1,1,0,80.22421266283487,59.01623018146414,36.468447090334394,1033.7088665478204,1.0,1.0,0.0,0.0,1.0,1.0,1.0,0.0,0.0,9.7237,22.468,49421.31063711906,1171.512978237,1547.7363831
268,268,-296261.8998,0.9,0.7,0.6,40,0.9,2,1,0,0,1,1,1,0,1,1,0,85.49941811677324,66.69641869281095,36.94565338431422,1050.8457086340647,1.0,0.0,1.0,0.0,1.0,1.0,1.0,0.0,0.0,9.2934,23.6098,59821.168960095114,1484.2240260202,1353.0577105
269,269,-178388.0855,1.0,1.0,0.1,40,1.0,2,1,0,0,1,1,1,0,1,1,0,62.504402560608995,43.83281854585965,27.710123608594877,710.0609602647291,0.0,0.0,1.0,0.0,1.0,0.0,0.0,0.0,0.0,9.8046,21.6448,42984.59182759367,975.7577089225,1160.0999823
270,270,-122749.7819,0.7,0.8,0.5,50,1.0,2,1,0,0,1,1,1,0,1,1,0,61.94728736511524,45.94057439714098,31.116100417441395,812.9075205644709,0.0,1.0,0.0,0.0,1.0,1.0,1.0,0.0,0.0,11.2961,22.9821,41726.7095680234,1012.4470217187,1265.4372138
271,271,-435570.8586,0.7,1.0,0.4,30,0.9,2,1,0,0,1,1,1,0,1,1,0,76.10453728820336,58.637916837741216,34.489812145148896,1038.5109655250778,1.0,1.0,0.0,0.0,1.0,1.0,1.0,0.0,0.0,7.914,25.0403,50344.17833739641,1328.474443851,1215.9164163
272,272,-119816.3086,0.8,0.8,0.3,40,0.9,2,1,0,0,1,1,1,0,1,1,0,62.07524540038052,43.39117668364964,27.17318741208432,814.8782892032411,1.0,0.0,0.0,0.0,0.0,1.0,1.0,0.0,0.0,9.4262,19.0499,40709.00986968761,812.6988982068,1086.7404177
273,273,59619.3338,0.8,0.8,0.7,60,0.9,2,1,0,0,1,1,1,0,1,1,0,60.267556236558846,36.162867252287114,34.95165770336391,964.8935200354197,0.0,0.0,0.0,0.0,1.0,1.0,1.0,0.0,0.43321545490487184,7.3187,17.649,33540.34192187164,640.2679972747,955.4938372
274,274,-60655.4968,1.0,0.8,0.2,50,1.0,2,1,0,0,1,1,1,0,1,1,0,68.6889516431566,50.59628926573042,25.63818976819584,608.502101325129,1.0,0.0,1.0,0.0,0.0,0.0,1.0,0.0,0.03424819121808175,10.6071,20.5783,49874.135295252294,1066.7101098693,1281.955607
275,275,-18729.1217,1.0,0.7,0.7,50,1.0,2,1,0,0,1,1,1,0,1,1,0,53.84774801568879,35.2441400644189,31.89029523965352,969.4405196112425,0.0,0.0,0.0,0.0,1.0,1.0,1.0,0.0,0.13248759456684042,12.7168,15.8376,34560.13393054068,588.9916273804,1125.8155899
276,276,-334897.4289,0.8,0.8,0.1,30,1.0,2,1,0,0,1,1,1,0,1,1,0,76.60072536450338,55.06337206511748,32.965250154955115,897.9264627014419,0.0,1.0,1.0,0.0,1.0,0.0,1.0,0.0,0.0,8.7848,20.5977,52730.55474509708,1137.2129662296,1258.0123584
277,277,-58674.9825,0.8,0.7,0.7,50,0.9,2,1,0,0,1,1,1,0,1,1,0,68.03872084935378,50.76727450847292,28.70421208281916,728.1706871997836,0.0,1.0,1.0,0.0,1.0,0.0,0.0,0.0,0.03804372160908661,10.87,21.1996,45643.18037594286,1012.3712069756,1317.2642016
278,278,-87605.173,0.8,0.8,0.1,50,1.0,2,1,0,0,1,1,1,0,1,1,0,66.98233010472927,48.237298944643626,32.58563990336123,1021.6673951177142,0.0,1.0,1.0,0.0,1.0,0.0,1.0,0.0,0.0,10.2671,21.9391,45148.25320411465,1046.5454513662,1276.6909892
279,279,-47190.8468,1.0,1.0,0.5,50,1.0,2,1,0,0,1,1,1,0,1,1,0,63.932956567826274,47.23013298060971,24.9837836771095,694.594935948915,0.0,1.0,1.0,0.0,0.0,0.0,1.0,0.0,0.053757610724584945,12.6683,19.5054,44588.31850101373,905.7802675131,1420.2828224
280,280,-103308.5686,0.9,0.8,0.8,50,1.0,2,1,0,0,1,1,1,0,1,1,0,59.88052415006034,41.461684628941484,29.377959787316662,837.6769177858846,0.0,1.0,0.0,0.0,1.0,1.0,0.0,0.0,0.0,10.2197,24.2907,35264.630662632626,902.8768840167,1325.9278324
281,281,95162.626,0.9,0.9,0.2,60,0.9,2,1,0,0,1,1,1,0,1,1,0,45.91706497286411,24.895567854292857,26.7347256782965,650.4600690463428,0.0,0.0,0.0,0.0,1.0,0.0,0.0,0.0,0.7226352212735598,10.0169,14.3101,24790.577803953067,383.2560344036,859.6112964
282,282,-270621.1253,0.7,0.7,0.8,50,1.0,2,1,0,0,1,1,1,0,1,1,0,76.75035031399213,55.29631201300532,35.07386527193359,1065.9898035631063,1.0,1.0,1.0,0.0,1.0,1.0,1.0,0.0,0.0,12.4319,30.6773,44278.62930507345,1430.7114933382,1781.550326
283,283,-174310.1211,0.8,0.7,0.3,30,1.0,2,1,0,0,1,1,1,0,1,1,0,57.619580339824154,36.16238363229529,33.85407594176163,967.3086852012289,0.0,0.0,0.0,0.0,1.0,1.0,1.0,0.0,0.0,9.0037,17.3228,31722.933320705546,591.6221588671,1113.9970272
284,284,-277994.8556,1.0,0.9,0.7,30,1.0,2,1,0,0,1,1,1,0,1,1,0,73.87940254903262,51.13436110550617,35.318127426777906,870.8922236533672,1.0,0.0,0.0,0.0,1.0,0.0,1.0,0.0,0.0,8.3989,20.4041,44001.15155092173,949.2090882903,1334.299326
285,285,-48959.8533,1.0,1.0,0.5,30,1.0,2,1,0,0,1,1,1,0,1,1,0,35.83191242459827,17.111112943113174,19.906606256032312,444.864464251817,0.0,0.0,0.0,0.0,0.0,0.0,0.0,0.0,0.0,9.0257,13.2309,16719.508230090047,238.0806624917,1004.6269999
286,286,-316650.3715,0.9,0.7,0.6,30,0.9,2,1,0,0,1,1,1,0,1,1,0,75.10363800815962,54.69851691244058,33.38908206339353,836.2227227884174,1.0,1.0,0.0,0.0,1.0,1.0,1.0,0.0,0.0,8.1183,22.1286,44644.88863373812,1037.5788628814,1267.8394797
287,287,-118193.2005,0.7,0.8,0.1,40,1.0,2,1,0,0,1,1,1,0,1,1,0,52.3709557091799,31.349298576501177,30.53815218170073,767.7611383189051,0.0,0.0,0.0,0.0,1.0,1.0,1.0,0.0,0.0,10.7883,19.0967,29109.436753242182,596.9681083749,1075.6013539
288,288,-447156.6541,0.9,0.8,0.6,30,1.0,2,1,0,0,1,1,1,0,1,1,0,91.40868018686172,74.18258285657046,38.32495933526148,1070.3378869630449,1.0,1.0,1.0,0.0,1.0,1.0,1.0,0.0,0.0,9.6008,21.8628,63523.06420518388,1459.5089062176,1626.9200658
289,289,-423630.4151,1.0,0.8,0.6,30,1.0,2,1,0,0,1,1,1,0,1,1,0,83.07632081727851,62.1967384662987,31.18264548021336,861.4172833304845,1.0,1.0,1.0,0.0,0.0,1.0,1.0,0.0,0.0,10.3786,23.4417,53642.67627652388,1309.5778975434,1640.7564184
290,290,33680.9703,0.7,1.0,0.8,60,0.9,2,1,0,0,1,1,1,0,1,1,0,76.4201754547615,55.05452420466779,33.054420069079704,867.4616305185726,0.0,1.0,1.0,0.0,1.0,1.0,0.0,0.0,0.29417719749811977,14.3621,18.3817,56775.52152096035,1094.9408765656,1359.4376714
291,291,-86243.2851,1.0,0.7,0.7,50,0.9,2,1,0,0,1,1,1,0,1,1,0,95.89460515824825,77.12380975586807,36.983362116703375,1056.0455082035326,1.0,0.0,1.0,0.0,1.0,1.0,1.0,0.0,0.05891356983564925,11.4076,18.0557,79614.9629878836,1504.3004793643,1392.1513633
292,292,70351.4097,1.0,1.0,0.7,60,0.9,2,1,0,0,1,1,1,0,1,1,0,77.31266468398908,54.89586440269713,36.734921863659466,1005.7454971331264,0.0,1.0,0.0,0.0,1.0,1.0,1.0,0.0,0.36770998371162544,7.8204,18.9308,52597.716833888095,1056.2471603351,1126.126196
293,293,-131022.3744,1.0,0.7,0.5,40,1.0,2,1,0,0,1,1,1,0,1,1,0,60.27914112375744,36.75591473001384,30.227607664073577,696.7435065178213,1.0,0.0,0.0,0.0,1.0,0.0,0.0,0.0,0.0,9.25,22.3219,31652.16872668689,749.457444471,1278.3247976
294,294,14529.7302,0.8,1.0,0.3,50,1.0,2,1,0,0,1,1,1,0,1,1,0,58.827969189109226,38.24743567327012,34.89674371308344,966.1386617038764,0.0,0.0,0.0,0.0,1.0,1.0,1.0,0.0,0.26045529327532335,11.2384,14.3381,38312.86695658813,592.9954621012,1112.8370866
295,295,-431249.384,0.8,1.0,1.0,40,1.0,2,1,0,0,1,1,1,0,1,1,0,88.2765301525618,68.77890231314342,35.49081087592872,1071.3417149913184,1.0,1.0,1.0,0.0,1.0,1.0,1.0,0.0,0.0,10.7759,29.3945,54000.047031285554,1661.0557162846,1882.7939463
296,296,-116920.279,0.7,1.0,0.3,40,1.0,2,1,0,0,1,1,1,0,1,1,0,72.03638965300355,52.03263937437996,30.684382468859297,804.7429709140491,0.0,1.0,1.0,0.0,1.0,0.0,0.0,0.0,0.0,9.5897,18.1629,49439.61188051846,940.8032966309,1307.1752364
297,297,-35255.6383,0.9,0.9,0.8,50,0.9,2,1,0,0,1,1,1,0,1,1,0,84.7966935222399,65.88657062252473,29.158378198269933,775.2874801511717,1.0,0.0,1.0,0.0,0.0,0.0,1.0,0.0,0.11098319584302076,9.9992,19.6341,61937.225611471855,1258.6389120806,1438.6732004
298,298,-44629.0091,0.7,1.0,0.2,50,1.0,2,1,0,0,1,1,1,0,1,1,0,64.46614329035293,46.96796662353755,27.950260136338876,819.6475482767835,0.0,0.0,1.0,0.0,0.0,1.0,1.0,0.0,0.07451714503517427,11.7153,18.8133,46932.064873737494,924.6866257671,1232.2656059
299,299,23677.6018,0.8,0.9,0.9,50,0.9,2,1,0,0,1,1,1,0,1,1,0,50.965274237675736,32.93214174249241,30.255485225763017,950.4738821402968,0.0,0.0,0.0,0.0,1.0,0.0,1.0,0.0,0.3101825203320417,10.9753,14.4264,32562.07943076487,505.3314593926,951.9328954
300,300,-336046.9166,0.9,0.8,0.6,30,1.0,2,1,0,0,1,1,1,0,1,1,0,76.6360246144445,54.739491516210634,33.0973274909658,866.1707184103452,0.0,1.0,1.0,0.0,1.0,1.0,0.0,0.0,0.0,9.2745,22.2438,46818.33248618085,1091.8431640663,1453.5812029
301,301,32051.9233,0.9,0.9,0.6,50,1.0,2,1,0,0,1,1,1,0,1,1,0,40.80614900336398,22.976244669765926,23.343044570122125,523.1828489534425,0.0,0.0,0.0,0.0,0.0,0.0,1.0,0.0,0.34563605884203175,9.7856,16.4184,20748.21941966271,367.0724170809,1036.9815798
302,302,-497803.3778,0.9,0.8,0.6,30,0.9,2,1,0,0,1,1,1,0,1,1,0,65.40167413350378,46.84009135811763,31.61278901002139,841.8191697777493,0.0,1.0,1.0,0.0,1.0,1.0,1.0,0.0,0.0,9.0673,35.0406,35991.589362596336,1329.7311874364,1305.8362123
303,303,71420.2027,0.9,0.9,0.6,60,1.0,2,1,0,0,1,1,1,0,1,1,0,47.99316377631348,29.918444838163893,28.48627054023145,797.3260488570045,0.0,0.0,0.0,0.0,1.0,1.0,0.0,0.0,0.5106858536917678,13.4095,15.5249,29646.005221082356,495.5958982354,1079.2568512
304,304,-157088.8229,0.8,0.9,0.2,40,1.0,2,1,0,0,1,1,1,0,1,1,0,54.96916888206463,37.69336865625081,26.56031126297397,694.8211717378995,0.0,1.0,0.0,0.0,1.0,0.0,0.0,0.0,0.0,9.5151,22.2073,34770.29794147457,813.6850649082,1156.721348
305,305,-74280.0217,0.7,1.0,1.0,60,1.0,2,1,0,0,1,1,1,0,1,1,0,78.8956959846879,61.07613757003754,35.10187863874801,1043.5271176596482,0.0,1.0,1.0,0.0,1.0,1.0,1.0,0.0,0.08178258542754549,17.4011,20.541,63958.4321535523,1383.9450385035,1635.807379
306,306,-203339.6968,0.8,1.0,0.7,40,0.9,2,1,0,0,1,1,1,0,1,1,0,62.1238921417875,42.36638488465921,23.592638434435347,517.4732883724454,0.0,1.0,1.0,0.0,0.0,0.0,0.0,0.0,0.0,10.0871,26.0962,36160.881074104276,983.2687794369,1319.2437749
307,307,-154822.4242,0.8,0.9,0.9,40,1.0,2,1,0,0,1,1,1,0,1,1,0,75.85996571246866,57.223630934878116,34.551660229367236,891.6681050510172,1.0,1.0,0.0,0.0,1.0,0.0,1.0,0.0,0.0,10.4457,19.2078,49648.37746624867,1004.8718678857,1527.5622879
308,308,-166454.478,1.0,0.9,0.3,50,1.0,2,1,0,0,1,1,1,0,1,1,0,84.77377582204305,65.20901971743606,33.6230512491584,895.4145703916809,1.0,1.0,1.0,0.0,1.0,1.0,0.0,0.0,0.0,11.3089,22.3989,64937.60247171861,1518.2367902691,1439.9599038
309,309,2286.538,0.8,0.9,1.0,60,0.9,2,1,0,0,1,1,1,0,1,1,0,63.73695517239915,41.11533788586681,32.17523841054872,960.8902390380177,1.0,0.0,0.0,0.0,1.0,1.0,0.0,0.0,0.22675813338751238,14.5339,20.4897,38807.24020685218,845.7761812412,1287.9478407
310,310,-93792.1059,0.9,0.8,1.0,60,1.0,2,1,0,0,1,1,1,0,1,1,0,78.5756548155581,59.334565413398664,34.47680184280774,1042.6020924960537,0.0,1.0,1.0,0.0,1.0,1.0,1.0,0.0,0.04503930511286998,17.7509,20.9883,62370.411307239236,1376.7704946584,1645.9744496
311,311,-117622.3661,0.7,0.7,0.3,30,1.0,2,1,0,0,1,1,1,0,1,1,0,47.44604453323299,26.682653311146364,26.99421484615732,632.8242709181166,0.0,0.0,0.0,0.0,0.0,1.0,1.0,0.0,0.0,9.4341,16.0251,24797.192066853204,427.2445537683,1040.8020508
312,312,85614.0195,1.0,0.9,0.9,60,0.9,2,1,0,0,1,1,1,0,1,1,0,55.972327178037915,38.17378957010851,33.337607272660996,1134.0821286105793,0.0,0.0,0.0,0.0,1.0,1.0,1.0,0.0,0.535356566555264,12.3755,14.4377,39972.09994566466,623.1340177208,988.7347001
313,313,-99103.4834,0.8,0.7,0.7,50,0.9,2,1,0,0,1,1,1,0,1,1,0,72.39485599916361,49.935479858980614,36.491508785865825,1004.4652263454777,0.0,1.0,0.0,0.0,1.0,1.0,1.0,0.0,0.0,11.399,18.7965,52204.48693563424,1044.9888704522,1127.1976992
314,314,-459469.0561,1.0,0.7,0.9,30,0.9,2,1,0,0,1,1,1,0,1,1,0,78.74106168758223,59.768654952019716,32.59102418169507,908.9630869847798,1.0,0.0,1.0,0.0,1.0,0.0,1.0,0.0,0.0,8.3765,29.4863,45074.83378495506,1390.8938095312,1492.5170263
315,315,-72842.829,1.0,0.7,0.7,30,0.9,2,1,0,0,1,1,1,0,1,1,0,46.83660730580039,25.149042576780555,26.15892781545701,685.4968295002542,0.0,0.0,0.0,0.0,0.0,0.0,1.0,0.0,0.0,6.6808,15.3084,22521.63998916286,371.278712702,896.2301525
316,316,-276650.1408,0.8,0.8,0.1,40,0.9,2,1,0,0,1,1,1,0,1,1,0,76.77311530317138,50.29293014381827,37.543538862531214,1013.5591682999429,0.0,1.0,1.0,0.0,1.0,0.0,1.0,0.0,0.0,8.6811,24.5446,49921.81964515356,1299.9535094959,1093.6002227
317,317,-156185.2751,0.9,0.9,0.2,30,1.0,2,1,0,0,1,1,1,0,1,1,0,45.02756787363858,26.093134241346032,25.321716542590863,762.7457422671507,0.0,0.0,0.0,0.0,0.0,1.0,1.0,0.0,0.0,9.672,19.7046,22308.002362750918,470.672797542,1057.8547476
318,318,40065.2493,0.9,0.8,0.8,60,1.0,2,1,0,0,1,1,1,0,1,1,0,84.31332305533026,64.38346944105112,35.8599307759746,1051.799489588684,1.0,0.0,1.0,0.0,1.0,1.0,1.0,0.0,0.3094349964270782,16.0316,16.8425,67280.92290864795,1191.315266888,1633.1933547
319,319,-92570.7122,0.9,0.9,1.0,50,0.9,2,1,0,0,1,1,1,0,1,1,0,76.86363473983889,57.77066987506157,33.8357369762506,896.1594184995431,0.0,1.0,1.0,0.0,1.0,0.0,1.0,0.0,0.005861722087701318,14.3625,18.7048,57723.38164194133,1133.5189811782,1428.2718319
320,320,-543436.9652,0.8,0.9,0.9,30,0.9,2,1,0,0,1,1,1,0,1,1,0,82.88762617603027,65.36114355126742,32.592285191815144,928.2247418075922,1.0,1.0,1.0,0.0,1.0,0.0,1.0,0.0,0.0,9.3971,30.0373,50049.42920200094,1569.6184787487,1636.141898
321,321,38475.4264,1.0,1.0,0.5,50,1.0,2,1,0,0,1,1,1,0,1,1,0,38.380902557940345,21.497916534618874,21.70901607603093,591.6640487885702,0.0,0.0,0.0,0.0,0.0,1.0,0.0,0.0,0.3939514014154987,9.6552,15.6966,19002.656929648387,321.1114608793,1037.8559935
322,322,-33811.8675,0.8,0.7,1.0,60,1.0,2,1,0,0,1,1,1,0,1,1,0,67.28590947395267,48.10102299226225,33.74257165206756,1009.4474812120322,0.0,1.0,0.0,0.0,1.0,1.0,1.0,0.0,0.1395897678948043,16.3957,19.2596,51104.5805579629,1045.4591685435,1371.5521974
323,323,46142.9848,0.9,0.9,0.8,50,0.9,2,1,0,0,1,1,1,0,1,1,0,52.89443654663741,30.41747291244604,29.9851177417725,756.7770299814106,0.0,0.0,0.0,0.0,0.0,1.0,1.0,0.0,0.42522260954222185,9.151,13.953,29779.314074882284,447.7151327457,914.7645229
324,324,-312230.4185,0.7,0.8,1.0,40,1.0,2,1,0,0,1,1,1,0,1,1,0,80.67920093709559,61.07399633957206,30.89270601856032,759.170142173194,1.0,1.0,1.0,0.0,1.0,1.0,0.0,0.0,0.0,12.4158,25.2125,49734.46734828331,1305.8031796175,1885.3858165
325,325,67435.5639,0.7,0.8,0.3,60,0.9,2,1,0,0,1,1,1,0,1,1,0,52.50354541728422,31.29066057894753,30.7247564717377,824.0431356753381,0.0,0.0,0.0,0.0,1.0,0.0,1.0,0.0,0.4969615756698304,11.4625,15.3518,32969.70465177836,545.3099612522,911.7932464
326,326,-287542.0383,0.8,0.9,0.2,50,1.0,2,1,0,0,1,1,1,0,1,1,0,64.8910003174854,48.03257076022962,27.582188951357757,862.654006426834,1.0,1.0,1.0,0.0,0.0,1.0,1.0,0.0,0.0,11.7176,32.2889,43891.05468264401,1481.0454124833,1393.368389
327,327,-155059.6464,0.8,0.7,0.1,30,1.0,2,1,0,0,1,1,1,0,1,1,0,59.51161028571458,36.74890049262107,34.80444943821012,964.9419140016262,0.0,0.0,0.0,0.0,1.0,1.0,1.0,0.0,0.0,9.214,15.5402,33667.55809010915,563.5725027978,1109.4661669
328,328,-63129.5125,0.8,0.9,0.1,50,0.9,2,1,0,0,1,1,1,0,1,1,0,76.39870725467806,53.39564250201167,33.80402138749736,889.4162225841487,1.0,1.0,0.0,0.0,1.0,0.0,1.0,0.0,0.061340596894493934,9.868,18.5531,55871.45446053246,1090.8664535586,1073.0958734
329,329,-400143.9859,0.7,0.8,0.3,30,1.0,2,1,0,0,1,1,1,0,1,1,0,85.87607888030121,63.77445802968128,33.72270497521588,894.6188771138951,1.0,1.0,1.0,0.0,1.0,1.0,0.0,0.0,0.0,9.3315,21.5408,59093.479591190815,1327.9891314548,1441.5666464
330,330,-261565.8676,0.7,1.0,0.1,30,1.0,2,1,0,0,1,1,1,0,1,1,0,77.25651129054317,52.03522547543372,35.87864503278093,873.9964477100766,0.0,0.0,1.0,0.0,1.0,0.0,1.0,0.0,0.0,8.0895,18.8227,49870.96223793736,988.9400229457,1207.3141783
331,331,-215881.3111,0.9,0.8,0.9,50,1.0,2,1,0,0,1,1,1,0,1,1,0,71.66413491610412,52.594624356199205,34.06066808157136,1052.2751183446264,1.0,0.0,1.0,0.0,1.0,1.0,1.0,0.0,0.0,12.2875,28.7514,42587.7810770925,1292.8442478518,1707.2555567
332,332,-198018.311,0.8,0.9,0.2,40,0.9,2,1,0,0,1,1,1,0,1,1,0,88.232431492035,66.04293053525677,35.42553442222226,893.5865302492803,1.0,1.0,1.0,0.0,1.0,1.0,0.0,0.0,0.0,8.7618,19.2979,66094.18237000778,1333.4758100587,1193.2980908
333,333,-102171.6195,0.9,0.8,0.1,50,0.9,2,1,0,0,1,1,1,0,1,1,0,67.57052436463017,50.430327451144876,28.320009985733574,831.6828128753441,1.0,1.0,0.0,0.0,0.0,1.0,1.0,0.0,0.0,8.1941,23.196,48057.11930357179,1164.1366135165,1062.1970499
334,334,-41586.1389,0.8,0.8,0.7,60,1.0,2,1,0,0,1,1,1,0,1,1,0,73.43173303176923,50.16391349144102,30.863891429673938,825.7687279684508,1.0,1.0,0.0,0.0,0.0,1.0,1.0,0.0,0.10937579560840675,14.7569,22.2249,50043.469647524165,1163.5241426281,1490.0849938
335,335,-37285.3936,0.9,1.0,0.6,50,1.0,2,1,0,0,1,1,1,0,1,1,0,86.56435821271164,66.86469807352402,35.948446635744695,1018.2502057633069,1.0,1.0,0.0,0.0,1.0,0.0,1.0,0.0,0.10936646592318867,9.2285,19.0939,63477.408370021614,1272.0020504679,1426.6237393
336,336,-198319.3929,0.7,0.7,0.8,40,1.0,2,1,0,0,1,1,1,0,1,1,0,78.40046256208115,60.25321747829015,34.70053755530605,1042.074910498791,0.0,1.0,1.0,0.0,1.0,1.0,1.0,0.0,0.0,10.1513,20.9945,50194.32553430639,1108.1126719519,1562.0523396
337,337,-315600.4676,0.7,0.8,0.7,30,0.9,2,1,0,0,1,1,1,0,1,1,0,79.25884467941935,61.1787687960786,35.27259713736828,1043.9643599869567,0.0,1.0,1.0,0.0,1.0,1.0,1.0,0.0,0.0,7.7654,21.7463,48721.177593992084,1115.4324578054,1343.2557142
338,338,15903.7113,0.7,0.8,1.0,50,0.9,2,1,0,0,1,1,1,0,1,1,0,52.028267362072604,31.880272590755894,30.657220605778814,824.0366897674257,0.0,0.0,0.0,0.0,1.0,0.0,1.0,0.0,0.27595150725216977,10.6488,14.8765,31729.280324260773,508.3820259118,935.2030001
339,339,-115865.8292,0.9,0.9,0.2,40,0.9,2,1,0,0,1,1,1,0,1,1,0,71.54286889943961,51.491054250238804,30.3003189268482,829.7164062526313,1.0,1.0,0.0,0.0,0.0,1.0,1.0,0.0,0.0,8.4197,18.2911,49416.602402997836,946.4979105706,1103.302413
340,340,-274805.6727,0.7,0.8,0.9,40,1.0,2,1,0,0,1,1,1,0,1,1,0,66.01054643481491,46.26677052679481,25.98228084582977,597.4912155396804,0.0,1.0,1.0,0.0,0.0,0.0,1.0,0.0,0.0,11.2896,28.6142,37304.76053763428,1115.2008621723,1614.5156492
341,341,-11758.4281,1.0,0.7,0.7,50,0.9,2,1,0,0,1,1,1,0,1,1,0,49.080627176722004,32.97698667963666,29.444152573858666,771.9927867998431,0.0,0.0,0.0,0.0,1.0,1.0,1.0,0.0,0.17374508190635216,13.713,14.651,35214.09567869108,554.6034857585,932.8294119
342,342,-134210.2902,1.0,1.0,0.2,40,0.9,2,1,0,0,1,1,1,0,1,1,0,78.65809494902577,57.430479321633776,31.183021843252227,844.3027221458024,1.0,0.0,1.0,0.0,0.0,1.0,1.0,0.0,0.0,9.1758,17.7016,57602.54332130506,1063.4513807963,1141.2991087
343,343,-265263.3515,0.7,1.0,0.4,40,1.0,2,1,0,0,1,1,1,0,1,1,0,88.6359086847265,72.07268509704124,36.39328073154852,1070.2968383669142,1.0,1.0,1.0,0.0,1.0,1.0,1.0,0.0,0.0,10.47,20.7201,66869.53347867136,1452.2531723193,1533.4483794
344,344,-238896.4532,1.0,0.7,0.5,40,0.9,2,1,0,0,1,1,1,0,1,1,0,77.71615819803803,55.52053645153373,33.52920260253496,839.6150428990514,0.0,1.0,1.0,0.0,1.0,1.0,1.0,0.0,0.0,11.5406,20.2439,55385.14206740489,1173.4620416728,1246.4490587
345,345,-48522.0013,1.0,0.8,1.0,40,1.0,2,1,0,0,1,1,1,0,1,1,0,49.43193764659606,27.435882894858135,27.562516958613273,759.4990866102762,0.0,0.0,0.0,0.0,0.0,1.0,1.0,0.0,0.0,9.0313,17.1461,24219.62601055447,446.1899092928,1099.2877094
346,346,-117624.5696,0.8,0.8,1.0,40,1.0,2,1,0,0,1,1,1,0,1,1,0,80.25384573849111,64.11483560184932,29.695616223384835,949.2277176023363,0.0,1.0,1.0,0.0,0.0,1.0,1.0,0.0,0.0,10.4989,17.1897,56661.263291434545,1011.9326297538,1660.3607547
347,347,-523793.2756,1.0,1.0,0.5,30,1.0,2,1,0,0,1,1,1,0,1,1,0,85.23317492568899,66.16440803011973,33.78349414116888,926.8319544678268,1.0,1.0,1.0,0.0,1.0,0.0,1.0,0.0,0.0,9.2863,27.1701,55391.868864063224,1572.2770103705,1571.1437752
348,348,-284246.1061,1.0,0.7,0.4,40,0.9,2,1,0,0,1,1,1,0,1,1,0,78.25807065964352,58.67715712265285,28.52573015374429,717.6679841183583,1.0,1.0,1.0,0.0,0.0,0.0,1.0,0.0,0.0,9.9761,24.2842,55783.88978550659,1406.216064314,1303.0155057
349,349,-100363.6662,0.8,1.0,0.7,40,1.0,2,1,0,0,1,1,1,0,1,1,0,49.45530214915398,31.552433531982764,24.855562755477983,641.5098927270052,0.0,0.0,0.0,0.0,0.0,0.0,1.0,0.0,0.0,9.3055,21.0317,27832.59181178129,620.2650419222,1181.7167258
350,350,-226470.181,0.9,1.0,0.9,40,1.0,2,1,0,0,1,1,1,0,1,1,0,62.65020173039798,45.44642891890007,28.083812584028827,813.2430206233923,1.0,0.0,0.0,0.0,0.0,1.0,1.0,0.0,0.0,10.9818,24.5904,38393.832136067904,991.3298947531,1451.3571968
351,351,-17019.3092,0.9,0.9,1.0,50,0.9,2,1,0,0,1,1,1,0,1,1,0,48.751155612139776,30.48952352241516,28.758553439219146,826.5521190932927,0.0,0.0,0.0,0.0,1.0,0.0,1.0,0.0,0.1339905198508969,11.7542,16.7894,30136.039881402994,543.5408520249,942.4068715
352,352,-416911.393,0.9,0.8,1.0,30,1.0,2,1,0,0,1,1,1,0,1,1,0,73.70856481303471,55.63073448359893,30.834599323823824,945.3497106994658,0.0,1.0,1.0,0.0,0.0,1.0,1.0,0.0,0.0,9.4913,27.4119,43087.77832092207,1239.1347530765,1655.9036554
353,353,85022.9574,0.9,0.7,0.1,60,1.0,2,1,0,0,1,1,1,0,1,1,0,81.42124206600025,62.89582130606118,31.48401306656109,898.5220576700694,1.0,1.0,1.0,0.0,1.0,1.0,0.0,0.0,0.38410381076966044,10.0469,18.5643,62378.70463252537,1205.771788254,1322.3969042
354,354,-223261.8532,0.8,0.7,1.0,40,1.0,2,1,0,0,1,1,1,0,1,1,0,84.79925290105089,66.10102124162307,33.26066948526684,900.8492984679245,0.0,1.0,1.0,0.0,1.0,0.0,1.0,0.0,0.0,9.3779,21.6567,57537.661265218674,1298.08825981,1610.0345649
355,355,-355499.9238,1.0,0.7,0.5,30,0.9,2,1,0,0,1,1,1,0,1,1,0,78.53161623905584,57.39818724102567,28.432393330095305,751.0725374931062,1.0,1.0,1.0,0.0,0.0,1.0,0.0,0.0,0.0,8.7815,23.5882,48672.81550025528,1193.5109866028,1372.6562825
356,356,-226808.391,0.8,1.0,0.4,40,1.0,2,1,0,0,1,1,1,0,1,1,0,73.76430447917319,55.864402973402896,25.980867539733097,692.1042993090537,1.0,1.0,1.0,0.0,0.0,1.0,0.0,0.0,0.0,11.2653,21.9499,52066.5117302072,1185.7833857297,1488.5532988
357,357,64863.2633,0.9,1.0,0.3,60,1.0,2,1,0,0,1,1,1,0,1,1,0,46.62656028331328,27.997141075633643,27.6515224448614,656.951965222625,0.0,0.0,0.0,0.0,1.0,1.0,0.0,0.0,0.4894522302363618,12.7124,15.7906,27742.49520054024,471.8649005075,1041.1771927
358,358,-120469.3288,0.9,0.7,1.0,40,0.9,2,1,0,0,1,1,1,0,1,1,0,86.80552875134484,64.11823044419604,29.985728113876,604.2357081859261,1.0,0.0,1.0,0.0,0.0,0.0,1.0,0.0,0.0,8.676,19.03,54757.05847245518,1079.3954193524,1523.524648
359,359,-2511.2101,0.7,0.8,0.8,50,1.0,2,1,0,0,1,1,1,0,1,1,0,71.70713312699114,51.67181230792643,29.326832521287418,814.1147860142285,1.0,0.0,0.0,0.0,0.0,1.0,1.0,0.0,0.1755753709331972,10.4026,17.9952,47424.65429279275,891.1047407867,1408.3144096
360,360,-314884.6547,0.8,0.8,0.2,40,1.0,2,1,0,0,1,1,1,0,1,1,0,81.87405775556846,63.71694432378483,34.456635401627835,1054.2366460767712,1.0,0.0,1.0,0.0,1.0,1.0,1.0,0.0,0.0,9.7946,23.5142,60319.666256377124,1486.0288084567,1368.8601763
361,361,-224875.1013,0.8,0.9,0.9,50,1.0,2,1,0,0,1,1,1,0,1,1,0,84.31022206879163,64.0667605782355,33.10762097225458,896.824707054182,1.0,1.0,1.0,0.0,1.0,1.0,0.0,0.0,0.0,12.5038,26.329,55399.599493451446,1520.3396858866,1811.567533
362,362,69627.299,0.9,0.8,0.5,60,0.9,2,1,0,0,1,1,1,0,1,1,0,50.706722578532585,30.102851575600454,29.908928477546734,654.7016015445693,0.0,0.0,0.0,0.0,1.0,0.0,1.0,0.0,0.5206920949952322,11.6574,14.8832,31948.218247695124,512.3452114543,893.3591326
363,363,-206154.4403,1.0,1.0,0.6,40,1.0,2,1,0,0,1,1,1,0,1,1,0,76.89524421161056,57.05625045097317,27.408258133108678,720.0317457583684,1.0,1.0,1.0,0.0,0.0,0.0,1.0,0.0,0.0,11.5285,21.2827,50447.088788903435,1114.4035014276,1632.8094324
364,364,15359.9606,0.9,0.8,0.7,50,1.0,2,1,0,0,1,1,1,0,1,1,0,48.86070695048957,28.836531770789467,27.455778834424343,871.7049179190656,0.0,0.0,0.0,0.0,0.0,1.0,1.0,0.0,0.2514587892202828,10.2285,16.577,26243.562829377697,467.195539847,1099.5539813
365,365,-222818.5306,0.8,0.8,0.3,30,0.9,2,1,0,0,1,1,1,0,1,1,0,88.82887394667958,70.41404818840532,27.57163242433561,757.1110296694573,1.0,1.0,1.0,0.0,0.0,1.0,0.0,0.0,0.0,7.616,15.6609,68179.75419563249,1101.3949164448,1233.8286594
366,366,-149805.6082,0.7,0.9,0.4,50,0.9,2,1,0,0,1,1,1,0,1,1,0,72.14147311698737,51.03029325932883,32.42645565454558,892.3754287782218,1.0,1.0,1.0,0.0,1.0,1.0,0.0,0.0,0.0,14.0016,22.3008,50902.44775989867,1192.9383759681,1328.8501036
367,367,-454881.8526,0.8,0.8,1.0,30,0.9,2,1,0,0,1,1,1,0,1,1,0,76.03182896789205,55.9244316708974,34.12281911715233,836.6940817374505,1.0,1.0,0.0,0.0,1.0,1.0,1.0,0.0,0.0,8.4325,28.5077,43153.8836804735,1293.5054718321,1409.3703595
368,368,-308151.0611,0.7,0.9,0.3,30,0.9,2,1,0,0,1,1,1,0,1,1,0,68.70636294858481,52.49134149566424,25.854039470214772,704.7227355445382,1.0,0.0,1.0,0.0,0.0,0.0,1.0,0.0,0.0,9.0202,21.3857,48517.01653163508,1079.6449459986,1174.0983305
369,369,-55907.7228,0.8,0.7,0.5,40,0.9,2,1,0,0,1,1,1,0,1,1,0,46.48342033852184,29.51790518132014,26.620228200687222,872.7309887368936,0.0,0.0,0.0,0.0,0.0,1.0,1.0,0.0,0.0,8.6427,17.381,26335.315888384546,490.620355382,926.3317882
370,370,-61550.8581,1.0,1.0,0.7,50,0.9,2,1,0,0,1,1,1,0,1,1,0,76.89246255001325,55.9929436875513,29.9753804374452,846.4640603305232,1.0,0.0,1.0,0.0,0.0,1.0,1.0,0.0,0.04026118362498915,11.2919,20.3242,50369.88381049488,1066.0984747377,1417.2242997
371,371,-61746.5804,0.8,1.0,0.2,50,1.0,2,1,0,0,1,1,1,0,1,1,0,76.79686411731144,57.493794633180116,30.38563230841248,844.3837687957248,1.0,0.0,1.0,0.0,0.0,1.0,1.0,0.0,0.0561084891963086,11.0472,19.2058,58073.383366386035,1162.6987276331,1322.6580331
372,372,-356475.7911,1.0,0.8,0.7,40,1.0,2,1,0,0,1,1,1,0,1,1,0,64.53713618023352,48.0266267122396,31.43024176131114,1024.3563810285825,0.0,1.0,1.0,0.0,1.0,0.0,1.0,0.0,0.0,11.3824,30.7674,39897.74322106838,1296.0858047457,1530.7372951
373,373,-27216.4063,0.8,0.8,0.1,50,0.9,2,1,0,0,1,1,1,0,1,1,0,66.47651595937802,48.99894921551711,26.46122187400201,763.5472269384968,0.0,1.0,1.0,0.0,0.0,0.0,1.0,0.0,0.12093368549687375,8.9944,19.4752,49126.92064535514,997.2752439946,1039.5798686
374,374,-162241.2183,0.8,0.9,0.9,60,0.9,2,1,0,0,1,1,1,0,1,1,0,63.43231638778574,45.23652613496877,30.907099944516453,1019.2474386199054,1.0,1.0,0.0,0.0,1.0,0.0,1.0,0.0,0.0,19.1223,25.0741,46929.046165936656,1244.9886309871,1416.4641326
375,375,-158065.9562,0.9,0.9,0.2,40,0.9,2,1,0,0,1,1,1,0,1,1,0,74.03441484278584,54.2778150379917,31.80518186400231,877.4980528867195,1.0,0.0,0.0,0.0,1.0,0.0,1.0,0.0,0.0,7.4983,19.6202,52055.324421798425,1070.0255356796,1054.457072
376,376,-133358.9117,0.8,0.8,1.0,60,0.9,2,1,0,0,1,1,1,0,1,1,0,69.17147119814206,51.346660360305236,32.800150722460735,1032.5051933505551,1.0,0.0,1.0,0.0,1.0,0.0,1.0,0.0,0.0,12.237,31.14,42690.411198272894,1402.8440961074,1558.8998715
377,377,-391942.3858,0.8,1.0,0.1,30,0.9,2,1,0,0,1,1,1,0,1,1,0,79.13119892085368,57.21910256965806,28.513699365664348,751.6035113875165,1.0,1.0,1.0,0.0,0.0,1.0,0.0,0.0,0.0,7.4875,23.3804,56359.080028052296,1367.3661415973,1096.2632747
378,378,-135119.7264,0.7,0.9,0.9,50,1.0,2,1,0,0,1,1,1,0,1,1,0,89.00389403613521,66.70469811984744,35.75815607588545,921.6059497159008,1.0,1.0,1.0,0.0,1.0,0.0,1.0,0.0,0.0,12.1286,22.2573,58871.50589934903,1368.7174187694,1786.7484602
379,379,-316787.5517,0.8,0.8,1.0,30,0.9,2,1,0,0,1,1,1,0,1,1,0,70.47060467960719,53.320440780329605,33.92795578594849,1021.2764556999646,1.0,0.0,0.0,0.0,1.0,1.0,1.0,0.0,0.0,7.5093,23.5193,41187.3376090197,1025.4892129531,1280.4874913
380,380,77867.9049,0.7,0.7,0.5,60,1.0,2,1,0,0,1,1,1,0,1,1,0,43.870871190805154,27.223487710406108,25.110586866955384,764.3655047518234,0.0,0.0,0.0,0.0,0.0,1.0,1.0,0.0,0.5759080945866419,12.1262,15.9408,25006.470404626816,427.7324157977,1076.8854624
381,381,-3516.958,0.9,0.9,1.0,60,1.0,2,1,0,0,1,1,1,0,1,1,0,63.39674217538036,44.91800610317408,31.510285816834486,864.7745174723766,0.0,1.0,0.0,0.0,1.0,0.0,1.0,0.0,0.19436825290870124,14.7826,20.21,44639.799254177466,954.3623315949,1351.7324892
382,382,-388403.5637,0.7,0.7,0.9,30,0.9,2,1,0,0,1,1,1,0,1,1,0,65.7299451771032,47.20507052510662,27.975716033472974,722.6844564281485,1.0,1.0,0.0,0.0,1.0,0.0,0.0,0.0,0.0,9.0902,28.3353,36916.052481410086,1095.5616808227,1390.9126057
383,383,-25387.907,0.8,1.0,0.5,40,0.9,2,1,0,0,1,1,1,0,1,1,0,55.6010796269921,34.541650236161146,32.980111528675124,821.2179478220721,0.0,0.0,0.0,0.0,1.0,0.0,1.0,0.0,0.0871201849657467,8.9768,13.1782,34524.48987707414,490.7518879336,913.9189185
384,384,-193609.2515,1.0,0.8,0.7,40,1.0,2,1,0,0,1,1,1,0,1,1,0,75.89406365131968,56.172167103015965,34.28332514092212,890.5362248148317,1.0,1.0,0.0,0.0,1.0,0.0,1.0,0.0,0.0,9.6412,21.4615,48294.16570727556,1090.9775423242,1460.9294227
385,385,-30276.7699,0.9,1.0,0.8,40,1.0,2,1,0,0,1,1,1,0,1,1,0,52.937691389218436,32.44827834364173,31.413956967417825,794.1650581134127,0.0,0.0,0.0,0.0,1.0,1.0,0.0,0.0,0.038969615974952215,9.6536,14.0818,30071.945889047318,456.7756257591,1076.5467305
386,386,-117042.1868,0.7,0.7,0.3,50,0.9,2,1,0,0,1,1,1,0,1,1,0,89.8595741074252,69.7096650612334,36.38735572654725,1070.2129122461586,1.0,1.0,1.0,0.0,1.0,1.0,1.0,0.0,0.0,11.0839,19.1757,72317.6470820462,1454.1905878033,1295.6908614
387,387,-443034.404,0.8,0.7,0.2,40,1.0,2,1,0,0,1,1,1,0,1,1,0,75.16103821567496,53.36316425606363,34.10430834254302,864.763081895271,1.0,1.0,1.0,0.0,1.0,1.0,1.0,0.0,0.0,10.5414,31.5973,48302.60054875995,1602.4492440359,1402.2394597
388,388,-1824.6915,0.8,1.0,0.9,60,0.9,2,1,0,0,1,1,1,0,1,1,0,76.03845651511718,57.635373001908064,34.18891853427604,1039.3982152550423,1.0,1.0,0.0,0.0,1.0,1.0,1.0,0.0,0.2093007923467091,14.8087,18.7768,59350.88742369818,1175.9677828656,1395.0429047
389,389,-53184.3496,0.8,0.9,0.5,60,0.9,2,1,0,0,1,1,1,0,1,1,0,61.819951634376665,41.978614783811544,25.23100939517199,687.4745505647775,1.0,1.0,1.0,0.0,0.0,1.0,0.0,0.0,0.044686931901906,12.5161,27.8354,36462.16097303389,1058.5063933168,1388.9661882
390,390,-127783.21,0.8,0.8,0.4,30,1.0,2,1,0,0,1,1,1,0,1,1,0,47.352428745098486,31.662088037984503,28.74030148516286,797.6920658451311,0.0,0.0,0.0,0.0,1.0,1.0,0.0,0.0,0.0,9.7625,15.6681,26706.463472195606,449.6661779004,1067.3120406
391,391,-538286.3119,0.8,0.7,0.4,30,0.9,2,1,0,0,1,1,1,0,1,1,0,84.35416972120154,66.35486364131741,33.39446513012505,872.9142674834254,1.0,1.0,1.0,0.0,1.0,1.0,1.0,0.0,0.0,8.8436,26.8378,58000.090301582466,1622.495704174,1336.1047252
392,392,-39729.6254,0.7,1.0,0.6,50,0.9,2,1,0,0,1,1,1,0,1,1,0,68.79568239940397,49.944957412694805,32.674801258109696,874.7928057723317,1.0,0.0,0.0,0.0,1.0,0.0,1.0,0.0,0.0979483601961653,11.0867,18.1077,49400.74104113415,944.6506284572,1153.885144
393,393,-46826.6141,0.8,0.7,0.2,40,1.0,2,1,0,0,1,1,1,0,1,1,0,50.15859055263846,26.58365602031276,28.85849373570842,653.0259597799604,0.0,0.0,0.0,0.0,1.0,1.0,0.0,0.0,0.0,9.546,15.9679,24638.928611415387,424.2407687076,1036.2029959
394,394,16585.6327,1.0,0.8,0.8,50,0.9,2,1,0,0,1,1,1,0,1,1,0,88.8926178846994,68.5817645123121,35.79126936914696,896.4388625886263,0.0,1.0,1.0,0.0,1.0,0.0,1.0,0.0,0.24476906704692983,10.5617,16.0218,68496.86650419285,1147.5297937766,1327.8758003
395,395,-211401.8315,0.8,0.8,0.1,30,0.9,2,1,0,0,1,1,1,0,1,1,0,67.38587420696987,49.29129090679876,29.63223580070394,927.3430443895595,0.0,0.0,1.0,0.0,0.0,1.0,1.0,0.0,0.0,7.5427,18.0438,45912.133221200405,869.3831421806,1036.1907524
396,396,-424409.7552,0.7,1.0,0.1,30,0.9,2,1,0,0,1,1,1,0,1,1,0,75.13695764320728,58.2873074356509,34.09540362720932,1039.1202872347571,1.0,1.0,0.0,0.0,1.0,1.0,1.0,0.0,0.0,7.9817,23.0904,54606.91051776274,1328.1007488509,1111.2558543
397,397,43329.5216,1.0,0.8,0.7,50,1.0,2,1,0,0,1,1,1,0,1,1,0,41.82579363752805,22.314778216941576,23.682996449984127,588.2538834251919,0.0,0.0,0.0,0.0,0.0,1.0,0.0,0.0,0.42864667357627384,8.7997,15.2635,19698.15878661555,324.4344979886,1046.2478928
398,398,72276.1726,0.9,0.7,0.6,60,0.9,2,1,0,0,1,1,1,0,1,1,0,49.68593799148547,32.135287911946705,29.659583290161784,825.4775668545011,0.0,0.0,0.0,0.0,1.0,0.0,1.0,0.0,0.5179549224406017,12.8758,14.889,33904.29588068038,542.6671515142,922.9682528
399,399,-191212.2227,0.8,0.8,0.3,30,0.9,2,1,0,0,1,1,1,0,1,1,0,54.4050245180445,36.05839077693069,32.30516906042945,970.5376035035385,0.0,0.0,0.0,0.0,1.0,1.0,1.0,0.0,0.0,8.241,18.6248,31912.038058573416,639.4944080536,949.5054224
