n,ID,D_ActivacionIncrem_Nar,D_ActivacionIncrem_Unr,Opt_CalculoRagaliasIncrementales_Nar,Opt_CalculoRagaliasIncrementales_Unr,Unc_MultPreciobaseValorGas,Opt_EscCAPEX_Perforacion,Opt_EscVentaCrudo,Unc_MultCAPEXPerfo_UGEUnr,Unc_MultOPEX_UGEUnr,Unc_MultCAPEXFacilidades_Nar,E_Brent,Total_VPN,volumen_Mbls,Capex,opex
0,0.0,1.0,1.0,1.0,1.0,0.7,1.0,2.0,0.9,0.9,1.0,40.0,-466.34100590331144,12.39118903747125,794.4181640805233,331.685770598228
1,1.0,1.0,1.0,1.0,1.0,0.5,2.0,1.0,0.8,1.0,1.0,50.0,-385.2294518978629,21.34758413565328,736.2221240805234,568.0900097057902
2,2.0,1.0,1.0,1.0,1.0,0.3,2.0,1.0,0.9,1.0,0.9,40.0,-409.4819022108854,17.228584059626538,721.304727672471,350.9456035835528
3,3.0,1.0,1.0,1.0,1.0,0.6,3.0,2.0,1.0,0.9,0.8,30.0,-407.6980389425234,4.435883168136524,642.7261312644187,107.96386264888082
4,4.0,1.0,1.0,1.0,1.0,0.7,1.0,2.0,0.8,1.0,0.7,60.0,-262.32391482042993,23.078289705525684,654.2526148563663,750.2656973961177
5,5.0,1.0,1.0,1.0,1.0,1.0,3.0,2.0,0.8,0.9,0.8,60.0,-254.7674760355885,21.34758413565328,574.6441312644188,812.6830929742241
6,6.0,1.0,1.0,1.0,1.0,0.6,2.0,1.0,0.8,0.9,0.7,50.0,-324.42531264524285,19.359945033123836,622.8535748563663,523.297717121561
7,7.0,1.0,1.0,1.0,1.0,0.3,2.0,1.0,0.9,0.9,0.9,30.0,-454.7235089431722,4.435883168136524,721.304727672471,80.5675070213297
8,8.0,1.0,1.0,1.0,1.0,1.0,1.0,1.0,1.0,0.9,0.7,30.0,-480.5747429766338,4.435883168136524,707.8466148563664,144.49233681894896
9,9.0,1.0,1.0,1.0,1.0,0.1,3.0,2.0,1.0,1.0,0.8,30.0,-352.58600506891685,22.29896888868372,642.7261312644187,368.54435855765735
10,10.0,1.0,1.0,1.0,1.0,0.4,2.0,2.0,0.7,0.9,1.0,50.0,-303.14731321884017,23.078289705525684,713.3500040805234,535.1728817788191
11,11.0,1.0,1.0,1.0,1.0,0.5,3.0,1.0,1.0,0.9,0.8,30.0,-416.20275036351256,4.435883168136524,642.7261312644187,98.83174410636377
12,12.0,1.0,1.0,1.0,1.0,0.7,2.0,1.0,0.8,1.0,0.9,40.0,-440.8595033457237,4.435883168136524,698.432607672471,123.00388690181768
13,13.0,1.0,1.0,1.0,1.0,0.6,2.0,1.0,0.9,0.9,0.9,60.0,-316.98285438955435,23.078289705525684,721.304727672471,656.9696173246339
14,14.0,1.0,1.0,1.0,1.0,0.1,1.0,1.0,0.9,1.0,0.8,60.0,-240.1029020586107,23.078289705525684,718.8391312644187,384.8754907586737
15,15.0,1.0,1.0,1.0,1.0,0.6,2.0,1.0,1.0,1.0,0.8,60.0,-317.8843136576877,23.078289705525684,706.3873312644187,689.3673296232106
16,16.0,1.0,1.0,1.0,1.0,0.9,1.0,2.0,0.8,1.0,0.8,40.0,-433.68278996712843,4.569773722482594,692.0421312644187,145.41662028738244
17,17.0,1.0,1.0,1.0,1.0,0.2,2.0,2.0,0.8,0.9,0.8,60.0,-179.69665082802803,23.078289705525684,660.6430912644187,413.3761462330045
18,18.0,1.0,1.0,1.0,1.0,0.4,2.0,2.0,0.7,0.9,1.0,50.0,-303.14731321884017,23.078289705525684,713.3500040805234,535.1728817788191
19,19.0,1.0,1.0,1.0,1.0,1.0,1.0,2.0,1.0,0.9,1.0,30.0,-535.6842603422782,4.435883168136524,821.2151640805233,144.49233681894896
20,20.0,1.0,1.0,1.0,1.0,0.8,2.0,1.0,0.9,0.9,0.7,40.0,-410.97162586216797,4.435883168136524,645.7256948563663,126.2280997339149
21,21.0,1.0,1.0,1.0,1.0,0.1,3.0,2.0,1.0,0.9,1.0,60.0,-196.7362409404497,23.078289705525684,718.3051640805235,352.4777784600971
22,22.0,1.0,1.0,1.0,1.0,0.2,1.0,2.0,0.9,0.9,1.0,40.0,-385.7475493160719,23.078289705525684,794.4181640805233,413.3761462330045
23,23.0,1.0,1.0,1.0,1.0,0.4,3.0,1.0,0.7,1.0,1.0,40.0,-359.3515971085087,13.682790068623277,616.1821640805234,298.09835623654374
24,24.0,1.0,1.0,1.0,1.0,1.0,2.0,2.0,0.9,0.9,0.9,60.0,-344.35793461272067,21.34758413565328,721.304727672471,812.6830929742241
25,25.0,1.0,1.0,1.0,1.0,1.0,1.0,1.0,1.0,0.9,0.7,50.0,-428.0976977251567,10.930340600310041,707.8466148563664,357.192967442045
26,26.0,1.0,1.0,1.0,1.0,0.9,1.0,1.0,0.7,1.0,0.7,40.0,-407.63199609223176,4.435883168136524,627.4556148563663,141.26812398685178
27,27.0,1.0,1.0,1.0,1.0,0.4,3.0,2.0,1.0,1.0,1.0,40.0,-382.7436761252232,21.34758413565328,718.3051640805235,513.2896307532426
28,28.0,1.0,1.0,1.0,1.0,0.3,3.0,2.0,0.7,0.9,0.9,50.0,-203.81295586386497,23.078289705525684,578.3926476724711,474.2745140059118
29,29.0,1.0,1.0,1.0,1.0,0.6,2.0,1.0,0.7,0.9,0.7,60.0,-243.2590160488334,23.078289705525684,599.9814548563663,656.9696173246339
30,30.0,1.0,1.0,1.0,1.0,0.7,1.0,2.0,1.0,0.9,0.8,50.0,-375.33825966746565,22.29896888868372,745.6361312644187,686.2722664963071
31,31.0,1.0,1.0,1.0,1.0,0.2,2.0,1.0,0.9,0.9,0.7,30.0,-400.57908998903326,8.126778234860332,645.7256948563663,126.91008934212722
32,32.0,1.0,1.0,1.0,1.0,0.1,3.0,1.0,0.7,1.0,0.7,50.0,-174.74798433285022,23.078289705525684,502.8136148563663,384.8754907586737
33,33.0,1.0,1.0,1.0,1.0,0.9,1.0,2.0,0.9,0.9,0.9,30.0,-491.6698827476178,4.435883168136524,756.6286476724712,135.36021827643194
34,34.0,1.0,1.0,1.0,1.0,0.6,1.0,1.0,0.9,1.0,1.0,60.0,-371.16666790613067,23.078289705525684,794.4181640805233,689.3673296232106
35,35.0,1.0,1.0,1.0,1.0,0.8,1.0,1.0,0.7,1.0,0.7,30.0,-424.74192714320105,4.435883168136524,627.4556148563663,132.13600544433473
36,36.0,1.0,1.0,1.0,1.0,0.6,3.0,2.0,0.9,0.9,1.0,50.0,-319.50409581088684,23.078289705525684,684.2641640805234,656.9696173246339
37,37.0,1.0,1.0,1.0,1.0,0.2,1.0,1.0,1.0,1.0,0.9,60.0,-296.48717414979893,23.078289705525684,783.425647672471,445.773858531581
38,38.0,1.0,1.0,1.0,1.0,0.5,1.0,1.0,0.9,1.0,1.0,40.0,-480.69941451496754,10.930340600310041,794.4181640805233,254.73836771144352
39,39.0,1.0,1.0,1.0,1.0,0.3,1.0,2.0,0.8,0.9,0.9,40.0,-363.5635865145718,23.078289705525684,729.8316476724711,474.2745140059118
40,40.0,1.0,1.0,1.0,1.0,1.0,1.0,1.0,0.8,0.9,0.7,60.0,-343.3854739199331,16.098655575530614,654.2526148563663,566.060016343606
41,41.0,1.0,1.0,1.0,1.0,0.6,2.0,2.0,0.8,0.9,0.8,50.0,-305.86505274393863,23.078289705525684,660.6430912644187,656.9696173246339
42,42.0,1.0,1.0,1.0,1.0,0.4,1.0,1.0,0.9,1.0,0.7,60.0,-268.62186968149285,23.078289705525684,681.0496148563664,567.5705940773958
43,43.0,1.0,1.0,1.0,1.0,1.0,3.0,2.0,0.8,0.9,0.8,50.0,-316.0787083185619,13.682790068623277,574.6441312644188,464.30750144943
44,44.0,1.0,1.0,1.0,1.0,1.0,2.0,1.0,0.7,1.0,0.7,40.0,-395.406868308662,4.435883168136524,599.9814548563663,150.40024252936882
45,45.0,1.0,1.0,1.0,1.0,0.1,2.0,1.0,0.8,1.0,1.0,60.0,-249.78568733934668,23.078289705525684,736.2221240805234,384.8754907586737
46,46.0,1.0,1.0,1.0,1.0,0.3,3.0,2.0,0.8,1.0,0.9,60.0,-173.66115129303373,23.078289705525684,612.4336476724711,506.6722263044884
47,47.0,1.0,1.0,1.0,1.0,0.6,3.0,2.0,1.0,0.9,0.8,30.0,-407.6980389425234,4.435883168136524,642.7261312644187,107.96386264888082
48,48.0,1.0,1.0,1.0,1.0,0.2,1.0,1.0,0.7,1.0,0.7,40.0,-335.1565129515685,22.29896888868372,627.4556148563663,426.67261163870904
49,49.0,1.0,1.0,1.0,1.0,1.0,2.0,1.0,0.8,1.0,0.7,50.0,-382.9136059037996,9.252881896266334,622.8535748563663,312.0182333490807
50,50.0,1.0,1.0,1.0,1.0,0.6,3.0,2.0,1.0,1.0,1.0,40.0,-414.05205768181486,13.682790068623277,718.3051640805235,359.3542877479627
51,51.0,1.0,1.0,1.0,1.0,0.8,2.0,1.0,0.7,0.9,1.0,60.0,-345.79568036999126,22.29896888868372,713.3500040805234,744.4005195773591
52,52.0,1.0,1.0,1.0,1.0,0.8,1.0,2.0,0.8,0.9,0.7,60.0,-269.82153674420124,23.078289705525684,654.2526148563663,778.7663528704486
53,53.0,1.0,1.0,1.0,1.0,1.0,3.0,1.0,0.9,1.0,0.9,30.0,-444.9665254336064,4.435883168136524,646.4746476724711,150.40024252936882
54,54.0,1.0,1.0,1.0,1.0,0.2,1.0,2.0,0.9,0.9,0.8,50.0,-273.3446415071268,23.078289705525684,718.8391312644187,413.3761462330045
55,55.0,1.0,1.0,1.0,1.0,0.9,2.0,1.0,0.8,1.0,0.7,40.0,-404.7570310190562,4.435883168136524,622.8535748563663,141.26812398685178
56,56.0,1.0,1.0,1.0,1.0,0.3,1.0,2.0,0.7,0.9,1.0,60.0,-236.16263132023704,23.078289705525684,740.8241640805232,474.2745140059118
57,57.0,1.0,1.0,1.0,1.0,0.7,3.0,1.0,1.0,0.9,0.9,30.0,-448.44476697179516,4.435883168136524,680.515647672471,117.09598119139785
58,58.0,1.0,1.0,1.0,1.0,0.5,1.0,1.0,1.0,0.9,0.7,40.0,-422.6745245103906,12.063173059093632,707.8466148563664,269.1333518796973
59,59.0,1.0,1.0,1.0,1.0,0.3,2.0,2.0,0.8,0.9,0.7,30.0,-364.8307477432094,14.9190934620702,622.8535748563663,276.26631489986926
60,60.0,1.0,1.0,1.0,1.0,0.4,2.0,2.0,0.8,1.0,0.8,60.0,-214.48480568393856,23.078289705525684,660.6430912644187,567.5705940773958
61,61.0,1.0,1.0,1.0,1.0,0.8,2.0,2.0,0.8,0.9,0.8,50.0,-340.114509058986,18.312927771802244,660.6430912644187,576.898719707972
62,62.0,1.0,1.0,1.0,1.0,0.2,2.0,2.0,0.9,0.9,0.8,40.0,-318.38477220891843,23.078289705525684,683.5152112644187,413.3761462330045
63,63.0,1.0,1.0,1.0,1.0,0.6,3.0,2.0,0.9,0.9,0.7,40.0,-316.92148810368343,15.616849859709033,570.8956148563664,400.22908435863167
64,64.0,1.0,1.0,1.0,1.0,0.2,2.0,1.0,0.7,1.0,0.8,60.0,-207.24242650218025,23.078289705525684,637.7709712644187,445.773858531581
65,65.0,1.0,1.0,1.0,1.0,1.0,1.0,2.0,0.9,0.9,1.0,30.0,-519.181639207584,4.435883168136524,794.4181640805233,144.49233681894896
66,66.0,1.0,1.0,1.0,1.0,1.0,2.0,2.0,1.0,0.9,0.8,40.0,-444.05909375985544,4.435883168136524,706.3873312644187,144.49233681894896
67,67.0,1.0,1.0,1.0,1.0,0.3,2.0,1.0,0.7,0.9,0.7,50.0,-258.79846729994665,23.078289705525684,599.9814548563663,474.2745140059118
68,68.0,1.0,1.0,1.0,1.0,1.0,3.0,1.0,0.9,1.0,0.9,60.0,-345.89154368046,14.9190934620702,646.4746476724711,534.6991730476664
69,69.0,1.0,1.0,1.0,1.0,0.5,1.0,1.0,0.9,0.9,1.0,60.0,-344.4639805402139,23.078289705525684,794.4181640805233,596.0712495517265
70,70.0,1.0,1.0,1.0,1.0,0.9,3.0,2.0,0.9,1.0,0.7,60.0,-245.26085385432975,22.29896888868372,570.8956148563664,833.5703832060716
71,71.0,1.0,1.0,1.0,1.0,0.3,1.0,1.0,0.8,1.0,0.9,60.0,-280.58208652525445,23.078289705525684,729.8316476724711,506.6722263044884
72,72.0,1.0,1.0,1.0,1.0,0.6,1.0,2.0,0.8,0.9,0.9,30.0,-460.97648116797484,4.435883168136524,729.8316476724711,107.96386264888082
73,73.0,1.0,1.0,1.0,1.0,0.8,1.0,2.0,1.0,1.0,1.0,30.0,-529.3593079129281,4.435883168136524,821.2151640805233,132.13600544433473
74,74.0,1.0,1.0,1.0,1.0,0.9,3.0,2.0,1.0,0.9,0.7,30.0,-399.10732307582214,4.435883168136524,604.9366148563663,135.36021827643194
75,75.0,1.0,1.0,1.0,1.0,0.1,2.0,2.0,0.7,1.0,0.8,50.0,-215.88638938208115,23.078289705525684,637.7709712644187,384.8754907586737
76,76.0,1.0,1.0,1.0,1.0,0.6,3.0,2.0,1.0,1.0,0.7,40.0,-345.7075687468649,13.682790068623277,604.9366148563663,359.3542877479627
77,77.0,1.0,1.0,1.0,1.0,0.9,3.0,1.0,0.7,1.0,0.8,40.0,-354.00539807351447,4.435883168136524,540.6031312644187,141.26812398685178
78,78.0,1.0,1.0,1.0,1.0,0.2,3.0,1.0,0.7,1.0,1.0,60.0,-193.85434498631275,23.078289705525684,616.1821640805234,445.773858531581
79,79.0,1.0,1.0,1.0,1.0,0.1,2.0,1.0,0.7,1.0,1.0,50.0,-302.54517966628157,23.078289705525684,713.3500040805234,384.8754907586737
80,80.0,1.0,1.0,1.0,1.0,0.3,1.0,1.0,0.7,1.0,1.0,40.0,-421.05794073700037,17.228584059626538,740.8241640805232,350.9456035835528
81,81.0,1.0,1.0,1.0,1.0,0.4,3.0,1.0,1.0,0.9,1.0,30.0,-457.03548283849636,4.435883168136524,718.3051640805235,89.69962556384674
82,82.0,1.0,1.0,1.0,1.0,0.3,2.0,2.0,1.0,1.0,0.7,60.0,-205.0785255378648,23.078289705525684,668.5978148563663,506.6722263044884
83,83.0,1.0,1.0,1.0,1.0,0.8,2.0,2.0,0.8,1.0,0.8,40.0,-401.9041278395743,10.930340600310041,660.6430912644187,324.5175148942139
84,84.0,1.0,1.0,1.0,1.0,0.2,2.0,2.0,0.9,0.9,0.7,40.0,-295.60327589726853,23.078289705525684,645.7256948563663,413.3761462330045
85,85.0,1.0,1.0,1.0,1.0,0.6,1.0,2.0,0.7,0.9,0.9,30.0,-444.4738600332807,4.435883168136524,703.0346476724711,107.96386264888082
86,86.0,1.0,1.0,1.0,1.0,0.4,2.0,1.0,1.0,1.0,1.0,60.0,-329.24699699129974,23.078289705525684,781.9663640805235,567.5705940773958
87,87.0,1.0,1.0,1.0,1.0,0.1,2.0,1.0,0.7,0.9,0.9,60.0,-204.9435544308382,23.078289705525684,675.560487672471,352.4777784600971
88,88.0,1.0,1.0,1.0,1.0,0.6,1.0,2.0,0.7,0.9,1.0,50.0,-354.30301044041414,23.078289705525684,740.8241640805232,656.9696173246339
89,89.0,1.0,1.0,1.0,1.0,0.9,1.0,2.0,1.0,0.9,0.9,60.0,-365.4899262817335,23.078289705525684,783.425647672471,839.6647206433558
90,90.0,1.0,1.0,1.0,1.0,0.6,1.0,1.0,1.0,0.9,0.7,60.0,-309.722267384802,23.078289705525684,707.8466148563664,656.9696173246339
91,91.0,1.0,1.0,1.0,1.0,0.5,2.0,2.0,0.9,1.0,1.0,50.0,-358.0108463021781,23.078289705525684,759.0942440805235,628.468961850303
92,92.0,1.0,1.0,1.0,1.0,0.7,2.0,2.0,0.7,0.9,0.9,50.0,-331.65650464314695,22.29896888868372,675.560487672471,686.2722664963071
93,93.0,1.0,1.0,1.0,1.0,0.4,1.0,2.0,0.9,1.0,1.0,50.0,-362.71047614118737,23.078289705525684,794.4181640805233,567.5705940773958
94,94.0,1.0,1.0,1.0,1.0,0.3,3.0,1.0,1.0,0.9,0.7,60.0,-195.00709528126595,23.078289705525684,604.9366148563663,474.2745140059118
95,95.0,1.0,1.0,1.0,1.0,1.0,3.0,2.0,1.0,1.0,0.8,30.0,-429.7546474030708,4.435883168136524,642.7261312644187,150.40024252936882
96,96.0,1.0,1.0,1.0,1.0,0.1,3.0,2.0,0.7,0.9,0.8,40.0,-213.67106544817224,23.078289705525684,540.6031312644187,352.4777784600971
97,97.0,1.0,1.0,1.0,1.0,0.9,2.0,1.0,0.9,0.9,0.9,60.0,-368.4058747230409,18.929612245231564,721.304727672471,648.4288600097419
98,98.0,1.0,1.0,1.0,1.0,0.2,1.0,2.0,0.7,1.0,0.8,40.0,-316.7818471444564,23.078289705525684,665.2451312644187,445.773858531581
99,99.0,1.0,1.0,1.0,1.0,0.3,3.0,1.0,0.9,0.9,0.7,40.0,-308.1261194329751,20.369443467053202,570.8956148563664,404.21187017950035
100,100.0,1.0,1.0,1.0,1.0,0.2,3.0,1.0,0.9,0.9,0.7,40.0,-290.69470114310684,23.078289705525684,570.8956148563664,413.3761462330045
101,101.0,1.0,1.0,1.0,1.0,0.9,2.0,1.0,0.9,1.0,0.9,30.0,-486.24063770035224,4.435883168136524,721.304727672471,141.26812398685178
102,102.0,1.0,1.0,1.0,1.0,0.9,2.0,1.0,0.8,0.9,1.0,50.0,-434.05961886600727,10.930340600310041,736.2221240805234,333.9332517144548
103,103.0,1.0,1.0,1.0,1.0,0.2,1.0,1.0,0.8,1.0,0.9,60.0,-263.4819318804105,23.078289705525684,729.8316476724711,445.773858531581
104,104.0,1.0,1.0,1.0,1.0,0.5,2.0,1.0,0.8,1.0,0.7,30.0,-407.6761816250767,4.435883168136524,622.8535748563663,104.73964981678361
105,105.0,1.0,1.0,1.0,1.0,0.7,2.0,2.0,0.9,0.9,0.8,50.0,-337.0358540489179,22.29896888868372,683.5152112644187,686.2722664963071
106,106.0,1.0,1.0,1.0,1.0,0.5,1.0,2.0,0.8,1.0,0.9,40.0,-407.14399083669724,17.228584059626538,729.8316476724711,433.2829670103884
107,107.0,1.0,1.0,1.0,1.0,0.6,1.0,2.0,1.0,1.0,0.9,50.0,-390.6319102539197,23.078289705525684,783.425647672471,689.3673296232106
108,108.0,1.0,1.0,1.0,1.0,0.5,1.0,2.0,0.8,0.9,0.7,40.0,-352.7729462871581,18.312927771802244,654.2526148563663,443.0220528425354
109,109.0,1.0,1.0,1.0,1.0,0.6,1.0,2.0,0.9,0.9,0.9,40.0,-430.2886376258991,15.616849859709033,756.6286476724712,400.22908435863167
110,110.0,1.0,1.0,1.0,1.0,0.1,1.0,1.0,0.9,0.9,0.7,50.0,-274.5587882115332,23.078289705525684,681.0496148563664,352.4777784600971
111,111.0,1.0,1.0,1.0,1.0,0.9,1.0,2.0,0.7,0.9,1.0,30.0,-481.4461367898793,4.435883168136524,740.8241640805232,135.36021827643194
112,112.0,1.0,1.0,1.0,1.0,0.9,1.0,1.0,1.0,1.0,0.8,40.0,-479.92135580796435,4.435883168136524,745.6361312644187,141.26812398685178
113,113.0,1.0,1.0,1.0,1.0,0.9,1.0,1.0,0.9,1.0,0.8,60.0,-376.31311498538736,17.228584059626538,718.8391312644187,597.9576938640598
114,114.0,1.0,1.0,1.0,1.0,0.6,2.0,1.0,0.7,1.0,1.0,50.0,-388.00901510626346,17.228584059626538,713.3500040805234,474.4516487238063
115,115.0,1.0,1.0,1.0,1.0,0.8,3.0,2.0,1.0,1.0,0.8,30.0,-420.29412710643834,4.435883168136524,642.7261312644187,132.13600544433473
116,116.0,1.0,1.0,1.0,1.0,0.8,3.0,1.0,1.0,0.9,0.7,30.0,-407.6120344968115,4.435883168136524,604.9366148563663,126.2280997339149
117,117.0,1.0,1.0,1.0,1.0,0.6,2.0,1.0,0.9,1.0,0.9,60.0,-326.58538711062727,23.078289705525684,721.304727672471,689.3673296232106
118,118.0,1.0,1.0,1.0,1.0,0.4,3.0,1.0,0.9,1.0,1.0,60.0,-269.162201717527,23.078289705525684,684.2641640805234,567.5705940773958
119,119.0,1.0,1.0,1.0,1.0,0.4,1.0,2.0,1.0,0.9,0.8,30.0,-452.86160243760554,10.930340600310041,745.6361312644187,217.63467307650404
120,120.0,1.0,1.0,1.0,1.0,0.7,3.0,1.0,0.7,1.0,0.7,40.0,-321.7633814652319,4.435883168136524,502.8136148563663,123.00388690181768
121,121.0,1.0,1.0,1.0,1.0,0.7,2.0,1.0,1.0,1.0,0.7,50.0,-376.34791430512416,14.823148120062866,668.5978148563663,428.83477603322774
122,122.0,1.0,1.0,1.0,1.0,0.2,1.0,2.0,0.8,0.9,0.9,40.0,-346.46343186972786,23.078289705525684,729.8316476724711,413.3761462330045
123,123.0,1.0,1.0,1.0,1.0,0.2,2.0,2.0,0.7,0.9,1.0,60.0,-206.90065903604784,23.078289705525684,713.3500040805234,413.3761462330045
124,124.0,1.0,1.0,1.0,1.0,0.8,1.0,2.0,0.7,1.0,0.8,40.0,-404.77909291274995,10.930340600310041,665.2451312644187,324.5175148942139
125,125.0,1.0,1.0,1.0,1.0,0.8,2.0,1.0,1.0,0.9,0.7,30.0,-446.89223992016406,4.435883168136524,668.5978148563663,126.2280997339149
126,126.0,1.0,1.0,1.0,1.0,0.5,1.0,1.0,0.7,1.0,1.0,40.0,-447.6941722455791,10.930340600310041,740.8241640805232,254.73836771144352
127,127.0,1.0,1.0,1.0,1.0,0.6,2.0,1.0,0.9,1.0,0.9,60.0,-326.58538711062727,23.078289705525684,721.304727672471,689.3673296232106
128,128.0,1.0,1.0,1.0,1.0,0.3,1.0,2.0,1.0,1.0,1.0,30.0,-493.7088398566437,12.39118903747125,821.2151640805233,239.12393847371362
129,129.0,1.0,1.0,1.0,1.0,0.9,2.0,1.0,0.7,0.9,0.8,60.0,-317.46353269396985,18.929612245231564,637.7709712644187,648.4288600097419
130,130.0,1.0,1.0,1.0,1.0,0.4,3.0,1.0,0.7,0.9,0.7,50.0,-216.4459155463093,23.078289705525684,502.8136148563663,535.1728817788191
131,131.0,1.0,1.0,1.0,1.0,0.1,2.0,2.0,1.0,1.0,0.8,60.0,-198.4235838249524,23.078289705525684,706.3873312644187,384.8754907586737
132,132.0,1.0,1.0,1.0,1.0,0.2,1.0,2.0,0.9,1.0,0.9,30.0,-440.22973369480695,16.098655575530614,756.6286476724712,285.71199975200943
133,133.0,1.0,1.0,1.0,1.0,0.1,1.0,2.0,0.7,1.0,1.0,30.0,-412.143322471324,22.29896888868372,740.8241640805232,368.54435855765735
134,134.0,1.0,1.0,1.0,1.0,0.2,2.0,1.0,1.0,1.0,1.0,40.0,-428.7868825307639,22.29896888868372,781.9663640805235,426.67261163870904
135,135.0,1.0,1.0,1.0,1.0,0.6,3.0,1.0,0.8,1.0,0.9,30.0,-405.2408949899213,4.435883168136524,612.4336476724711,113.87176835930065
136,136.0,1.0,1.0,1.0,1.0,0.9,3.0,2.0,0.9,0.9,0.7,40.0,-352.18131956003094,9.252881896266334,570.8956148563664,280.8164100141726
137,137.0,1.0,1.0,1.0,1.0,0.6,1.0,2.0,0.8,1.0,0.8,50.0,-334.8451716728813,23.078289705525684,692.0421312644187,689.3673296232106
138,138.0,1.0,1.0,1.0,1.0,0.5,2.0,1.0,0.9,0.9,0.7,40.0,-384.3721188918429,12.063173059093632,645.7256948563663,269.1333518796973
139,139.0,1.0,1.0,1.0,1.0,0.5,2.0,2.0,0.9,1.0,0.8,40.0,-379.0653311758879,17.228584059626538,683.5152112644187,433.2829670103884
140,140.0,1.0,1.0,1.0,1.0,0.5,3.0,2.0,0.8,0.9,1.0,30.0,-405.8768286088872,4.971077571091431,650.2231640805235,110.2310108907268
141,141.0,1.0,1.0,1.0,1.0,0.2,1.0,1.0,1.0,0.9,0.7,30.0,-438.881495607581,8.126778234860332,707.8466148563664,126.91008934212722
142,142.0,1.0,1.0,1.0,1.0,0.6,2.0,2.0,0.9,1.0,1.0,40.0,-439.25184024645694,13.682790068623277,759.0942440805235,359.3542877479627
143,143.0,1.0,1.0,1.0,1.0,0.9,2.0,2.0,0.7,0.9,0.8,30.0,-418.92775623469333,4.435883168136524,637.7709712644187,135.36021827643194
144,144.0,1.0,1.0,1.0,1.0,0.2,3.0,2.0,1.0,0.9,0.9,60.0,-189.67994626578775,23.078289705525684,680.515647672471,413.3761462330045
145,145.0,1.0,1.0,1.0,1.0,0.5,2.0,1.0,0.7,0.9,0.9,60.0,-271.72185402728945,23.078289705525684,675.560487672471,596.0712495517265
146,146.0,1.0,1.0,1.0,1.0,0.8,1.0,1.0,1.0,0.9,0.8,30.0,-493.89571899165134,4.435883168136524,745.6361312644187,126.2280997339149
147,147.0,1.0,1.0,1.0,1.0,0.5,3.0,2.0,0.8,1.0,0.9,60.0,-201.61851178541272,23.078289705525684,612.4336476724711,628.468961850303
148,148.0,1.0,1.0,1.0,1.0,0.3,1.0,1.0,0.9,1.0,0.9,60.0,-297.0847076599487,23.078289705525684,756.6286476724712,506.6722263044884
149,149.0,1.0,1.0,1.0,1.0,0.5,3.0,1.0,0.7,1.0,1.0,60.0,-244.6531766615308,23.078289705525684,616.1821640805234,628.468961850303
150,150.0,1.0,1.0,1.0,1.0,0.2,3.0,2.0,0.8,1.0,0.7,30.0,-306.0579943221713,16.098655575530614,536.8546148563664,285.71199975200943
151,151.0,1.0,1.0,1.0,1.0,0.6,3.0,2.0,0.8,0.9,0.7,50.0,-230.35501702551704,23.078289705525684,536.8546148563664,656.9696173246339
152,152.0,1.0,1.0,1.0,1.0,0.2,2.0,2.0,0.9,1.0,0.8,50.0,-261.14738974434607,23.078289705525684,683.5152112644187,445.773858531581
153,153.0,1.0,1.0,1.0,1.0,0.3,1.0,2.0,1.0,1.0,0.7,40.0,-360.6083688817329,23.078289705525684,707.8466148563664,506.6722263044884
154,154.0,1.0,1.0,1.0,1.0,0.4,1.0,1.0,0.8,0.9,0.7,50.0,-309.35663101137095,23.078289705525684,654.2526148563663,535.1728817788191
155,155.0,1.0,1.0,1.0,1.0,0.4,2.0,2.0,0.8,1.0,0.8,50.0,-281.26727617532356,23.078289705525684,660.6430912644187,567.5705940773958
156,156.0,1.0,1.0,1.0,1.0,0.7,1.0,2.0,0.7,1.0,1.0,50.0,-381.1950103800503,20.369443467053202,740.8241640805232,637.7526335305662
157,157.0,1.0,1.0,1.0,1.0,0.4,1.0,2.0,0.8,0.9,1.0,40.0,-403.4452374710657,23.078289705525684,767.6211640805233,535.1728817788191
158,158.0,1.0,1.0,1.0,1.0,0.2,1.0,2.0,0.9,0.9,0.9,50.0,-296.12613781877684,23.078289705525684,756.6286476724712,413.3761462330045
159,159.0,1.0,1.0,1.0,1.0,0.1,2.0,2.0,0.9,1.0,0.9,30.0,-400.56728394520894,22.29896888868372,721.304727672471,368.54435855765735
160,160.0,1.0,1.0,1.0,1.0,0.1,1.0,2.0,0.9,1.0,0.8,50.0,-265.8470195833556,23.078289705525684,718.8391312644187,384.8754907586737
161,161.0,1.0,1.0,1.0,1.0,0.3,3.0,2.0,0.8,1.0,1.0,40.0,-323.841489932653,23.078289705525684,650.2231640805235,506.6722263044884
162,162.0,1.0,1.0,1.0,1.0,0.5,2.0,1.0,0.9,0.9,1.0,30.0,-486.96552555145473,4.435883168136524,759.0942440805235,98.83174410636377
163,163.0,1.0,1.0,1.0,1.0,0.7,1.0,2.0,1.0,0.9,0.8,40.0,-437.28063441470573,12.39118903747125,745.6361312644187,331.685770598228
164,164.0,1.0,1.0,1.0,1.0,0.9,2.0,2.0,0.8,1.0,0.8,40.0,-414.3052037592586,4.569773722482594,660.6430912644187,145.41662028738244
165,165.0,1.0,1.0,1.0,1.0,1.0,2.0,1.0,0.8,1.0,0.8,40.0,-432.2687874790225,4.435883168136524,660.6430912644187,150.40024252936882
166,166.0,1.0,1.0,1.0,1.0,1.0,1.0,2.0,1.0,1.0,1.0,40.0,-516.979637010275,4.435883168136524,821.2151640805233,150.40024252936882
167,167.0,1.0,1.0,1.0,1.0,0.2,1.0,1.0,1.0,0.9,0.9,50.0,-353.72455661437124,23.078289705525684,783.425647672471,413.3761462330045
168,168.0,1.0,1.0,1.0,1.0,0.4,2.0,1.0,1.0,0.9,0.8,40.0,-407.5216180100786,15.616849859709033,706.3873312644187,327.7843382705584
169,169.0,1.0,1.0,1.0,1.0,0.6,1.0,2.0,0.7,1.0,0.9,50.0,-341.12404684983716,23.078289705525684,703.0346476724711,689.3673296232106
170,170.0,1.0,1.0,1.0,1.0,1.0,3.0,2.0,0.8,0.9,0.8,30.0,-385.0098998349484,4.435883168136524,574.6441312644188,144.49233681894896
171,171.0,1.0,1.0,1.0,1.0,0.9,1.0,1.0,1.0,1.0,0.8,30.0,-501.76154700725004,4.435883168136524,745.6361312644187,141.26812398685178
172,172.0,1.0,1.0,1.0,1.0,0.9,2.0,2.0,0.7,0.9,0.9,40.0,-415.5878388809721,9.252881896266334,675.560487672471,280.8164100141726
173,173.0,1.0,1.0,1.0,1.0,0.2,1.0,1.0,1.0,0.9,0.9,50.0,-353.72455661437124,23.078289705525684,783.425647672471,413.3761462330045
174,174.0,1.0,1.0,1.0,1.0,0.6,1.0,2.0,0.8,1.0,0.9,60.0,-290.78675279888614,23.078289705525684,729.8316476724711,689.3673296232106
175,175.0,1.0,1.0,1.0,1.0,0.1,1.0,2.0,0.8,1.0,0.8,50.0,-249.3443984486614,23.078289705525684,692.0421312644187,384.8754907586737
176,176.0,1.0,1.0,1.0,1.0,0.7,3.0,1.0,0.9,1.0,0.9,60.0,-297.681169340409,23.078289705525684,646.4746476724711,750.2656973961177
177,177.0,1.0,1.0,1.0,1.0,0.6,1.0,1.0,0.9,0.9,0.9,50.0,-405.86851261110684,19.359945033123836,756.6286476724712,523.297717121561
178,178.0,1.0,1.0,1.0,1.0,0.2,1.0,2.0,1.0,0.9,1.0,60.0,-268.5703400794756,23.078289705525684,821.2151640805233,413.3761462330045
179,179.0,1.0,1.0,1.0,1.0,0.9,3.0,1.0,0.8,0.9,0.8,50.0,-335.7680868359356,10.930340600310041,574.6441312644188,333.9332517144548
180,180.0,1.0,1.0,1.0,1.0,0.8,3.0,2.0,0.7,1.0,0.8,30.0,-357.8803575551782,4.435883168136524,540.6031312644187,132.13600544433473
181,181.0,1.0,1.0,1.0,1.0,0.1,1.0,1.0,1.0,0.9,0.7,50.0,-291.0614093462273,23.078289705525684,707.8466148563664,352.4777784600971
182,182.0,1.0,1.0,1.0,1.0,0.3,2.0,2.0,1.0,0.9,0.8,50.0,-282.7254345268279,23.078289705525684,706.3873312644187,474.2745140059118
183,183.0,1.0,1.0,1.0,1.0,0.2,1.0,1.0,0.8,0.9,1.0,50.0,-343.50081065663295,23.078289705525684,767.6211640805233,413.3761462330045
184,184.0,1.0,1.0,1.0,1.0,0.1,3.0,1.0,1.0,1.0,0.7,30.0,-370.0350045844948,11.036907577547803,604.9366148563663,163.42691035007562
185,185.0,1.0,1.0,1.0,1.0,0.5,3.0,2.0,1.0,1.0,1.0,60.0,-265.9711485518907,23.078289705525684,718.3051640805235,628.468961850303
186,186.0,1.0,1.0,1.0,1.0,0.4,1.0,2.0,0.7,0.9,0.8,50.0,-274.5397085274263,23.078289705525684,665.2451312644187,535.1728817788191
187,187.0,1.0,1.0,1.0,1.0,0.6,3.0,1.0,0.7,0.9,0.7,40.0,-306.84885720429156,10.930340600310041,502.8136148563663,264.15410453168437
188,188.0,1.0,1.0,1.0,1.0,0.6,3.0,1.0,0.7,1.0,1.0,40.0,-382.9784603784716,6.576605908635223,616.1821640805234,166.58255659989092
189,189.0,1.0,1.0,1.0,1.0,0.1,2.0,1.0,0.8,0.9,0.8,50.0,-261.4600771806192,23.078289705525684,660.6430912644187,352.4777784600971
190,190.0,1.0,1.0,1.0,1.0,0.6,2.0,2.0,0.9,1.0,0.9,50.0,-352.3295046353721,23.078289705525684,721.304727672471,689.3673296232106
191,191.0,1.0,1.0,1.0,1.0,0.2,2.0,1.0,0.8,0.9,1.0,60.0,-257.283309263118,23.078289705525684,736.2221240805234,413.3761462330045
192,192.0,1.0,1.0,1.0,1.0,0.3,2.0,1.0,0.9,1.0,1.0,40.0,-432.2633985225353,17.228584059626538,759.0942440805235,350.9456035835528
193,193.0,1.0,1.0,1.0,1.0,0.4,1.0,2.0,1.0,1.0,0.9,30.0,-482.33553269462755,9.617224844721495,783.425647672471,202.8468901689825
194,194.0,1.0,1.0,1.0,1.0,1.0,3.0,1.0,1.0,0.9,1.0,30.0,-485.417043728394,4.435883168136524,718.3051640805235,144.49233681894896
195,195.0,1.0,1.0,1.0,1.0,0.3,2.0,2.0,0.7,1.0,0.8,40.0,-316.9266138574142,23.078289705525684,637.7709712644187,506.6722263044884
196,196.0,1.0,1.0,1.0,1.0,0.6,1.0,1.0,0.8,0.9,0.9,30.0,-474.21145273728035,4.435883168136524,729.8316476724711,107.96386264888082
197,197.0,1.0,1.0,1.0,1.0,0.4,2.0,1.0,0.8,1.0,0.8,50.0,-322.36307383622415,23.078289705525684,660.6430912644187,567.5705940773958
198,198.0,1.0,1.0,1.0,1.0,0.3,2.0,2.0,0.7,1.0,0.7,40.0,-294.14511754576426,23.078289705525684,599.9814548563663,506.6722263044884
199,199.0,1.0,1.0,1.0,1.0,0.6,2.0,1.0,0.7,0.9,0.7,30.0,-395.1904510474,4.435883168136524,599.9814548563663,107.96386264888082
200,200.0,1.0,1.0,1.0,1.0,0.5,1.0,2.0,0.7,1.0,0.8,50.0,-301.2423958933432,23.078289705525684,665.2451312644187,628.468961850303
201,201.0,1.0,1.0,1.0,1.0,0.2,3.0,1.0,0.7,0.9,0.9,50.0,-227.80859887992142,23.078289705525684,578.3926476724711,413.3761462330045
202,202.0,1.0,1.0,1.0,1.0,0.1,2.0,1.0,0.8,1.0,0.8,50.0,-271.062609901692,23.078289705525684,660.6430912644187,384.8754907586737
203,203.0,1.0,1.0,1.0,1.0,0.7,1.0,1.0,0.9,0.9,0.8,30.0,-472.6628377086408,4.435883168136524,718.8391312644187,117.09598119139785
204,204.0,1.0,1.0,1.0,1.0,0.9,3.0,1.0,0.7,1.0,0.7,30.0,-353.06409296115,4.435883168136524,502.8136148563663,141.26812398685178
205,205.0,1.0,1.0,1.0,1.0,0.1,1.0,1.0,0.9,1.0,1.0,40.0,-419.3457250532011,23.078289705525684,794.4181640805233,384.8754907586737
206,206.0,1.0,1.0,1.0,1.0,0.4,1.0,2.0,0.9,0.9,1.0,60.0,-286.2680282344694,23.078289705525684,794.4181640805233,535.1728817788191
207,207.0,1.0,1.0,1.0,1.0,0.7,3.0,2.0,0.9,1.0,0.8,60.0,-233.80387536785852,23.078289705525684,608.6851312644187,750.2656973961177
208,208.0,1.0,1.0,1.0,1.0,0.2,2.0,1.0,0.9,1.0,0.8,50.0,-302.2431874052466,23.078289705525684,683.5152112644187,445.773858531581
209,209.0,1.0,1.0,1.0,1.0,0.8,2.0,1.0,1.0,1.0,0.8,40.0,-450.9691128998109,4.435883168136524,706.3873312644187,132.13600544433473
210,210.0,1.0,1.0,1.0,1.0,0.1,3.0,2.0,1.0,1.0,0.7,40.0,-262.90587140885526,23.078289705525684,604.9366148563663,384.8754907586737
211,211.0,1.0,1.0,1.0,1.0,1.0,3.0,1.0,0.7,1.0,0.7,40.0,-335.9541619101807,4.435883168136524,502.8136148563663,150.40024252936882
212,212.0,1.0,1.0,1.0,1.0,0.8,1.0,1.0,0.9,1.0,1.0,40.0,-504.2514671482538,4.435883168136524,794.4181640805233,132.13600544433473
213,213.0,1.0,1.0,1.0,1.0,0.1,1.0,2.0,0.7,1.0,0.8,30.0,-366.5803298480241,22.29896888868372,665.2451312644187,368.54435855765735
214,214.0,1.0,1.0,1.0,1.0,0.6,3.0,1.0,0.9,0.9,0.8,60.0,-248.19698566284217,23.078289705525684,608.6851312644187,656.9696173246339
215,215.0,1.0,1.0,1.0,1.0,0.3,1.0,1.0,0.9,0.9,0.8,40.0,-398.7117726435406,20.369443467053202,718.8391312644187,404.21187017950035
216,216.0,1.0,1.0,1.0,1.0,0.5,2.0,1.0,0.8,0.9,0.7,60.0,-240.2392842626999,23.078289705525684,622.8535748563663,596.0712495517265
217,217.0,1.0,1.0,1.0,1.0,1.0,3.0,1.0,0.7,1.0,0.9,40.0,-381.5171545334807,4.435883168136524,578.3926476724711,150.40024252936882
218,218.0,1.0,1.0,1.0,1.0,0.7,2.0,2.0,1.0,0.9,0.7,30.0,-428.9270082025422,4.435883168136524,668.5978148563663,117.09598119139785
219,219.0,1.0,1.0,1.0,1.0,0.1,2.0,2.0,0.8,1.0,0.9,40.0,-319.58822373808675,23.078289705525684,698.432607672471,384.8754907586737
220,220.0,1.0,1.0,1.0,1.0,0.3,2.0,2.0,1.0,0.9,0.9,30.0,-438.5545860839303,14.9190934620702,744.1768476724711,276.26631489986926
221,221.0,1.0,1.0,1.0,1.0,0.7,1.0,1.0,0.7,0.9,0.7,40.0,-395.0359079283168,4.435883168136524,627.4556148563663,117.09598119139785
222,222.0,1.0,1.0,1.0,1.0,0.9,3.0,1.0,0.9,1.0,0.7,30.0,-394.6732726619901,4.435883168136524,570.8956148563664,141.26812398685178
223,223.0,1.0,1.0,1.0,1.0,0.7,1.0,2.0,0.9,1.0,0.7,30.0,-439.7819376949677,4.435883168136524,681.0496148563664,123.00388690181768
224,224.0,1.0,1.0,1.0,1.0,0.5,2.0,2.0,0.7,0.9,0.9,50.0,-297.4659715520342,23.078289705525684,675.560487672471,596.0712495517265
225,225.0,1.0,1.0,1.0,1.0,0.1,3.0,1.0,0.8,0.9,1.0,30.0,-388.75499438319815,13.682790068623277,650.2231640805235,188.65580964804477
226,226.0,1.0,1.0,1.0,1.0,0.8,3.0,1.0,0.9,1.0,0.8,30.0,-412.7245088253238,4.435883168136524,608.6851312644187,132.13600544433473
227,227.0,1.0,1.0,1.0,1.0,0.2,1.0,1.0,0.7,0.9,0.7,50.0,-258.6537005869888,23.078289705525684,627.4556148563663,413.3761462330045
228,228.0,1.0,1.0,1.0,1.0,0.1,1.0,1.0,0.7,1.0,1.0,60.0,-252.66065241252235,23.078289705525684,740.8241640805232,384.8754907586737
229,229.0,1.0,1.0,1.0,1.0,0.4,3.0,2.0,1.0,1.0,0.8,40.0,-337.1806835019232,21.34758413565328,642.7261312644187,513.2896307532426
230,230.0,1.0,1.0,1.0,1.0,0.5,3.0,1.0,0.8,1.0,1.0,30.0,-423.29213115325496,4.435883168136524,650.2231640805235,104.73964981678361
231,231.0,1.0,1.0,1.0,1.0,0.9,3.0,2.0,0.7,0.9,1.0,60.0,-262.3554648589336,23.078289705525684,616.1821640805234,839.6647206433558
232,232.0,1.0,1.0,1.0,1.0,0.2,1.0,2.0,1.0,0.9,0.9,60.0,-246.01997838553152,23.078289705525684,783.425647672471,413.3761462330045
233,233.0,1.0,1.0,1.0,1.0,0.7,1.0,1.0,0.7,0.9,0.8,50.0,-365.7312697621725,16.098655575530614,665.2451312644187,453.04079077038733
234,234.0,1.0,1.0,1.0,1.0,0.8,2.0,1.0,0.8,0.9,0.9,60.0,-337.09460691705164,22.29896888868372,698.432607672471,744.4005195773591
235,235.0,1.0,1.0,1.0,1.0,0.3,2.0,1.0,0.9,0.9,0.7,30.0,-409.16051631987233,4.435883168136524,645.7256948563663,80.5675070213297
236,236.0,1.0,1.0,1.0,1.0,0.8,3.0,2.0,0.7,1.0,1.0,30.0,-403.4433501784781,4.435883168136524,616.1821640805234,132.13600544433473
237,237.0,1.0,1.0,1.0,1.0,1.0,2.0,2.0,0.9,0.9,1.0,60.0,-367.13943092437074,21.34758413565328,759.0942440805235,812.6830929742241
238,238.0,1.0,1.0,1.0,1.0,1.0,3.0,2.0,0.9,1.0,0.7,60.0,-262.437760437732,19.70101240444786,570.8956148563664,758.5359520751812
239,239.0,1.0,1.0,1.0,1.0,0.4,1.0,1.0,0.8,0.9,1.0,30.0,-487.53242875229773,4.435883168136524,767.6211640805233,89.69962556384674
240,240.0,1.0,1.0,1.0,1.0,0.6,1.0,1.0,0.8,0.9,1.0,40.0,-468.104061604303,10.930340600310041,767.6211640805233,264.15410453168437
241,241.0,1.0,1.0,1.0,1.0,1.0,3.0,1.0,1.0,0.9,1.0,30.0,-485.417043728394,4.435883168136524,718.3051640805235,144.49233681894896
242,242.0,1.0,1.0,1.0,1.0,0.9,3.0,2.0,1.0,0.9,0.7,50.0,-321.22404295472484,16.009966495689934,604.9366148563663,524.7146807754795
243,243.0,1.0,1.0,1.0,1.0,0.5,2.0,1.0,0.9,0.9,1.0,50.0,-389.5041112420057,23.078289705525684,759.0942440805235,596.0712495517265
244,244.0,1.0,1.0,1.0,1.0,0.5,2.0,1.0,0.9,1.0,0.8,60.0,-286.70373615413314,23.078289705525684,683.5152112644187,628.468961850303
245,245.0,1.0,1.0,1.0,1.0,0.1,3.0,1.0,1.0,1.0,0.9,40.0,-349.5646616930555,23.078289705525684,680.515647672471,384.8754907586737
246,246.0,1.0,1.0,1.0,1.0,0.8,2.0,1.0,0.7,1.0,0.8,50.0,-369.72371704934096,12.289556844116472,637.7709712644187,370.93767619824644
247,247.0,1.0,1.0,1.0,1.0,0.5,2.0,2.0,0.7,1.0,1.0,30.0,-448.7052761320107,4.435883168136524,713.3500040805234,104.73964981678361
248,248.0,1.0,1.0,1.0,1.0,0.2,3.0,2.0,1.0,0.9,0.7,30.0,-337.8534450764492,19.95577521581524,604.9366148563663,343.7898439395031
249,249.0,1.0,1.0,1.0,1.0,0.2,2.0,1.0,0.9,1.0,0.9,30.0,-453.1288166621384,4.435883168136524,721.304727672471,77.3432941892325
250,250.0,1.0,1.0,1.0,1.0,1.0,2.0,1.0,0.8,0.9,0.8,50.0,-398.49636555954856,10.930340600310041,660.6430912644187,357.192967442045
251,251.0,1.0,1.0,1.0,1.0,0.2,2.0,2.0,0.8,1.0,0.7,40.0,-291.12538575963083,23.078289705525684,622.8535748563663,445.773858531581
252,252.0,1.0,1.0,1.0,1.0,0.6,2.0,2.0,1.0,0.9,0.8,60.0,-267.1859832757145,23.078289705525684,706.3873312644187,656.9696173246339
253,253.0,1.0,1.0,1.0,1.0,0.3,2.0,1.0,0.9,0.9,0.9,30.0,-454.7235089431722,4.435883168136524,721.304727672471,80.5675070213297
254,254.0,1.0,1.0,1.0,1.0,0.1,3.0,1.0,0.9,0.9,0.8,60.0,-169.3970277994802,23.078289705525684,608.6851312644187,352.4777784600971
255,255.0,1.0,1.0,1.0,1.0,0.8,2.0,1.0,0.9,0.9,0.8,50.0,-390.57861965212163,13.585846960861314,683.5152112644187,399.6035767734475
256,256.0,1.0,1.0,1.0,1.0,0.6,3.0,2.0,0.9,1.0,1.0,50.0,-329.10662853195987,23.078289705525684,684.2641640805234,689.3673296232106
257,257.0,1.0,1.0,1.0,1.0,0.4,1.0,1.0,1.0,1.0,0.8,50.0,-374.74590231348236,23.078289705525684,745.6361312644187,567.5705940773958
258,258.0,1.0,1.0,1.0,1.0,0.7,3.0,2.0,0.8,1.0,0.8,60.0,-212.9992855174386,23.078289705525684,574.6441312644188,750.2656973961177
259,259.0,1.0,1.0,1.0,1.0,0.6,3.0,2.0,0.8,1.0,0.9,40.0,-349.6613816693247,13.682790068623277,612.4336476724711,359.3542877479627
260,260.0,1.0,1.0,1.0,1.0,0.5,1.0,2.0,1.0,0.9,0.8,30.0,-465.4252038696171,4.971077571091431,745.6361312644187,110.2310108907268
261,261.0,1.0,1.0,1.0,1.0,0.3,3.0,1.0,0.8,0.9,1.0,30.0,-410.69604298933996,4.435883168136524,650.2231640805235,80.5675070213297
262,262.0,1.0,1.0,1.0,1.0,0.6,1.0,2.0,0.7,0.9,0.9,30.0,-444.4738600332807,4.435883168136524,703.0346476724711,107.96386264888082
263,263.0,1.0,1.0,1.0,1.0,0.2,3.0,1.0,0.8,0.9,0.9,60.0,-184.27639911417847,23.078289705525684,612.4336476724711,413.3761462330045
264,264.0,1.0,1.0,1.0,1.0,0.2,1.0,2.0,0.7,0.9,1.0,60.0,-221.86862922160182,23.078289705525684,740.8241640805232,413.3761462330045
265,265.0,1.0,1.0,1.0,1.0,0.7,1.0,2.0,0.7,1.0,0.7,40.0,-372.0173496952752,11.036907577547803,627.4556148563663,304.6318982329067
266,266.0,1.0,1.0,1.0,1.0,1.0,1.0,1.0,0.9,1.0,0.7,50.0,-418.7938132463636,9.252881896266334,681.0496148563664,312.0182333490807
267,267.0,1.0,1.0,1.0,1.0,0.9,3.0,2.0,0.9,1.0,0.7,40.0,-359.5997578912569,4.569773722482594,570.8956148563664,145.41662028738244
268,268.0,1.0,1.0,1.0,1.0,0.6,1.0,1.0,0.7,0.9,0.9,40.0,-428.8199441579588,10.930340600310041,703.0346476724711,264.15410453168437
269,269.0,1.0,1.0,1.0,1.0,0.1,1.0,1.0,1.0,1.0,1.0,40.0,-435.8483461878954,23.078289705525684,821.2151640805233,384.8754907586737
270,270.0,1.0,1.0,1.0,1.0,0.5,3.0,1.0,0.8,1.0,0.7,50.0,-264.15642355614125,21.34758413565328,536.8546148563664,568.0900097057902
271,271.0,1.0,1.0,1.0,1.0,0.4,3.0,1.0,1.0,0.9,0.7,30.0,-388.6909939035463,4.435883168136524,604.9366148563663,89.69962556384674
272,272.0,1.0,1.0,1.0,1.0,0.3,1.0,1.0,0.8,0.9,0.8,40.0,-382.2091515088465,20.369443467053202,692.0421312644187,404.21187017950035
273,273.0,1.0,1.0,1.0,1.0,0.7,3.0,1.0,0.8,0.9,0.8,60.0,-244.49255045726625,23.078289705525684,574.6441312644188,717.8679850975411
274,274.0,1.0,1.0,1.0,1.0,0.2,3.0,1.0,0.8,1.0,1.0,50.0,-280.9972177630644,23.078289705525684,650.2231640805235,445.773858531581
275,275.0,1.0,1.0,1.0,1.0,0.7,1.0,1.0,0.7,1.0,1.0,50.0,-419.4065225958288,14.823148120062866,740.8241640805232,428.83477603322774
276,276.0,1.0,1.0,1.0,1.0,0.1,3.0,2.0,0.8,1.0,0.8,30.0,-310.9768253680768,22.29896888868372,574.6441312644188,368.54435855765735
277,277.0,1.0,1.0,1.0,1.0,0.7,3.0,2.0,0.7,0.9,0.8,50.0,-249.42230193301566,22.29896888868372,540.6031312644187,686.2722664963071
278,278.0,1.0,1.0,1.0,1.0,0.1,2.0,1.0,0.8,1.0,0.8,50.0,-271.062609901692,23.078289705525684,660.6430912644187,384.8754907586737
279,279.0,1.0,1.0,1.0,1.0,0.5,2.0,1.0,1.0,1.0,1.0,50.0,-413.3902976152838,21.34758413565328,781.9663640805235,568.0900097057902
280,280.0,1.0,1.0,1.0,1.0,0.8,2.0,2.0,0.8,1.0,0.9,50.0,-371.6728669299767,17.228584059626538,698.432607672471,556.7890121506418
281,281.0,1.0,1.0,1.0,1.0,0.2,3.0,1.0,0.9,0.9,0.9,60.0,-203.0219715208488,23.078289705525684,646.4746476724711,413.3761462330045
282,282.0,1.0,1.0,1.0,1.0,0.8,3.0,1.0,0.7,1.0,0.7,50.0,-287.4895143392097,12.289556844116472,502.8136148563663,370.93767619824644
283,283.0,1.0,1.0,1.0,1.0,0.3,2.0,1.0,0.7,1.0,0.8,30.0,-406.91673478138364,4.435883168136524,637.7709712644187,86.47541273174954
284,284.0,1.0,1.0,1.0,1.0,0.7,1.0,1.0,0.9,1.0,1.0,30.0,-521.3613981992231,4.435883168136524,794.4181640805233,123.00388690181768
285,285.0,1.0,1.0,1.0,1.0,0.5,1.0,2.0,1.0,1.0,1.0,30.0,-515.1685274679793,4.435883168136524,821.2151640805233,104.73964981678361
286,286.0,1.0,1.0,1.0,1.0,0.6,3.0,1.0,0.7,0.9,0.9,30.0,-381.3007372722187,4.435883168136524,578.3926476724711,107.96386264888082
287,287.0,1.0,1.0,1.0,1.0,0.1,2.0,2.0,0.8,1.0,0.7,40.0,-274.02523111478683,23.078289705525684,622.8535748563663,384.8754907586737
288,288.0,1.0,1.0,1.0,1.0,0.6,3.0,2.0,0.8,1.0,0.9,30.0,-392.0059234206158,4.435883168136524,612.4336476724711,113.87176835930065
289,289.0,1.0,1.0,1.0,1.0,0.6,1.0,2.0,0.8,1.0,1.0,30.0,-486.89354534690705,4.435883168136524,767.6211640805233,113.87176835930065
290,290.0,1.0,1.0,1.0,1.0,0.8,3.0,1.0,1.0,0.9,0.7,60.0,-280.41225458782014,22.29896888868372,604.9366148563663,744.4005195773591
291,291.0,1.0,1.0,1.0,1.0,0.7,2.0,1.0,0.7,0.9,1.0,50.0,-394.3388744535863,16.098655575530614,713.3500040805234,453.04079077038733
292,292.0,1.0,1.0,1.0,1.0,0.7,3.0,2.0,1.0,0.9,1.0,60.0,-290.56892512050564,23.078289705525684,718.3051640805235,717.8679850975411
293,293.0,1.0,1.0,1.0,1.0,0.5,3.0,1.0,0.7,1.0,1.0,40.0,-371.2860779152118,10.930340600310041,616.1821640805234,254.73836771144352
294,294.0,1.0,1.0,1.0,1.0,0.3,3.0,1.0,1.0,1.0,0.8,50.0,-294.14355948544835,23.078289705525684,642.7261312644187,506.6722263044884
295,295.0,1.0,1.0,1.0,1.0,1.0,1.0,1.0,1.0,1.0,0.8,40.0,-484.6516159562807,4.435883168136524,745.6361312644187,150.40024252936882
296,296.0,1.0,1.0,1.0,1.0,0.3,2.0,2.0,1.0,1.0,0.7,40.0,-336.38638612189567,23.078289705525684,668.5978148563663,506.6722263044884
297,297.0,1.0,1.0,1.0,1.0,0.8,3.0,1.0,0.9,0.9,0.9,50.0,-367.35574354870937,13.585846960861314,646.4746476724711,399.6035767734475
298,298.0,1.0,1.0,1.0,1.0,0.2,1.0,2.0,1.0,1.0,0.7,50.0,-276.6682990512438,23.078289705525684,707.8466148563664,445.773858531581
299,299.0,1.0,1.0,1.0,1.0,0.9,2.0,1.0,0.9,0.9,0.8,50.0,-402.57704910141774,10.930340600310041,683.5152112644187,333.9332517144548
300,300.0,1.0,1.0,1.0,1.0,0.6,2.0,1.0,0.8,1.0,0.9,30.0,-457.96943439669303,4.435883168136524,698.432607672471,113.87176835930065
301,301.0,1.0,1.0,1.0,1.0,0.6,1.0,2.0,0.9,1.0,0.9,50.0,-374.1292891192256,23.078289705525684,756.6286476724712,689.3673296232106
302,302.0,1.0,1.0,1.0,1.0,0.6,2.0,1.0,0.8,0.9,0.9,30.0,-454.8338665294105,4.435883168136524,698.432607672471,107.96386264888082
303,303.0,1.0,1.0,1.0,1.0,0.6,2.0,2.0,0.9,1.0,0.9,60.0,-285.4895894497268,23.078289705525684,721.304727672471,689.3673296232106
304,304.0,1.0,1.0,1.0,1.0,0.2,2.0,2.0,0.9,1.0,0.8,40.0,-327.9873049299912,23.078289705525684,683.5152112644187,445.773858531581
305,305.0,1.0,1.0,1.0,1.0,1.0,1.0,2.0,1.0,1.0,0.7,60.0,-346.74453847134185,19.70101240444786,707.8466148563664,758.5359520751812
306,306.0,1.0,1.0,1.0,1.0,0.7,3.0,2.0,1.0,0.9,0.8,40.0,-373.77844623151583,12.39118903747125,642.7261312644187,331.685770598228
307,307.0,1.0,1.0,1.0,1.0,0.9,3.0,2.0,0.9,1.0,0.8,40.0,-382.3812542029069,4.569773722482594,608.6851312644187,145.41662028738244
308,308.0,1.0,1.0,1.0,1.0,0.3,1.0,2.0,0.9,1.0,1.0,50.0,-345.61032149634354,23.078289705525684,794.4181640805233,506.6722263044884
309,309.0,1.0,1.0,1.0,1.0,1.0,1.0,1.0,0.9,0.9,0.8,60.0,-382.66959136627736,16.098655575530614,718.8391312644187,566.060016343606
310,310.0,1.0,1.0,1.0,1.0,1.0,1.0,2.0,0.8,1.0,0.9,60.0,-359.30228882525347,19.70101240444786,729.8316476724711,758.5359520751812
311,311.0,1.0,1.0,1.0,1.0,0.3,3.0,2.0,0.7,1.0,0.7,30.0,-299.4483931872438,12.39118903747125,502.8136148563663,239.12393847371362
312,312.0,1.0,1.0,1.0,1.0,0.9,1.0,1.0,0.9,0.9,1.0,60.0,-412.9871555185444,18.929612245231564,794.4181640805233,648.4288600097419
313,313.0,1.0,1.0,1.0,1.0,0.7,1.0,1.0,0.7,0.9,0.8,50.0,-365.7312697621725,16.098655575530614,665.2451312644187,453.04079077038733
314,314.0,1.0,1.0,1.0,1.0,0.9,2.0,1.0,0.7,0.9,1.0,30.0,-477.7257204272988,4.435883168136524,713.3500040805234,135.36021827643194
315,315.0,1.0,1.0,1.0,1.0,0.7,1.0,2.0,0.7,0.9,1.0,30.0,-471.98561649324677,4.435883168136524,740.8241640805232,117.09598119139785
316,316.0,1.0,1.0,1.0,1.0,0.1,3.0,2.0,0.8,0.9,0.8,40.0,-234.47565529859236,23.078289705525684,574.6441312644188,352.4777784600971
317,317.0,1.0,1.0,1.0,1.0,0.2,1.0,1.0,0.9,1.0,0.9,30.0,-474.928601145992,4.435883168136524,756.6286476724712,77.3432941892325
318,318.0,1.0,1.0,1.0,1.0,0.8,3.0,1.0,0.8,1.0,0.9,60.0,-294.19499166705026,20.369443467053202,612.4336476724711,689.1967244390538
319,319.0,1.0,1.0,1.0,1.0,1.0,2.0,2.0,0.9,0.9,0.9,50.0,-405.6691668956941,13.682790068623277,721.304727672471,464.30750144943
320,320.0,1.0,1.0,1.0,1.0,0.9,2.0,2.0,0.9,0.9,0.8,30.0,-447.0886019521143,4.435883168136524,683.5152112644187,135.36021827643194
321,321.0,1.0,1.0,1.0,1.0,0.5,3.0,2.0,1.0,1.0,1.0,50.0,-332.8110637375359,23.078289705525684,718.3051640805235,628.468961850303
322,322.0,1.0,1.0,1.0,1.0,1.0,3.0,1.0,0.7,1.0,0.8,60.0,-281.5008676679699,14.9190934620702,540.6031312644187,534.6991730476664
323,323.0,1.0,1.0,1.0,1.0,0.8,2.0,1.0,0.9,0.9,0.9,50.0,-413.3601159637716,13.585846960861314,721.304727672471,399.6035767734475
324,324.0,1.0,1.0,1.0,1.0,1.0,3.0,1.0,0.8,1.0,0.7,40.0,-356.7587517606007,4.435883168136524,536.8546148563664,150.40024252936882
325,325.0,1.0,1.0,1.0,1.0,0.3,2.0,1.0,0.8,0.9,0.7,60.0,-206.03897497301193,23.078289705525684,622.8535748563663,474.2745140059118
326,326.0,1.0,1.0,1.0,1.0,0.2,3.0,1.0,0.9,1.0,0.8,50.0,-256.2388149901843,23.078289705525684,608.6851312644187,445.773858531581
327,327.0,1.0,1.0,1.0,1.0,0.1,2.0,1.0,0.7,1.0,0.8,30.0,-389.85543774336594,11.036907577547803,637.7709712644187,163.42691035007562
328,328.0,1.0,1.0,1.0,1.0,0.1,1.0,1.0,0.9,0.9,0.8,50.0,-297.34028452318324,23.078289705525684,718.8391312644187,352.4777784600971
329,329.0,1.0,1.0,1.0,1.0,0.3,3.0,1.0,0.8,1.0,0.7,30.0,-345.48712192167244,4.435883168136524,536.8546148563664,86.47541273174954
330,330.0,1.0,1.0,1.0,1.0,0.1,1.0,2.0,1.0,1.0,0.7,30.0,-393.3066969404567,22.29896888868372,707.8466148563664,368.54435855765735
331,331.0,1.0,1.0,1.0,1.0,0.9,3.0,1.0,0.8,1.0,0.9,50.0,-364.6420542403971,10.930340600310041,612.4336476724711,347.77723062180416
332,332.0,1.0,1.0,1.0,1.0,0.2,3.0,2.0,0.9,0.9,0.8,40.0,-272.38039979385627,23.078289705525684,608.6851312644187,413.3761462330045
333,333.0,1.0,1.0,1.0,1.0,0.1,3.0,2.0,0.8,0.9,0.9,50.0,-190.80574676156573,23.078289705525684,612.4336476724711,352.4777784600971
334,334.0,1.0,1.0,1.0,1.0,0.7,1.0,1.0,0.8,1.0,0.8,60.0,-326.2012087929806,23.078289705525684,692.0421312644187,750.2656973961177
335,335.0,1.0,1.0,1.0,1.0,0.6,3.0,2.0,1.0,1.0,0.9,50.0,-327.1297220707299,23.078289705525684,680.515647672471,689.3673296232106
336,336.0,1.0,1.0,1.0,1.0,0.8,3.0,2.0,0.7,1.0,0.7,40.0,-305.58950227073245,10.930340600310041,502.8136148563663,324.5175148942139
337,337.0,1.0,1.0,1.0,1.0,0.7,1.0,2.0,0.8,0.9,0.7,30.0,-420.14374869299104,4.435883168136524,654.2526148563663,117.09598119139785
338,338.0,1.0,1.0,1.0,1.0,1.0,1.0,1.0,0.8,0.9,0.7,50.0,-395.0924554557684,10.930340600310041,654.2526148563663,357.192967442045
339,339.0,1.0,1.0,1.0,1.0,0.2,1.0,2.0,0.9,0.9,0.9,40.0,-362.96605300442195,23.078289705525684,756.6286476724712,413.3761462330045
340,340.0,1.0,1.0,1.0,1.0,0.9,2.0,1.0,0.8,1.0,0.7,40.0,-404.7570310190562,4.435883168136524,622.8535748563663,141.26812398685178
341,341.0,1.0,1.0,1.0,1.0,0.7,2.0,2.0,0.7,0.9,1.0,50.0,-354.4380009547968,22.29896888868372,713.3500040805234,686.2722664963071
342,342.0,1.0,1.0,1.0,1.0,0.2,3.0,1.0,1.0,0.9,1.0,40.0,-379.84377992847686,23.078289705525684,718.3051640805235,413.3761462330045
343,343.0,1.0,1.0,1.0,1.0,0.4,2.0,2.0,1.0,1.0,0.7,40.0,-353.67939261362574,21.34758413565328,668.5978148563663,513.2896307532426
344,344.0,1.0,1.0,1.0,1.0,0.5,1.0,2.0,0.7,0.9,1.0,40.0,-404.6148140874138,18.312927771802244,740.8241640805232,443.0220528425354
345,345.0,1.0,1.0,1.0,1.0,1.0,2.0,2.0,0.8,1.0,1.0,40.0,-464.59680853301694,4.435883168136524,736.2221240805234,150.40024252936882
346,346.0,1.0,1.0,1.0,1.0,1.0,1.0,2.0,0.8,1.0,0.8,40.0,-438.4114021175867,4.435883168136524,692.0421312644187,150.40024252936882
347,347.0,1.0,1.0,1.0,1.0,0.5,3.0,1.0,1.0,1.0,1.0,30.0,-464.901310854095,4.435883168136524,718.3051640805235,104.73964981678361
348,348.0,1.0,1.0,1.0,1.0,0.4,1.0,2.0,0.7,0.9,1.0,40.0,-386.9426163363715,23.078289705525684,740.8241640805232,535.1728817788191
349,349.0,1.0,1.0,1.0,1.0,0.7,2.0,2.0,1.0,1.0,0.8,40.0,-420.08472665117057,11.036907577547803,706.3873312644187,304.6318982329067
350,350.0,1.0,1.0,1.0,1.0,0.9,1.0,2.0,1.0,1.0,0.9,40.0,-489.46952854816675,4.569773722482594,783.425647672471,145.41662028738244
351,351.0,1.0,1.0,1.0,1.0,1.0,2.0,1.0,0.9,0.9,0.9,50.0,-435.35828472990903,10.930340600310041,721.304727672471,357.192967442045
352,352.0,1.0,1.0,1.0,1.0,1.0,1.0,2.0,0.8,1.0,0.9,30.0,-483.03308962852236,4.435883168136524,729.8316476724711,150.40024252936882
353,353.0,1.0,1.0,1.0,1.0,0.1,2.0,2.0,0.7,1.0,0.9,60.0,-181.658098435943,23.078289705525684,675.560487672471,384.8754907586737
354,354.0,1.0,1.0,1.0,1.0,1.0,3.0,2.0,0.7,1.0,0.8,40.0,-345.50068665252513,4.435883168136524,540.6031312644187,150.40024252936882
355,355.0,1.0,1.0,1.0,1.0,0.5,3.0,1.0,0.7,0.9,1.0,30.0,-399.35197343555245,4.435883168136524,616.1821640805234,98.83174410636377
356,356.0,1.0,1.0,1.0,1.0,0.4,2.0,1.0,1.0,1.0,0.8,40.0,-415.4825794598215,13.682790068623277,706.3873312644187,298.09835623654374
357,357.0,1.0,1.0,1.0,1.0,0.3,1.0,1.0,1.0,1.0,0.9,60.0,-313.58732879464293,23.078289705525684,783.425647672471,506.6722263044884
358,358.0,1.0,1.0,1.0,1.0,1.0,1.0,2.0,0.7,0.9,0.9,40.0,-441.5547094272601,4.435883168136524,703.0346476724711,144.49233681894896
359,359.0,1.0,1.0,1.0,1.0,0.8,3.0,2.0,0.8,1.0,0.7,50.0,-273.38133489990497,17.228584059626538,536.8546148563664,556.7890121506418
360,360.0,1.0,1.0,1.0,1.0,0.2,3.0,2.0,0.8,1.0,0.8,40.0,-261.17834266450905,23.078289705525684,574.6441312644188,445.773858531581
361,361.0,1.0,1.0,1.0,1.0,0.9,2.0,2.0,0.9,1.0,0.8,50.0,-377.3020002963141,14.823148120062866,683.5152112644187,496.594514823454
362,362.0,1.0,1.0,1.0,1.0,0.5,2.0,1.0,0.8,0.9,0.9,60.0,-285.8022768859999,23.078289705525684,698.432607672471,596.0712495517265
363,363.0,1.0,1.0,1.0,1.0,0.6,2.0,1.0,1.0,1.0,1.0,40.0,-484.67243535308427,6.576605908635223,781.9663640805235,166.58255659989092
364,364.0,1.0,1.0,1.0,1.0,0.7,3.0,2.0,0.8,1.0,0.9,50.0,-302.81000958845306,20.369443467053202,612.4336476724711,637.7526335305662
365,365.0,1.0,1.0,1.0,1.0,0.3,1.0,2.0,0.8,0.9,0.8,30.0,-406.98983026272913,14.9190934620702,692.0421312644187,276.26631489986926
366,366.0,1.0,1.0,1.0,1.0,0.4,2.0,2.0,0.9,0.9,0.7,50.0,-262.9636700013112,23.078289705525684,645.7256948563663,535.1728817788191
367,367.0,1.0,1.0,1.0,1.0,1.0,1.0,2.0,0.8,0.9,0.8,30.0,-457.11602544958987,4.435883168136524,692.0421312644187,144.49233681894896
368,368.0,1.0,1.0,1.0,1.0,0.3,2.0,2.0,0.9,0.9,0.7,30.0,-378.9111706019199,14.9190934620702,645.7256948563663,276.26631489986926
369,369.0,1.0,1.0,1.0,1.0,0.5,2.0,1.0,0.7,0.9,0.8,40.0,-378.99276948607195,12.063173059093632,637.7709712644187,269.1333518796973
370,370.0,1.0,1.0,1.0,1.0,0.7,2.0,1.0,1.0,0.9,1.0,50.0,-436.5801430297178,16.098655575530614,781.9663640805235,453.04079077038733
371,371.0,1.0,1.0,1.0,1.0,0.2,2.0,1.0,1.0,1.0,0.8,50.0,-316.32361026395705,23.078289705525684,706.3873312644187,445.773858531581
372,372.0,1.0,1.0,1.0,1.0,0.7,3.0,2.0,0.8,1.0,1.0,40.0,-384.7583341502779,11.036907577547803,650.2231640805235,304.6318982329067
373,373.0,1.0,1.0,1.0,1.0,0.1,2.0,2.0,0.8,0.9,0.8,50.0,-220.36427951971874,23.078289705525684,660.6430912644187,352.4777784600971
374,374.0,1.0,1.0,1.0,1.0,0.9,3.0,1.0,0.9,0.9,0.8,60.0,-299.62000599632864,18.929612245231564,608.6851312644187,648.4288600097419
375,375.0,1.0,1.0,1.0,1.0,0.2,1.0,1.0,0.9,0.9,0.9,40.0,-404.0618506653224,23.078289705525684,756.6286476724712,413.3761462330045
376,376.0,1.0,1.0,1.0,1.0,1.0,3.0,1.0,0.8,0.9,0.8,60.0,-294.06084461694167,16.098655575530614,574.6441312644188,566.060016343606
377,377.0,1.0,1.0,1.0,1.0,0.1,2.0,2.0,1.0,0.9,0.8,30.0,-382.2049556084302,23.078289705525684,706.3873312644187,352.4777784600971
378,378.0,1.0,1.0,1.0,1.0,0.9,1.0,1.0,0.9,1.0,0.7,50.0,-407.6878083664329,10.930340600310041,681.0496148563664,347.77723062180416
379,379.0,1.0,1.0,1.0,1.0,1.0,3.0,1.0,0.8,0.9,0.8,30.0,-398.2448714042539,4.435883168136524,574.6441312644188,144.49233681894896
380,380.0,1.0,1.0,1.0,1.0,0.5,3.0,1.0,0.7,1.0,0.7,60.0,-176.30868772658096,23.078289705525684,502.8136148563663,628.468961850303
381,381.0,1.0,1.0,1.0,1.0,1.0,2.0,1.0,0.9,1.0,0.9,60.0,-391.8959160955221,14.9190934620702,721.304727672471,534.6991730476664
382,382.0,1.0,1.0,1.0,1.0,0.9,1.0,2.0,0.7,0.9,0.7,30.0,-413.1016478549294,4.435883168136524,627.4556148563663,135.36021827643194
383,383.0,1.0,1.0,1.0,1.0,0.5,1.0,1.0,1.0,0.9,0.8,40.0,-445.45602082204067,12.063173059093632,745.6361312644187,269.1333518796973
384,384.0,1.0,1.0,1.0,1.0,0.7,2.0,1.0,0.8,1.0,1.0,40.0,-463.6409996573736,4.435883168136524,736.2221240805234,123.00388690181768
385,385.0,1.0,1.0,1.0,1.0,0.8,3.0,2.0,1.0,1.0,0.9,40.0,-413.5662644452927,10.930340600310041,680.515647672471,324.5175148942139
386,386.0,1.0,1.0,1.0,1.0,0.3,1.0,2.0,0.7,0.9,0.7,50.0,-234.65805757093236,23.078289705525684,627.4556148563663,474.2745140059118
387,387.0,1.0,1.0,1.0,1.0,0.2,1.0,1.0,0.7,1.0,0.8,40.0,-357.9380092632184,22.29896888868372,665.2451312644187,426.67261163870904
388,388.0,1.0,1.0,1.0,1.0,0.9,2.0,1.0,1.0,0.9,0.8,60.0,-359.70480127010126,18.929612245231564,706.3873312644187,648.4288600097419
389,389.0,1.0,1.0,1.0,1.0,0.5,3.0,2.0,0.9,0.9,0.8,60.0,-191.90029986964035,23.078289705525684,608.6851312644187,596.0712495517265
390,390.0,1.0,1.0,1.0,1.0,0.4,2.0,2.0,0.8,1.0,0.8,30.0,-407.17120790571926,9.617224844721495,660.6430912644187,202.8468901689825
391,391.0,1.0,1.0,1.0,1.0,0.4,2.0,2.0,0.7,0.9,0.8,30.0,-386.3983511016369,10.930340600310041,637.7709712644187,217.63467307650404
392,392.0,1.0,1.0,1.0,1.0,0.6,2.0,1.0,1.0,0.9,0.7,50.0,-352.5861583626638,19.359945033123836,668.5978148563663,523.297717121561
393,393.0,1.0,1.0,1.0,1.0,0.2,2.0,2.0,0.7,1.0,0.8,40.0,-299.8264592125702,23.078289705525684,637.7709712644187,445.773858531581
394,394.0,1.0,1.0,1.0,1.0,0.8,2.0,1.0,0.8,0.9,1.0,50.0,-422.06118941671116,13.585846960861314,736.2221240805234,399.6035767734475
395,395.0,1.0,1.0,1.0,1.0,0.1,2.0,2.0,0.8,0.9,0.8,30.0,-354.0441098910093,23.078289705525684,660.6430912644187,352.4777784600971
396,396.0,1.0,1.0,1.0,1.0,0.1,3.0,1.0,1.0,0.9,0.7,30.0,-362.0196851490882,13.682790068623277,604.9366148563663,188.65580964804477
397,397.0,1.0,1.0,1.0,1.0,0.7,1.0,2.0,0.8,1.0,1.0,50.0,-397.6976315147445,20.369443467053202,767.6211640805233,637.7526335305662
398,398.0,1.0,1.0,1.0,1.0,0.6,1.0,2.0,0.7,0.9,0.9,60.0,-264.68159894311907,23.078289705525684,703.0346476724711,656.9696173246339
399,399.0,1.0,1.0,1.0,1.0,0.3,2.0,1.0,0.8,0.9,0.8,30.0,-417.86158977281167,4.435883168136524,660.6430912644187,80.5675070213297
