n,ID,VPN,Unc_Mult_CAPEX_FACIL,Unc_Mult_CAPEX_PERFO,Unc_MultPreciobaseValorGas,E_Brent,Unc_MultOpex,Total_capex,Total_opex,flat
0,0,147233.3199,1.0,0.98,1,40,1.0,62.581760028,422769.4551742,6
1,1,361779.5828,1.0,0.98,1,50,0.98,62.581760028,422759.4346589,2
2,2,364682.8203,1.0,0.98,1,50,0.95,62.581760028,422747.6172713,6
3,3,147170.9614,1.0,0.98,1,40,1.0,62.581760028,422770.0978513,8
4,4,380720.6232,0.98,0.9,1,50,0.95,59.7711114191,422746.9745942,4
5,5,162975.0267,0.98,0.98,1,40,0.9,61.8360298407,422725.1366912,4
6,6,171972.4257,0.95,0.9,1,40,1.0,58.6525161382,422769.4551742,6
7,7,607383.9851,0.9,0.9,1,60,0.98,56.78819067,422762.0053672,10
8,8,603632.7726,0.9,0.98,1,60,0.9,58.8531090915,422727.0647225,10
9,9,395272.7454,0.9,0.95,1,50,0.95,58.0787646834,422748.2599484,8
10,10,568465.8404,1.0,0.98,1,60,1.0,62.581760028,422769.4551742,6
11,11,-51780.2419,0.98,0.9,1,30,0.95,59.7711114191,422746.9745942,4
12,12,-55139.6005,0.98,0.9,1,30,0.98,59.7711114191,422760.720013,6
13,13,-67128.5673,0.98,1.0,1,30,0.95,62.352259446,422748.9026254,10
14,14,365045.6355,0.98,0.98,1,50,1.0,61.8360298407,422768.8124971,4
15,15,176944.0509,0.95,0.9,1,40,0.95,58.6525161382,422748.9026254,10
16,16,375445.6479,1.0,0.9,1,50,0.95,60.5168416064,422746.3319171,2
17,17,388715.6961,0.95,0.9,1,50,0.95,58.6525161382,422746.9745942,4
18,18,-55227.7297,0.95,0.98,1,30,0.95,60.7174345597,422748.9026254,10
19,19,175276.0815,0.95,0.95,1,40,0.9,59.9430901517,422725.7793683,6
20,20,-76249.4924,1.0,1.0,1,30,0.98,63.0979896333,422761.3626901,8
21,21,574539.6523,1.0,1.0,1,60,0.9,63.0979896333,422724.4940141,2
22,22,375280.4281,1.0,0.9,1,50,0.95,60.5168416064,422748.2599484,8
23,23,570061.0147,1.0,1.0,1,60,0.95,63.0979896333,422748.2599484,8
24,24,594412.553,0.95,0.95,1,60,0.9,59.9430901517,422725.7793683,6
25,25,365554.0452,1.0,0.95,1,50,0.98,61.8074156199,422762.0053672,10
26,26,392369.508,0.9,0.95,1,50,0.98,58.0787646834,422760.077336,4
27,27,369957.7956,0.98,0.98,1,50,0.95,61.8360298407,422748.2599484,8
28,28,176767.5354,0.9,0.98,1,40,0.98,58.8531090915,422760.077336,4
29,29,158194.3686,0.95,1.0,1,40,1.0,61.2336641651,422769.4551742,6
30,30,369957.7956,0.98,0.98,1,50,0.95,61.8360298407,422748.2599484,8
31,31,586307.3336,0.98,0.95,1,60,0.9,61.0616854326,422727.0647225,10
32,32,375533.0968,0.98,0.9,1,50,1.0,59.7711114191,422770.7405284,10
33,33,-48448.344,0.95,0.9,1,30,1.0,58.6525161382,422769.4551742,6
34,34,392654.7087,0.95,0.9,1,50,0.9,58.6525161382,422725.1366912,4
35,35,587855.5037,1.0,0.9,1,60,0.9,60.5168416064,422724.4940141,2
36,36,586049.3065,0.95,0.98,1,60,0.95,60.7174345597,422748.2599484,8
37,37,609972.0359,0.9,0.9,1,60,0.95,56.78819067,422748.9026254,10
38,38,-69710.3223,1.0,0.98,1,30,0.95,62.581760028,422746.3319171,2
39,39,173872.7555,0.98,0.9,1,40,0.9,59.7711114191,422726.4220454,8
40,40,167170.8023,0.98,0.95,1,40,0.9,61.0616854326,422724.4940141,2
41,41,157941.0431,0.98,0.98,1,40,0.95,61.8360298407,422746.3319171,2
42,42,570061.0147,1.0,1.0,1,60,0.95,63.0979896333,422748.2599484,8
43,43,-73047.4861,1.0,1.0,1,30,0.95,63.0979896333,422748.9026254,10
44,44,370258.1215,1.0,0.9,1,50,1.0,60.5168416064,422770.0978513,8
45,45,-63948.7557,0.98,0.98,1,30,0.95,61.8360298407,422747.6172713,6
46,46,-46287.5955,0.95,0.9,1,30,0.98,58.6525161382,422760.720013,6
47,47,-54104.6146,0.98,0.95,1,30,0.9,61.0616854326,422727.0647225,10
48,48,-31765.4747,0.9,0.9,1,30,0.98,56.78819067,422760.077336,4
49,49,-69710.3223,1.0,0.98,1,30,0.95,62.581760028,422746.3319171,2
50,50,391222.9168,0.9,0.98,1,50,0.95,58.8531090915,422748.9026254,10
51,51,586362.4069,0.98,0.95,1,60,0.9,61.0616854326,422726.4220454,8
52,52,596821.4043,0.9,1.0,1,60,0.95,59.3693386969,422746.9745942,4
53,53,577845.7177,0.98,0.95,1,60,1.0,61.0616854326,422768.8124971,4
54,54,190660.711,0.9,0.9,1,40,0.95,56.78819067,422748.9026254,10
55,55,156978.118,0.98,0.95,1,40,1.0,61.0616854326,422768.1698201,2
56,56,182166.0715,0.9,1.0,1,40,0.9,59.3693386969,422725.1366912,4
57,57,-54025.9386,0.98,0.95,1,30,0.9,61.0616854326,422726.4220454,8
58,58,375445.6479,1.0,0.9,1,50,0.95,60.5168416064,422746.3319171,2
59,59,596867.2074,0.95,0.9,1,60,0.95,58.6525161382,422746.3319171,2
60,60,-56083.1686,0.95,0.95,1,30,1.0,59.9430901517,422770.0978513,8
61,61,-55925.8165,0.95,0.95,1,30,1.0,59.9430901517,422768.8124971,4
62,62,594233.3535,0.9,1.0,1,60,0.98,59.3693386969,422760.077336,4
63,63,388780.0395,0.9,1.0,1,50,0.95,59.3693386969,422746.3319171,2
64,64,-35240.3126,0.9,0.98,1,30,0.9,58.8531090915,422726.4220454,8
65,65,195819.4116,0.9,0.9,1,40,0.9,56.78819067,422726.4220454,8
66,66,590362.7244,0.95,0.98,1,60,0.9,60.7174345597,422726.4220454,8
67,67,395327.1491,0.9,0.98,1,50,0.9,58.8531090915,422725.1366912,4
68,68,166997.2171,0.95,0.95,1,40,0.98,59.9430901517,422762.0053672,10
69,69,178675.3403,0.9,0.95,1,40,1.0,58.0787646834,422770.7405284,10
70,70,401985.7444,0.9,0.9,1,50,0.95,56.78819067,422747.6172713,6
71,71,-54913.0254,0.95,0.98,1,30,0.95,60.7174345597,422746.3319171,2
72,72,577202.8226,1.0,0.98,1,60,0.9,62.581760028,422724.4940141,2
73,73,-59415.0666,0.98,0.95,1,30,0.95,61.0616854326,422747.6172713,6
74,74,-39024.2902,0.9,0.95,1,30,0.98,58.0787646834,422759.4346589,2
75,75,583516.3291,0.95,0.98,1,60,0.98,60.7174345597,422760.720013,6
76,76,-72732.7817,1.0,1.0,1,30,0.95,63.0979896333,422746.3319171,2
77,77,603479.3299,0.9,0.95,1,60,0.95,58.0787646834,422746.9745942,4
78,78,375104.7043,0.95,0.98,1,50,0.98,60.7174345597,422759.4346589,2
79,79,187789.9811,0.9,0.9,1,40,0.98,56.78819067,422760.077336,4
80,80,-59336.3905,0.98,0.95,1,30,0.95,61.0616854326,422746.9745942,4
81,81,581993.9158,0.98,0.95,1,60,0.95,61.0616854326,422748.9026254,10
82,82,397018.511,0.9,0.9,1,50,1.0,56.78819067,422768.8124971,4
83,83,586049.3065,0.95,0.98,1,60,0.95,60.7174345597,422748.2599484,8
84,84,368621.8328,1.0,0.98,1,50,0.9,62.581760028,422725.7793683,6
85,85,165921.6052,0.95,0.98,1,40,0.95,60.7174345597,422748.9026254,10
86,86,-60538.1817,0.95,0.98,1,30,1.0,60.7174345597,422769.4551742,6
87,87,379274.5139,1.0,0.9,1,50,0.9,60.5168416064,422725.7793683,6
88,88,375344.7715,0.95,1.0,1,50,0.95,61.2336641651,422747.6172713,6
89,89,-43505.4613,0.9,0.98,1,30,0.98,58.8531090915,422760.077336,4
90,90,371343.7844,0.98,1.0,1,50,0.9,62.352259446,422725.1366912,4
91,91,364391.3879,0.98,1.0,1,50,0.98,62.352259446,422760.077336,4
92,92,603534.4032,0.9,0.95,1,60,0.95,58.0787646834,422746.3319171,2
93,93,594467.6263,0.95,0.95,1,60,0.9,59.9430901517,422725.1366912,4
94,94,-40268.3474,0.9,0.98,1,30,0.95,58.8531090915,422746.3319171,2
95,95,614340.527,0.9,0.9,1,60,0.9,56.78819067,422726.4220454,8
96,96,392608.9056,0.9,1.0,1,50,0.9,59.3693386969,422725.7793683,6
97,97,184796.966,0.9,0.98,1,40,0.9,58.8531090915,422726.4220454,8
98,98,578164.3801,0.98,0.98,1,60,0.95,61.8360298407,422746.9745942,4
99,99,399211.758,0.9,0.95,1,50,0.9,58.0787646834,422726.4220454,8
100,100,190910.1449,0.9,0.9,1,40,0.95,56.78819067,422746.3319171,2
101,101,372322.1174,1.0,0.9,1,50,0.98,60.5168416064,422760.720013,6
102,102,375454.918,0.95,1.0,1,50,0.95,61.2336641651,422746.3319171,2
103,103,572858.0859,0.98,1.0,1,60,0.98,62.352259446,422760.720013,6
104,104,594068.1338,0.9,1.0,1,60,0.98,59.3693386969,422762.0053672,10
105,105,-63791.4036,0.98,0.98,1,30,0.95,61.8360298407,422746.3319171,2
106,106,-53868.5864,0.98,0.95,1,30,0.9,61.0616854326,422725.1366912,4
107,107,-35240.3126,0.9,0.98,1,30,0.9,58.8531090915,422726.4220454,8
108,108,405924.7569,0.9,0.9,1,50,0.9,56.78819067,422725.7793683,6
109,109,161497.0629,1.0,0.95,1,40,0.9,61.8074156199,422726.4220454,8
110,110,596646.9143,0.95,0.9,1,60,0.95,58.6525161382,422748.9026254,10
111,111,368875.1712,0.98,0.95,1,50,1.0,61.0616854326,422770.7405284,10
112,112,-70025.0266,1.0,0.98,1,30,0.95,62.581760028,422748.9026254,10
113,113,168448.4499,1.0,0.9,1,40,0.9,60.5168416064,422725.7793683,6
114,114,585840.7906,0.95,0.95,1,60,1.0,59.9430901517,422768.8124971,4
115,115,605658.618,0.9,0.9,1,60,1.0,56.78819067,422770.7405284,10
116,116,149209.4983,1.0,0.98,1,40,0.98,62.581760028,422761.3626901,8
117,117,372331.3875,0.95,1.0,1,50,0.98,61.2336641651,422760.720013,6
118,118,-48684.6681,0.9,1.0,1,30,1.0,59.3693386969,422768.8124971,4
119,119,-58638.3038,0.98,0.98,1,30,0.9,61.8360298407,422727.0647225,10
120,120,583376.8661,1.0,0.9,1,60,0.95,60.5168416064,422748.2599484,8
121,121,593075.4058,0.98,0.9,1,60,0.9,59.7711114191,422725.7793683,6
122,122,594058.8636,0.95,0.9,1,60,0.98,58.6525161382,422762.0053672,10
123,123,-61058.5192,1.0,0.9,1,30,0.98,60.5168416064,422760.720013,6
124,124,151366.737,1.0,0.95,1,40,1.0,61.8074156199,422769.4551742,6
125,125,363655.2691,1.0,0.95,1,50,1.0,61.8074156199,422769.4551742,6
126,126,614450.6735,0.9,0.9,1,60,0.9,56.78819067,422725.1366912,4
127,127,362437.5385,0.98,1.0,1,50,1.0,62.352259446,422768.1698201,2
128,128,163353.0692,0.95,1.0,1,40,0.95,61.2336641651,422746.9745942,4
129,129,384714.709,0.98,0.9,1,50,0.9,59.7711114191,422724.4940141,2
130,130,168510.8084,1.0,0.9,1,40,0.9,60.5168416064,422725.1366912,4
131,131,386200.6102,0.9,0.98,1,50,1.0,58.8531090915,422770.7405284,10
132,132,180713.8772,0.9,0.95,1,40,0.98,58.0787646834,422762.0053672,10
133,133,-46531.1616,0.98,0.9,1,30,0.9,59.7711114191,422725.7793683,6
134,134,-75492.8307,1.0,0.98,1,30,1.0,62.581760028,422770.7405284,10
135,135,581197.578,1.0,0.95,1,60,0.9,61.8074156199,422724.4940141,2
136,136,365774.3382,1.0,0.95,1,50,0.98,61.8074156199,422759.4346589,2
137,137,-58351.06,0.95,0.98,1,30,0.98,60.7174345597,422760.720013,6
138,138,-67386.7903,0.98,0.98,1,30,0.98,61.8360298407,422762.0053672,10
139,139,160232.9055,0.95,1.0,1,40,0.98,61.2336641651,422760.720013,6
140,140,-43584.1374,0.9,0.98,1,30,0.98,58.8531090915,422760.720013,6
141,141,379393.9306,0.95,1.0,1,50,0.9,61.2336641651,422724.4940141,2
142,142,366999.4849,0.98,0.98,1,50,0.98,61.8360298407,422760.720013,6
143,143,-60380.8295,0.95,0.98,1,30,1.0,60.7174345597,422768.1698201,2
144,144,370067.9421,0.98,0.98,1,50,0.95,61.8360298407,422746.9745942,4
145,145,161074.6969,0.95,0.98,1,40,1.0,60.7174345597,422768.1698201,2
146,146,362019.65,1.0,1.0,1,50,0.95,63.0979896333,422747.6172713,6
147,147,377952.8685,0.95,0.98,1,50,0.95,60.7174345597,422748.2599484,8
148,148,365774.3382,1.0,0.95,1,50,0.98,61.8074156199,422759.4346589,2
149,149,-56004.4925,0.95,0.95,1,30,1.0,59.9430901517,422769.4551742,6
150,150,405979.8302,0.9,0.9,1,50,0.9,56.78819067,422725.1366912,4
151,151,160094.6984,0.98,1.0,1,40,0.9,62.352259446,422726.4220454,8
152,152,385886.6365,0.95,0.95,1,50,0.9,59.9430901517,422726.4220454,8
153,153,182040.3931,0.95,0.9,1,40,0.9,58.6525161382,422727.0647225,10
154,154,601024.6756,0.9,1.0,1,60,0.9,59.3693386969,422726.4220454,8
155,155,599429.5013,0.9,0.98,1,60,0.95,58.8531090915,422747.6172713,6
156,156,386365.8299,0.9,0.98,1,50,1.0,58.8531090915,422768.8124971,4
157,157,-64804.1946,0.98,0.95,1,30,1.0,61.0616854326,422768.8124971,4
158,158,-45281.2624,0.95,0.95,1,30,0.9,59.9430901517,422726.4220454,8
159,159,163353.0692,0.95,1.0,1,40,0.95,61.2336641651,422746.9745942,4
160,160,161684.1383,1.0,0.95,1,40,0.9,61.8074156199,422724.4940141,2
161,161,185564.3688,0.9,0.9,1,40,1.0,56.78819067,422770.7405284,10
162,162,573685.7425,0.98,0.98,1,60,1.0,61.8360298407,422770.7405284,10
163,163,361779.5828,1.0,0.98,1,50,0.98,62.581760028,422759.4346589,2
164,164,-50536.6884,0.95,0.95,1,30,0.95,59.9430901517,422747.6172713,6
165,165,-62695.749,0.98,0.95,1,30,0.98,61.0616854326,422760.720013,6
166,166,154820.8793,0.98,0.98,1,40,0.98,61.8360298407,422760.077336,4
167,167,603314.1102,0.9,0.95,1,60,0.95,58.0787646834,422748.9026254,10
168,168,396853.2912,0.9,0.9,1,50,1.0,56.78819067,422770.7405284,10
169,169,392663.9788,0.9,1.0,1,50,0.9,59.3693386969,422725.1366912,4
170,170,592965.2593,0.98,0.9,1,60,0.9,59.7711114191,422727.0647225,10
171,171,166997.2171,0.95,0.95,1,40,0.98,59.9430901517,422762.0053672,10
172,172,-45583.5326,0.9,0.98,1,30,1.0,58.8531090915,422768.1698201,2
173,173,392709.782,0.95,0.9,1,50,0.9,58.6525161382,422724.4940141,2
174,174,392709.782,0.95,0.9,1,50,0.9,58.6525161382,422724.4940141,2
175,175,385702.3122,0.95,0.9,1,50,0.98,58.6525161382,422760.077336,4
176,176,-68693.3439,1.0,0.95,1,30,0.98,61.8074156199,422761.3626901,8
177,177,401875.5979,0.9,0.9,1,50,0.95,56.78819067,422748.9026254,10
178,178,392314.4347,0.9,0.95,1,50,0.98,58.0787646834,422760.720013,6
179,179,-75178.1264,1.0,0.98,1,30,1.0,62.581760028,422768.1698201,2
180,180,372211.9709,1.0,0.9,1,50,0.98,60.5168416064,422762.0053672,10
181,181,381891.8811,0.95,0.98,1,50,0.9,60.7174345597,422726.4220454,8
182,182,-50694.0406,0.95,0.95,1,30,0.95,59.9430901517,422748.9026254,10
183,183,572515.6691,1.0,0.95,1,60,1.0,61.8074156199,422768.8124971,4
184,184,392608.9056,0.9,1.0,1,50,0.9,59.3693386969,422725.7793683,6
185,185,595061.0102,0.9,0.98,1,60,1.0,58.8531090915,422770.0978513,8
186,186,590099.1352,0.95,0.95,1,60,0.95,59.9430901517,422747.6172713,6
187,187,392553.8323,0.9,1.0,1,50,0.9,59.3693386969,422726.4220454,8
188,188,-57484.0743,0.98,0.9,1,30,1.0,59.7711114191,422770.7405284,10
189,189,-67579.682,1.0,1.0,1,30,0.9,63.0979896333,422727.0647225,10
190,190,146516.2454,1.0,1.0,1,40,0.98,63.0979896333,422760.720013,6
191,191,-73227.033,1.0,0.98,1,30,0.98,62.581760028,422761.3626901,8
192,192,-62774.4251,0.98,0.95,1,30,0.98,61.0616854326,422761.3626901,8
193,193,579759.5544,0.98,1.0,1,60,0.9,62.352259446,422725.7793683,6
194,194,-37865.0947,0.95,0.9,1,30,0.9,58.6525161382,422725.7793683,6
195,195,171205.0228,0.95,0.98,1,40,0.9,60.7174345597,422725.1366912,4
196,196,599429.5013,0.9,0.98,1,60,0.95,58.8531090915,422747.6172713,6
197,197,-38022.4469,0.95,0.9,1,30,0.9,58.6525161382,422727.0647225,10
198,198,-35004.2844,0.9,0.98,1,30,0.9,58.8531090915,422724.4940141,2
199,199,366999.4849,0.98,0.98,1,50,0.98,61.8360298407,422760.720013,6
200,200,156853.4011,0.98,0.95,1,40,1.0,61.0616854326,422769.4551742,6
201,201,379384.6604,1.0,0.9,1,50,0.9,60.5168416064,422724.4940141,2
202,202,161012.3385,0.95,0.98,1,40,1.0,60.7174345597,422768.8124971,4
203,203,379283.7841,0.95,1.0,1,50,0.9,61.2336641651,422725.7793683,6
204,204,185564.3688,0.9,0.9,1,40,1.0,56.78819067,422770.7405284,10
205,205,174059.8309,0.98,0.9,1,40,0.9,59.7711114191,422724.4940141,2
206,206,373841.7349,0.98,0.98,1,50,0.9,61.8360298407,422727.0647225,10
207,207,173887.2071,0.9,1.0,1,40,0.98,59.3693386969,422761.3626901,8
208,208,570116.088,1.0,1.0,1,60,0.95,63.0979896333,422747.6172713,6
209,209,171910.0672,0.95,0.9,1,40,1.0,58.6525161382,422770.0978513,8
210,210,395327.1491,0.9,0.98,1,50,0.9,58.8531090915,422725.1366912,4
211,211,177131.1263,0.95,0.9,1,40,0.95,58.6525161382,422746.9745942,4
212,212,-54982.2483,0.98,0.9,1,30,0.98,59.7711114191,422759.4346589,2
213,213,581735.8887,0.95,0.98,1,60,1.0,60.7174345597,422770.0978513,8
214,214,583551.356,0.95,1.0,1,60,0.95,61.2336641651,422746.3319171,2
215,215,391222.9168,0.9,0.98,1,50,0.95,58.8531090915,422748.9026254,10
216,216,364682.8203,1.0,0.98,1,50,0.95,62.581760028,422747.6172713,6
217,217,-76249.4924,1.0,1.0,1,30,0.98,63.0979896333,422761.3626901,8
218,218,396908.3645,0.9,0.9,1,50,1.0,56.78819067,422770.0978513,8
219,219,-36023.2046,0.9,0.95,1,30,0.95,58.0787646834,422747.6172713,6
220,220,359006.266,1.0,1.0,1,50,0.98,63.0979896333,422760.720013,6
221,221,392424.5812,0.9,0.95,1,50,0.98,58.0787646834,422759.4346589,2
222,222,167108.4439,0.98,0.95,1,40,0.9,61.0616854326,422725.1366912,4
223,223,155185.4316,0.98,1.0,1,40,0.95,62.352259446,422746.3319171,2
224,224,573685.7425,0.98,0.98,1,60,1.0,61.8360298407,422770.7405284,10
225,225,178675.3403,0.9,0.95,1,40,1.0,58.0787646834,422770.7405284,10
226,226,-46444.9477,0.95,0.9,1,30,0.98,58.6525161382,422762.0053672,10
227,227,362129.7965,1.0,1.0,1,50,0.95,63.0979896333,422746.3319171,2
228,228,370012.8689,0.98,0.98,1,50,0.95,61.8360298407,422747.6172713,6
229,229,372331.3875,0.95,1.0,1,50,0.98,61.2336641651,422760.720013,6
230,230,-45898.237,0.9,0.98,1,30,1.0,58.8531090915,422770.7405284,10
231,231,188868.0246,0.9,0.95,1,40,0.9,58.0787646834,422727.0647225,10
232,232,-31686.7986,0.9,0.9,1,30,0.98,56.78819067,422759.4346589,2
233,233,378118.0883,0.95,0.98,1,50,0.95,60.7174345597,422746.3319171,2
234,234,372377.1906,1.0,0.9,1,50,0.98,60.5168416064,422760.077336,4
235,235,170117.3808,0.95,0.95,1,40,0.95,59.9430901517,422748.2599484,8
236,236,151491.454,1.0,0.95,1,40,1.0,61.8074156199,422768.1698201,2
237,237,179638.2653,0.9,0.98,1,40,0.95,58.8531090915,422748.9026254,10
238,238,610082.1824,0.9,0.9,1,60,0.95,56.78819067,422747.6172713,6
239,239,567472.964,1.0,1.0,1,60,0.98,63.0979896333,422761.3626901,8
240,240,-53974.7231,0.95,0.95,1,30,0.98,59.9430901517,422762.0053672,10
241,241,161887.3848,0.98,0.95,1,40,0.95,61.0616854326,422748.2599484,8
242,242,586063.7907,0.98,0.9,1,60,0.98,59.7711114191,422762.0053672,10
243,243,-48763.3442,0.9,1.0,1,30,1.0,59.3693386969,422769.4551742,6
244,244,184859.3244,0.9,0.98,1,40,0.9,58.8531090915,422725.7793683,6
245,245,150089.0895,0.98,1.0,1,40,1.0,62.352259446,422768.1698201,2
246,246,587690.2839,1.0,0.9,1,60,0.9,60.5168416064,422726.4220454,8
247,247,596711.2577,0.9,1.0,1,60,0.95,59.3693386969,422748.2599484,8
248,248,373841.7349,0.98,0.98,1,50,0.9,61.8360298407,422727.0647225,10
249,249,587511.0845,0.95,0.95,1,60,0.98,59.9430901517,422760.720013,6
250,250,375049.6311,0.95,0.98,1,50,0.98,60.7174345597,422760.077336,4
251,251,152329.6621,1.0,0.98,1,40,0.95,62.581760028,422747.6172713,6
252,252,365848.5161,1.0,1.0,1,50,0.9,63.0979896333,422727.0647225,10
253,253,583441.2095,0.95,1.0,1,60,0.95,61.2336641651,422747.6172713,6
254,254,-57935.1889,1.0,0.9,1,30,0.95,60.5168416064,422748.9026254,10
255,255,568355.6939,1.0,0.98,1,60,1.0,62.581760028,422770.7405284,10
256,256,-58272.384,0.95,0.98,1,30,0.98,60.7174345597,422760.077336,4
257,257,577900.7909,0.98,0.95,1,60,1.0,61.0616854326,422768.1698201,2
258,258,176642.8185,0.9,0.98,1,40,0.98,58.8531090915,422761.3626901,8
259,259,607682.6013,0.9,0.95,1,60,0.9,58.0787646834,422726.4220454,8
260,260,163050.8753,0.95,0.98,1,40,0.98,60.7174345597,422760.077336,4
261,261,-38096.6332,0.9,1.0,1,30,0.9,59.3693386969,422725.7793683,6
262,262,-36023.2046,0.9,0.95,1,30,0.95,58.0787646834,422747.6172713,6
263,263,580898.9619,1.0,0.9,1,60,0.98,60.5168416064,422760.077336,4
264,264,-41287.2676,0.9,0.95,1,30,1.0,58.0787646834,422769.4551742,6
265,265,372726.7348,1.0,0.95,1,50,0.9,61.8074156199,422724.4940141,2
266,266,380665.55,0.98,0.9,1,50,0.95,59.7711114191,422747.6172713,6
267,267,174011.924,0.9,1.0,1,40,0.98,59.3693386969,422760.077336,4
268,268,577092.6761,1.0,0.98,1,60,0.9,62.581760028,422725.7793683,6
269,269,368732.6489,1.0,0.95,1,50,0.95,61.8074156199,422746.9745942,4
270,270,588761.988,0.98,0.9,1,60,0.95,59.7711114191,422747.6172713,6
271,271,392608.9056,0.9,1.0,1,50,0.9,59.3693386969,422725.7793683,6
272,272,392608.9056,0.9,1.0,1,50,0.9,59.3693386969,422725.7793683,6
273,273,594467.6263,0.95,0.95,1,60,0.9,59.9430901517,422725.1366912,4
274,274,-55218.2765,0.98,0.9,1,30,0.98,59.7711114191,422761.3626901,8
275,275,586173.9372,0.98,0.9,1,60,0.98,59.7711114191,422760.720013,6
276,276,395382.2224,0.9,0.98,1,50,0.9,58.8531090915,422724.4940141,2
277,277,582214.2088,0.98,0.95,1,60,0.95,61.0616854326,422746.3319171,2
278,278,-40268.3474,0.9,0.98,1,30,0.95,58.8531090915,422746.3319171,2
279,279,576829.0869,1.0,0.95,1,60,0.95,61.8074156199,422746.9745942,4
280,280,-63717.9933,0.95,1.0,1,30,1.0,61.2336641651,422770.7405284,10
281,281,368511.6863,1.0,0.98,1,50,0.9,62.581760028,422727.0647225,10
282,282,587855.5037,1.0,0.9,1,60,0.9,60.5168416064,422724.4940141,2
283,283,586159.453,0.95,0.98,1,60,0.95,60.7174345597,422746.9745942,4
284,284,187852.3396,0.9,0.9,1,40,0.98,56.78819067,422759.4346589,2
285,285,-57484.0743,0.98,0.9,1,30,1.0,59.7711114191,422770.7405284,10
286,286,377897.7953,0.95,0.98,1,50,0.95,60.7174345597,422748.9026254,10
287,287,-61660.7632,0.98,1.0,1,30,0.9,62.352259446,422727.0647225,10
288,288,596731.3041,0.9,0.98,1,60,0.98,58.8531090915,422762.0053672,10
289,289,158767.221,0.98,0.95,1,40,0.98,61.0616854326,422762.0053672,10
290,290,-75178.1264,1.0,0.98,1,30,1.0,62.581760028,422768.1698201,2
291,291,584503.6434,0.98,0.9,1,60,1.0,59.7711114191,422768.8124971,4
292,292,370322.4649,0.95,1.0,1,50,1.0,61.2336641651,422769.4551742,6
293,293,384714.709,0.98,0.9,1,50,0.9,59.7711114191,422724.4940141,2
294,294,610082.1824,0.9,0.9,1,60,0.95,56.78819067,422747.6172713,6
295,295,157488.3627,1.0,0.98,1,40,0.9,62.581760028,422725.1366912,4
296,296,374007.6243,0.98,0.95,1,50,0.95,61.0616854326,422747.6172713,6
297,297,160170.547,0.95,1.0,1,40,0.98,61.2336641651,422761.3626901,8
298,298,190847.7864,0.9,0.9,1,40,0.95,56.78819067,422746.9745942,4
299,299,167046.0854,0.98,0.95,1,40,0.9,61.0616854326,422725.7793683,6
300,300,580908.232,0.95,1.0,1,60,0.98,61.2336641651,422760.077336,4
301,301,-32001.5029,0.9,0.9,1,30,0.98,56.78819067,422762.0053672,10
302,302,-68535.9917,1.0,0.95,1,30,0.98,61.8074156199,422760.077336,4
303,303,168963.4887,0.98,0.9,1,40,0.95,59.7711114191,422746.3319171,2
304,304,157691.6092,0.98,0.98,1,40,0.95,61.8360298407,422748.9026254,10
305,305,147170.9614,1.0,0.98,1,40,1.0,62.581760028,422770.0978513,8
306,306,154935.9978,0.98,1.0,1,40,0.95,62.352259446,422748.9026254,10
307,307,179887.6992,0.9,0.98,1,40,0.95,58.8531090915,422746.3319171,2
308,308,587745.3572,1.0,0.9,1,60,0.9,60.5168416064,422725.7793683,6
309,309,158954.2964,0.98,0.95,1,40,0.98,61.0616854326,422760.077336,4
310,310,-70644.4373,1.0,0.95,1,30,1.0,61.8074156199,422768.1698201,2
311,311,599220.9853,0.9,0.95,1,60,1.0,58.0787646834,422768.1698201,2
312,312,385601.4358,0.9,1.0,1,50,0.98,59.3693386969,422761.3626901,8
313,313,392369.508,0.9,0.95,1,50,0.98,58.0787646834,422760.077336,4
314,314,-60979.8431,1.0,0.9,1,30,0.98,60.5168416064,422760.077336,4
315,315,361559.2898,1.0,0.98,1,50,0.98,62.581760028,422762.0053672,10
316,316,587456.0112,0.95,0.95,1,60,0.98,59.9430901517,422761.3626901,8
317,317,384659.6358,0.98,0.9,1,50,0.9,59.7711114191,422725.1366912,4
318,318,580743.0123,0.95,1.0,1,60,0.98,61.2336641651,422762.0053672,10
319,319,581993.9158,0.98,0.95,1,60,0.95,61.0616854326,422748.9026254,10
320,320,-38017.9571,0.9,1.0,1,30,0.9,59.3693386969,422725.1366912,4
321,321,586527.6266,0.98,0.95,1,60,0.9,61.0616854326,422724.4940141,2
322,322,384659.6358,0.98,0.9,1,50,0.9,59.7711114191,422725.1366912,4
323,323,375335.5014,1.0,0.9,1,50,0.95,60.5168416064,422747.6172713,6
324,324,152002.9094,0.98,1.0,1,40,0.98,62.352259446,422760.720013,6
325,325,405814.6104,0.9,0.9,1,50,0.9,56.78819067,422727.0647225,10
326,326,367054.5582,0.98,0.98,1,50,0.98,61.8360298407,422760.077336,4
327,327,189117.4585,0.9,0.95,1,40,0.9,58.0787646834,422724.4940141,2
328,328,-70801.7894,1.0,0.95,1,30,1.0,61.8074156199,422769.4551742,6
329,329,375289.6983,0.95,1.0,1,50,0.95,61.2336641651,422748.2599484,8
330,330,158380.4825,1.0,0.9,1,40,1.0,60.5168416064,422768.1698201,2
331,331,603314.1102,0.9,0.95,1,60,0.95,58.0787646834,422748.9026254,10
332,332,575556.2831,0.98,1.0,1,60,0.95,62.352259446,422746.3319171,2
333,333,151491.454,1.0,0.95,1,40,1.0,61.8074156199,422768.1698201,2
334,334,580963.3053,0.95,1.0,1,60,0.98,61.2336641651,422759.4346589,2
335,335,380555.4035,0.98,0.9,1,50,0.95,59.7711114191,422748.9026254,10
336,336,380555.4035,0.98,0.9,1,50,0.95,59.7711114191,422748.9026254,10
337,337,-40347.0235,0.9,0.98,1,30,0.95,58.8531090915,422746.9745942,4
338,338,595226.2299,0.9,0.98,1,60,1.0,58.8531090915,422768.1698201,2
339,339,-68614.6678,1.0,0.95,1,30,0.98,61.8074156199,422760.720013,6
340,340,161825.0263,0.98,0.95,1,40,0.95,61.0616854326,422748.9026254,10
341,341,594522.6995,0.95,0.95,1,60,0.9,59.9430901517,422724.4940141,2
342,342,-75335.4786,1.0,0.98,1,30,1.0,62.581760028,422769.4551742,6
343,343,603534.4032,0.9,0.95,1,60,0.95,58.0787646834,422746.3319171,2
344,344,364281.2414,0.98,1.0,1,50,0.98,62.352259446,422761.3626901,8
345,345,149209.4983,1.0,0.98,1,40,0.98,62.581760028,422761.3626901,8
346,346,579869.7009,0.98,1.0,1,60,0.9,62.352259446,422724.4940141,2
347,347,582159.1355,0.98,0.95,1,60,0.95,61.0616854326,422746.9745942,4
348,348,-65255.3093,1.0,0.95,1,30,0.95,61.8074156199,422746.9745942,4
349,349,-72968.81,1.0,1.0,1,30,0.95,63.0979896333,422748.2599484,8
350,350,-49447.7291,0.95,0.98,1,30,0.9,60.7174345597,422724.4940141,2
351,351,378056.7834,0.98,0.95,1,50,0.9,61.0616854326,422724.4940141,2
352,352,161559.4214,1.0,0.95,1,40,0.9,61.8074156199,422725.7793683,6
353,353,162863.7999,0.95,0.98,1,40,0.98,60.7174345597,422762.0053672,10
354,354,-35240.3126,0.9,0.98,1,30,0.9,58.8531090915,422726.4220454,8
355,355,364391.3879,0.98,1.0,1,50,0.98,62.352259446,422760.077336,4
356,356,385757.3854,0.95,0.9,1,50,0.98,58.6525161382,422759.4346589,2
357,357,171142.6643,0.95,0.98,1,40,0.9,60.7174345597,422725.7793683,6
358,358,368566.7596,1.0,0.98,1,50,0.9,62.581760028,422726.4220454,8
359,359,-54913.0254,0.95,0.98,1,30,0.95,60.7174345597,422746.3319171,2
360,360,599110.8388,0.9,0.95,1,60,1.0,58.0787646834,422769.4551742,6
361,361,392663.9788,0.9,1.0,1,50,0.9,59.3693386969,422725.1366912,4
362,362,379228.7108,0.95,1.0,1,50,0.9,61.2336641651,422726.4220454,8
363,363,-43741.4895,0.9,0.98,1,30,0.98,58.8531090915,422762.0053672,10
364,364,384714.709,0.98,0.9,1,50,0.9,59.7711114191,422724.4940141,2
365,365,163290.7108,0.95,1.0,1,40,0.95,61.2336641651,422747.6172713,6
366,366,158131.0486,1.0,0.9,1,40,1.0,60.5168416064,422770.7405284,10
367,367,579869.7009,0.98,1.0,1,60,0.9,62.352259446,422724.4940141,2
368,368,177069.7293,0.9,1.0,1,40,0.95,59.3693386969,422746.9745942,4
369,369,586214.5263,0.95,0.98,1,60,0.95,60.7174345597,422746.3319171,2
370,370,182228.43,0.9,1.0,1,40,0.9,59.3693386969,422724.4940141,2
371,371,383583.243,0.95,0.9,1,50,1.0,58.6525161382,422770.0978513,8
372,372,195819.4116,0.9,0.9,1,40,0.9,56.78819067,422726.4220454,8
373,373,586173.9372,0.98,0.9,1,60,0.98,59.7711114191,422760.720013,6
374,374,362019.65,1.0,1.0,1,50,0.95,63.0979896333,422747.6172713,6
375,375,379099.4597,0.95,0.95,1,50,0.98,59.9430901517,422759.4346589,2
376,376,-65333.9853,1.0,0.95,1,30,0.95,61.8074156199,422747.6172713,6
377,377,368567.4292,1.0,0.95,1,50,0.95,61.8074156199,422748.9026254,10
378,378,-70330.5737,0.98,1.0,1,30,0.98,62.352259446,422761.3626901,8
379,379,592397.8399,0.9,1.0,1,60,1.0,59.3693386969,422770.0978513,8
380,380,579405.8651,0.98,0.95,1,60,0.98,61.0616854326,422762.0053672,10
381,381,180963.311,0.9,0.95,1,40,0.98,58.0787646834,422759.4346589,2
382,382,365609.1185,1.0,0.95,1,50,0.98,61.8074156199,422761.3626901,8
383,383,587864.7738,0.95,1.0,1,60,0.9,61.2336641651,422724.4940141,2
384,384,375445.6479,1.0,0.9,1,50,0.95,60.5168416064,422746.3319171,2
385,385,-52467.6808,0.95,1.0,1,30,0.9,61.2336641651,422724.4940141,2
386,386,573740.8158,0.98,0.98,1,60,1.0,61.8360298407,422770.0978513,8
387,387,362382.4652,0.98,1.0,1,50,1.0,62.352259446,422768.8124971,4
388,388,-63791.4036,0.98,0.98,1,30,0.95,61.8360298407,422746.3319171,2
389,389,-46733.5747,0.9,1.0,1,30,0.98,59.3693386969,422762.0053672,10
390,390,382112.8437,0.95,0.95,1,50,0.95,59.9430901517,422746.3319171,2
391,391,-72281.6671,0.98,1.0,1,30,1.0,62.352259446,422768.1698201,2
392,392,575391.0633,0.98,1.0,1,60,0.95,62.352259446,422748.2599484,8
393,393,163050.8753,0.95,0.98,1,40,0.98,60.7174345597,422760.077336,4
394,394,-48684.6681,0.9,1.0,1,30,1.0,59.3693386969,422768.8124971,4
395,395,395217.0026,0.9,0.98,1,50,0.9,58.8531090915,422726.4220454,8
396,396,370212.3184,0.95,1.0,1,50,1.0,61.2336641651,422770.7405284,10
397,397,-37943.7708,0.95,0.9,1,30,0.9,58.6525161382,422726.4220454,8
398,398,-46497.5465,0.9,1.0,1,30,0.98,59.3693386969,422760.077336,4
399,399,149271.8568,1.0,0.98,1,40,0.98,62.581760028,422760.720013,6
